time,open,high,low,close,tick_volume,spread,real_volume,pct_change,target
1987-08-05,1.0409,1.0417,1.0394,1.041,451,50,0,0.005020274184205364,1
1987-08-06,1.0381,1.0381,1.0381,1.0381,1,50,0,-0.002785782901056577,-1
1987-08-07,1.0364,1.0389,1.0349,1.0364,801,50,0,-0.0016376071669396142,-1
1987-08-10,1.0319,1.0326,1.0308,1.032,351,50,0,-0.004245465071401,-1
1987-08-11,1.0309,1.0318,1.0306,1.031,231,50,0,-0.0009689922480621282,-1
1987-08-12,1.0323,1.0333,1.0305,1.0322,551,50,0,0.0011639185257033002,1
1987-08-13,1.0356,1.0365,1.034,1.0357,491,50,0,0.0033908157333850664,1
1987-08-14,1.0391,1.0425,1.0329,1.0395,1881,50,0,0.0036690161243604358,1
1987-08-17,1.042,1.0423,1.0417,1.0423,91,50,0,0.002693602693602637,1
1987-08-18,1.0586,1.0602,1.0548,1.0584,1061,50,0,0.015446608462055034,1
1987-08-19,1.0617,1.0622,1.0598,1.0617,481,50,0,0.0031179138321997257,1
1987-08-20,1.0689,1.0699,1.066,1.069,771,50,0,0.006875765282094548,1
1987-08-21,1.0741,1.0756000000000001,1.0705,1.0742,1011,50,0,0.004864359214219016,1
1987-08-24,1.0759,1.0765,1.0743,1.076,431,50,0,0.0016756656116179158,1
1987-08-25,1.0732,1.0745,1.0726,1.0735,351,50,0,-0.0023234200743496025,-1
1987-08-26,1.071,1.0714,1.0706,1.071,161,50,0,-0.0023288309268746366,-1
1987-08-27,1.0774,1.0784,1.0757,1.0778,501,50,0,0.006349206349206549,1
1987-08-28,1.0791,1.0805,1.077,1.0792,691,50,0,0.0012989422898495029,1
1987-08-31,1.08,1.08,1.0798,1.08,41,50,0,0.000741289844329307,1
1987-09-01,1.0789,1.0793,1.0787,1.0792,91,50,0,-0.0007407407407408195,-1
1987-09-02,1.0852,1.0853,1.0845,1.0852,161,50,0,0.005559673832468581,1
1987-09-03,1.0892,1.0906,1.0872,1.0894,661,50,0,0.003870254330998968,1
1987-09-04,1.0887,1.089,1.0884,1.0885,101,50,0,-0.0008261428309159768,-1
1987-09-08,1.0909,1.091,1.0909,1.091,11,50,0,0.0022967386311436577,1
1987-09-09,1.088,1.0884,1.0873,1.0879,211,50,0,-0.002841429880843127,-1
1987-09-10,1.0828,1.0828,1.0826,1.0828,41,50,0,-0.004687930875999724,-1
1987-09-11,1.0855,1.0866,1.0833,1.0856,651,50,0,0.002585888437384387,1
1987-09-14,1.0752,1.0762,1.073,1.0751,631,50,0,-0.009672070744288885,-1
1987-09-15,1.0776,1.0784,1.0769,1.0775,291,50,0,0.002232350479025147,1
1987-09-16,1.0778,1.0792,1.077,1.0776,421,50,0,9.280742459405467e-05,1
1987-09-17,1.0762,1.0762,1.0762,1.0762,1,50,0,-0.0012991833704527611,-1
1987-09-18,1.0833,1.0833,1.0828,1.0832,91,50,0,0.006504367217989193,1
1987-09-21,1.079,1.0817,1.0777,1.0791,791,50,0,-0.00378508124076804,-1
1987-09-22,1.0751,1.0759,1.0745,1.0751,281,50,0,-0.003706792697618422,-1
1987-09-23,1.0725,1.0735999999999999,1.0698,1.0722,731,50,0,-0.0026974234954887377,-1
1987-09-24,1.0745,1.0759,1.0738,1.0742,391,50,0,0.0018653236336505508,1
1987-09-25,1.0739,1.0739,1.0737,1.0739,41,50,0,-0.0002792776019362453,-1
1987-09-28,1.0716,1.0716,1.0716,1.0716,1,50,0,-0.0021417264177296946,-1
1987-09-29,1.0627,1.0627,1.0617,1.0627,201,50,0,-0.008305337812616775,-1
1987-09-30,1.0618,1.0633,1.0615,1.0621,331,50,0,-0.0005645996047801694,-1
1987-10-01,1.06,1.0614,1.0591,1.0599,451,50,0,-0.0020713680444401916,-1
1987-10-02,1.0617,1.0625,1.0615,1.0621,161,50,0,0.0020756675158033477,1
1987-10-05,1.0613,1.0613,1.0611,1.0612,31,50,0,-0.0008473778363620177,-1
1987-10-06,1.0662,1.0668,1.0657,1.0659,191,50,0,0.004428948360347018,1
1987-10-07,1.0709,1.0709,1.0705,1.0709,81,50,0,0.0046908715639364384,1
1987-10-08,1.0731,1.0731,1.0729,1.0731,41,50,0,0.0020543468110933993,1
1987-10-09,1.0763,1.0781,1.0725,1.0761,1101,50,0,0.0027956388034666713,1
1987-10-12,1.0781,1.0781,1.0781,1.0781,1,50,0,0.0018585633305454596,1
1987-10-13,1.0735999999999999,1.0741,1.0732,1.0735999999999999,181,50,0,-0.0041740098321122465,-1
1987-10-14,1.0798,1.0805,1.0798,1.0799,131,50,0,0.005868107302533732,1
1987-10-15,1.086,1.0868,1.0858,1.0861,191,50,0,0.005741272340031411,1
1987-10-16,1.0858,1.0867,1.0855,1.0862,201,50,0,9.207255317189578e-05,1
1987-10-19,1.1012,1.1024,1.1002,1.1009,411,50,0,0.013533419259804669,1
1987-10-20,1.0835,1.087,1.0818,1.0833,1021,50,0,-0.015986919792896792,-1
1987-10-21,1.0804,1.0846,1.0785,1.0807,1191,50,0,-0.0024000738484259987,-1
1987-10-22,1.0778,1.0783,1.0775,1.0782,121,50,0,-0.002313315443693842,-1
1987-10-23,1.0942,1.0942,1.0942,1.0942,1,50,0,0.014839547393804553,1
1987-10-26,1.1024,1.1024,1.1021,1.1024,61,50,0,0.007494059586912849,1
1987-10-27,1.1073,1.1089,1.1037,1.1072,1031,50,0,0.004354136429608024,1
1987-10-28,1.1162,1.1174,1.1157,1.1163,331,50,0,0.008218930635838229,1
1987-10-29,1.1303,1.1313,1.1283,1.1304,591,50,0,0.012631013168503014,1
1987-10-30,1.1302,1.1318,1.1272,1.13,901,50,0,-0.0003538570417552789,-1
1987-11-02,1.1401,1.1421999999999999,1.1359,1.1403,1241,50,0,0.009115044247787862,1
1987-11-03,1.1434,1.1493,1.1406,1.1436,1721,50,0,0.0028939752696657273,1
1987-11-04,1.1444,1.147,1.1434,1.1444,721,50,0,0.0006995452955580461,1
1987-11-05,1.1663999999999999,1.1718,1.1551,1.1661,3311,50,0,0.01896190143306531,1
1987-11-06,1.1663999999999999,1.1678,1.1633,1.1666,881,50,0,0.00042877969299381924,1
1987-11-09,1.1755,1.1773,1.1727,1.1756,911,50,0,0.007714726555803075,1
1987-11-10,1.1781,1.1844000000000001,1.1745,1.1778,1951,50,0,0.001871384824770228,1
1987-11-11,1.1721,1.1721,1.1721,1.1721,1,50,0,-0.0048395313295975795,-1
1987-11-12,1.1561,1.1648,1.1514,1.1558,2651,50,0,-0.013906663253988594,-1
1987-11-13,1.1572,1.1588,1.154,1.1571,951,50,0,0.0011247620695622462,1
1987-11-16,1.145,1.1481,1.1391,1.145,1801,50,0,-0.01045717742632446,-1
1987-11-17,1.1549,1.1551,1.1545,1.1549,121,50,0,0.008646288209607,1
1987-11-18,1.157,1.1589,1.1524,1.1569,1291,50,0,0.0017317516668109434,1
1987-11-19,1.1646,1.1657,1.1637,1.1646,401,50,0,0.006655717866712818,1
1987-11-20,1.1673,1.1759,1.1629,1.1669,2561,50,0,0.0019749270135669406,1
1987-11-23,1.1724,1.1728,1.1724,1.1726,61,50,0,0.00488473733824657,1
1987-11-24,1.1602000000000001,1.1618,1.1595,1.1599,431,50,0,-0.010830632781852478,-1
1987-11-25,1.1716,1.1722,1.1701,1.1713,391,50,0,0.009828433485645327,1
1987-11-27,1.1868,1.1971,1.1822,1.1872,2941,50,0,0.013574660633484115,1
1987-11-30,1.1925,1.1935,1.1923,1.1929,201,50,0,0.004801212938005506,1
1987-12-01,1.1852,1.1865,1.1834,1.1852,621,50,0,-0.006454857909296674,-1
1987-12-02,1.1831,1.1839,1.1828,1.1831,221,50,0,-0.0017718528518393395,-1
1987-12-03,1.178,1.1783,1.1768,1.1781,291,50,0,-0.004226185445017405,-1
1987-12-04,1.1754,1.1822,1.1716,1.1754,2121,50,0,-0.0022918258212375475,-1
1987-12-07,1.1703000000000001,1.1709,1.17,1.1703999999999999,171,50,0,-0.00425387102263064,-1
1987-12-08,1.1724999999999999,1.1731,1.1717,1.1724999999999999,281,50,0,0.0017942583732057926,1
1987-12-09,1.1763,1.1779,1.175,1.1762,571,50,0,0.0031556503198295616,1
1987-12-10,1.1942,1.1951,1.192,1.1938,581,50,0,0.01496344159156604,1
1987-12-11,1.1985999999999999,1.1985999999999999,1.1978,1.1984,141,50,0,0.0038532417490366733,1
1987-12-14,1.2006000000000001,1.2039,1.1989,1.2009,971,50,0,0.0020861148197597323,1
1987-12-15,1.2002,1.2015,1.1997,1.2003,351,50,0,-0.0004996252810393065,-1
1987-12-16,1.1992,1.1993,1.1992,1.1993,11,50,0,-0.0008331250520702271,-1
1987-12-17,1.2048,1.2054,1.2036,1.2049,351,50,0,0.004669390477778812,1
1987-12-18,1.1987,1.2018,1.1968,1.1984,971,50,0,-0.005394638559216625,-1
1987-12-21,1.1969,1.198,1.1963,1.1971,321,50,0,-0.0010847797062749631,-1
1987-12-22,1.2005,1.2009,1.1999,1.2006000000000001,191,50,0,0.002923732353186992,1
1987-12-23,1.195,1.1953,1.1944,1.1948,161,50,0,-0.004830917874396157,-1
1987-12-24,1.1989,1.2004,1.1959,1.1991,881,50,0,0.0035989286909943186,1
1987-12-28,1.2167,1.2248999999999999,1.2005,1.217,4851,50,0,0.014927862563589356,1
1987-12-29,1.2264,1.2277,1.2254,1.2265,451,50,0,0.007806080525883274,1
1987-12-30,1.2263,1.227,1.2255,1.2264,291,50,0,-8.153281695877368e-05,-1
1987-12-31,1.2441,1.2453,1.2416,1.2442,731,50,0,0.014514024787997348,1
1988-01-04,1.2354,1.2368000000000001,1.2343,1.2354,501,50,0,-0.00707281787493963,-1
1988-01-05,1.2058,1.2133,1.2023,1.2057,2191,50,0,-0.024040796503156936,-1
1988-01-06,1.1867,1.1882,1.1858,1.1867,481,50,0,-0.01575848055071738,-1
1988-01-07,1.1925,1.1932,1.1905999999999999,1.1923,501,50,0,0.004718968568298454,1
1988-01-08,1.184,1.185,1.1816,1.1837,651,50,0,-0.007212949760966203,-1
1988-01-11,1.1945000000000001,1.1945000000000001,1.1945000000000001,1.1945000000000001,1,50,0,0.009123933429078468,1
1988-01-12,1.1956,1.1964,1.195,1.1956,281,50,0,0.0009208874005859347,1
1988-01-13,1.1976,1.1978,1.1972,1.1975,111,50,0,0.001589160254265698,1
1988-01-14,1.1945000000000001,1.1945000000000001,1.1945000000000001,1.1945000000000001,1,50,0,-0.0025052192066804535,-1
1988-01-15,1.1639,1.1647,1.1634,1.1642000000000001,231,50,0,-0.025366262034324016,-1
1988-01-18,1.1625,1.1625,1.1625,1.1625,1,50,0,-0.001460230200996393,-1
1988-01-19,1.1643,1.1673,1.1591,1.1644,1631,50,0,0.0016344086021504722,1
1988-01-20,1.176,1.1768,1.1739,1.176,581,50,0,0.009962212298179285,1
1988-01-21,1.1753,1.1753,1.1748,1.1752,91,50,0,-0.0006802721088434716,-1
1988-01-22,1.1678,1.1685,1.1675,1.1679,191,50,0,-0.006211708645337044,-1
1988-01-25,1.1663999999999999,1.168,1.1661,1.1667,351,50,0,-0.001027485229899705,-1
1988-01-26,1.1665,1.1666,1.166,1.1663999999999999,111,50,0,-0.0002571355104141748,-1
1988-01-27,1.1724999999999999,1.1764999999999999,1.1705,1.1724,1191,50,0,0.0051440329218108705,1
1988-01-28,1.1732,1.1733,1.173,1.1731,51,50,0,0.0005970658478333668,1
1988-01-29,1.1651,1.1651,1.1651,1.1651,1,50,0,-0.006819537976302081,-1
1988-02-01,1.1555,1.1559,1.1551,1.1557,141,50,0,-0.008067976997682691,-1
1988-02-02,1.1614,1.1627,1.1579,1.1612,941,50,0,0.004759020507052014,1
1988-02-03,1.1592,1.1604,1.1587,1.1592,341,50,0,-0.0017223561832586665,-1
1988-02-04,1.156,1.1571,1.154,1.1559,611,50,0,-0.0028467908902691796,-1
1988-02-05,1.1534,1.158,1.1514,1.1535,1311,50,0,-0.002076304178562083,-1
1988-02-08,1.1526,1.1537,1.1499,1.1525,751,50,0,-0.000866926744690022,-1
1988-02-09,1.15,1.1501000000000001,1.1496,1.1498,81,50,0,-0.0023427331887202474,-1
1988-02-10,1.157,1.1572,1.157,1.157,41,50,0,0.0062619586014960316,1
1988-02-11,1.1565,1.1574,1.1561,1.1567,241,50,0,-0.00025929127052715106,-1
1988-02-12,1.1407,1.1415,1.1397,1.1409,341,50,0,-0.013659548716175363,-1
1988-02-15,1.1445,1.1445,1.1445,1.1445,1,50,0,0.0031554036287142484,1
1988-02-16,1.1436,1.145,1.1414,1.1437,711,50,0,-0.0006989951944081918,-1
1988-02-17,1.145,1.1461999999999999,1.143,1.1452,621,50,0,0.0013115327446009406,1
1988-02-18,1.1448,1.1476,1.1432,1.145,861,50,0,-0.00017464198393291053,-1
1988-02-19,1.146,1.1475,1.1454,1.1459,411,50,0,0.0007860262008732022,1
1988-02-22,1.1519,1.1537,1.1494,1.1519,861,50,0,0.005236058992931225,1
1988-02-23,1.1561,1.1562999999999999,1.1561,1.1561,41,50,0,0.003646149839395818,1
1988-02-24,1.1541,1.1557,1.1538,1.1543,361,50,0,-0.0015569587405932506,-1
1988-02-25,1.1529,1.1538,1.1522999999999999,1.1531,281,50,0,-0.001039591094169734,-1
1988-02-26,1.1592,1.1592,1.1592,1.1592,1,50,0,0.005290087589974846,1
1988-02-29,1.1584,1.1585,1.1583,1.1584,41,50,0,-0.0006901311249136732,-1
1988-03-01,1.16,1.1602000000000001,1.1589,1.1597,231,50,0,0.0011222375690607134,1
1988-03-02,1.1548,1.1548,1.1542,1.1547,111,50,0,-0.004311459860308564,-1
1988-03-03,1.1531,1.1532,1.1526,1.1528,91,50,0,-0.0016454490343812411,-1
1988-03-04,1.1565,1.1577,1.155,1.1565,541,50,0,0.003209576682859261,1
1988-03-07,1.1649,1.1662,1.1619,1.1645,821,50,0,0.006917423259835687,1
1988-03-08,1.1711,1.1719,1.1698,1.1713,401,50,0,0.005839416058394109,1
1988-03-09,1.1723,1.1723,1.1715,1.1722,151,50,0,0.0007683770169895077,1
1988-03-10,1.1746,1.1746,1.1745,1.1746,21,50,0,0.0020474321788093164,1
1988-03-11,1.177,1.177,1.1767,1.177,61,50,0,0.0020432487655370757,1
1988-03-14,1.1774,1.1801,1.1757,1.1772,861,50,0,0.00016992353440947738,1
1988-03-15,1.1743999999999999,1.1755,1.1743000000000001,1.1746,221,50,0,-0.002208630648997567,-1
1988-03-16,1.1707,1.1727,1.1703000000000001,1.171,451,50,0,-0.0030648731483058356,-1
1988-03-17,1.1621,1.174,1.1562999999999999,1.1622,3531,50,0,-0.0075149444918873876,-1
1988-03-18,1.1533,1.1549,1.1528,1.1536,391,50,0,-0.0073997590776113675,-1
1988-03-21,1.1562000000000001,1.1562000000000001,1.1562000000000001,1.1562000000000001,1,50,0,0.002253814147018085,1
1988-03-22,1.1552,1.1558,1.1545,1.1553,251,50,0,-0.0007784120394396243,-1
1988-03-23,1.1556,1.1562000000000001,1.1547,1.1555,291,50,0,0.00017311520817098192,1
1988-03-24,1.1636,1.1644,1.1614,1.1633,571,50,0,0.006750324534833485,1
1988-03-25,1.1666,1.1667,1.1658,1.1663000000000001,151,50,0,0.0025788704547409225,1
1988-03-28,1.1766,1.1776,1.1748,1.1767,551,50,0,0.008917088227728742,1
1988-03-29,1.176,1.1761,1.1755,1.176,121,50,0,-0.0005948839976205322,-1
1988-03-30,1.175,1.1756,1.1743999999999999,1.1749,231,50,0,-0.0009353741496597179,-1
1988-03-31,1.1809,1.181,1.1798,1.1808,231,50,0,0.005021703974806391,1
1988-04-01,1.1807,1.1812,1.1804999999999999,1.181,111,50,0,0.00016937669376693165,1
1988-04-04,1.1818,1.1824,1.1808,1.182,301,50,0,0.0008467400508043177,1
1988-04-05,1.1727,1.1753,1.1713,1.1728,791,50,0,-0.007783417935702142,-1
1988-04-06,1.1693,1.1709,1.1685,1.1692,471,50,0,-0.0030695770804911593,-1
1988-04-07,1.1639,1.1641,1.1635,1.1638,111,50,0,-0.004618542593226249,-1
1988-04-08,1.1688,1.1694,1.1679,1.1688,301,50,0,0.00429627083691364,1
1988-04-11,1.1598,1.1602999999999999,1.1596,1.1599,131,50,0,-0.007614647501711258,-1
1988-04-12,1.1594,1.1605,1.1586,1.1593,371,50,0,-0.0005172859729286605,-1
1988-04-13,1.1561,1.158,1.1548,1.1557,601,50,0,-0.003105322177175962,-1
1988-04-14,1.1743999999999999,1.1761,1.1708,1.1741,1031,50,0,0.01592108678722859,1
1988-04-15,1.1775,1.1775,1.1775,1.1775,1,50,0,0.002895835107742162,1
1988-04-18,1.1793,1.18,1.1782,1.1795,341,50,0,0.001698513800424628,1
1988-04-19,1.1748,1.176,1.1726,1.1752,641,50,0,-0.0036456125476896917,-1
1988-04-20,1.1758,1.1772,1.1755,1.1758,341,50,0,0.0005105513955070418,1
1988-04-21,1.175,1.1753,1.1747,1.175,121,50,0,-0.0006803878210579484,-1
1988-04-22,1.1697,1.1706,1.1694,1.1699,221,50,0,-0.004340425531914938,-1
1988-04-25,1.1666,1.1678,1.1657,1.1663999999999999,401,50,0,-0.0029917086930507653,-1
1988-04-26,1.1682,1.17,1.1676,1.1681,471,50,0,0.0014574759945129578,1
1988-04-27,1.1663999999999999,1.1675,1.1642000000000001,1.1667,631,50,0,-0.0011985275233283854,-1
1988-04-28,1.1716,1.1721,1.1706,1.1714,281,50,0,0.0040284563298191856,1
1988-04-29,1.1693,1.172,1.1678,1.1693,841,50,0,-0.0017927266518695806,-1
1988-05-02,1.166,1.1678,1.1649,1.1663000000000001,551,50,0,-0.0025656375609337534,-1
1988-05-03,1.1662,1.1663999999999999,1.1659,1.1661,91,50,0,-0.00017148246591802696,-1
1988-05-04,1.1639,1.1641,1.163,1.1639,221,50,0,-0.0018866306491723828,-1
1988-05-05,1.1656,1.1673,1.1648,1.1655,491,50,0,0.0013746885471261905,1
1988-05-06,1.1634,1.164,1.1629,1.1637,191,50,0,-0.001544401544401608,-1
1988-05-09,1.1633,1.164,1.163,1.1633,201,50,0,-0.00034373120219988174,-1
1988-05-10,1.1652,1.1655,1.1648,1.1651,131,50,0,0.0015473222728445979,1
1988-05-11,1.1658,1.1658,1.1655,1.1658,61,50,0,0.0006008067976996934,1
1988-05-12,1.1643,1.1647,1.163,1.164,311,50,0,-0.0015440041173443442,-1
1988-05-13,1.1628,1.1641,1.1617,1.1628,481,50,0,-0.0010309278350514317,-1
1988-05-16,1.1584,1.1597,1.1581,1.1587,291,50,0,-0.0035259717922256906,-1
1988-05-17,1.1473,1.1474,1.1473,1.1473,21,50,0,-0.009838612237852873,-1
1988-05-18,1.1466,1.1466,1.1466,1.1466,1,50,0,-0.0006101281269065284,-1
1988-05-19,1.1505,1.151,1.1501000000000001,1.1504,171,50,0,0.003314146171289112,1
1988-05-20,1.1482999999999999,1.1485,1.1482999999999999,1.1484,31,50,0,-0.001738525730180851,-1
1988-05-23,1.1491,1.1496,1.1482999999999999,1.149,251,50,0,0.0005224660397074032,1
1988-05-24,1.1493,1.1509,1.1485,1.1493,481,50,0,0.00026109660574413773,1
1988-05-25,1.1471,1.1482999999999999,1.1463,1.147,391,50,0,-0.002001218132776428,-1
1988-05-26,1.1464,1.1485,1.145,1.1463,691,50,0,-0.0006102877070618407,-1
1988-05-27,1.1391,1.1412,1.138,1.1393,621,50,0,-0.006106603855884241,-1
1988-05-31,1.1319,1.1335,1.1309,1.1320999999999999,501,50,0,-0.0063196699727904315,-1
1988-06-01,1.1341,1.135,1.1334,1.134,311,50,0,0.0016782969702322514,1
1988-06-02,1.1332,1.1338,1.1314,1.1328,441,50,0,-0.0010582010582009804,-1
1988-06-03,1.1332,1.1343,1.1325,1.1332,361,50,0,0.0003531073446327859,1
1988-06-06,1.1383,1.139,1.1374,1.1387,281,50,0,0.0048535121779034185,1
1988-06-07,1.1405,1.1414,1.1402,1.1406,231,50,0,0.0016685694212699165,1
1988-06-08,1.1386,1.1396,1.1381999999999999,1.1384,261,50,0,-0.0019288093985621035,-1
1988-06-09,1.1367,1.137,1.1360999999999999,1.1367,181,50,0,-0.0014933239634574713,-1
1988-06-10,1.1377,1.1384,1.1373,1.1377,221,50,0,0.0008797395970792099,1
1988-06-13,1.1336,1.1336,1.1336,1.1336,1,50,0,-0.0036037619759162753,-1
1988-06-14,1.1208,1.1239,1.1194,1.1207,891,50,0,-0.011379675370500997,-1
1988-06-15,1.1157,1.1165,1.1154,1.1158,211,50,0,-0.004372267332917068,-1
1988-06-16,1.1166,1.1199,1.115,1.1164,961,50,0,0.0005377307761249561,1
1988-06-17,1.1155,1.1157,1.1148,1.1156,171,50,0,-0.0007165890361878757,-1
1988-06-20,1.1121,1.1143,1.1112,1.112,611,50,0,-0.0032269630692002282,-1
1988-06-21,1.1132,1.1134,1.1124,1.1129,171,50,0,0.0008093525179855288,1
1988-06-22,1.1009,1.103,1.0995,1.1006,671,50,0,-0.011052205948423044,-1
1988-06-23,1.0944,1.095,1.0937000000000001,1.0947,231,50,0,-0.005360712338724372,-1
1988-06-24,1.0811,1.0888,1.0776,1.0814,2211,50,0,-0.01214944733717005,-1
1988-06-27,1.075,1.0754,1.0734,1.0748,381,50,0,-0.006103199556130923,-1
1988-06-28,1.0825,1.0861,1.0813,1.0825,961,50,0,0.007164123557871216,1
1988-06-29,1.0704,1.0725,1.069,1.0702,681,50,0,-0.011362586605080827,-1
1988-06-30,1.0762,1.0762,1.0752,1.0762,201,50,0,0.005606428704914901,1
1988-07-01,1.0738,1.0743,1.0731,1.0741,211,50,0,-0.0019513101653967357,-1
1988-07-05,1.0724,1.0724,1.0724,1.0724,1,50,0,-0.0015827204170933973,-1
1988-07-06,1.0735999999999999,1.074,1.0735999999999999,1.0739,51,50,0,0.0013987318164865314,1
1988-07-07,1.0768,1.0776,1.0765,1.0768,221,50,0,0.0027004376571373445,1
1988-07-08,1.067,1.0723,1.0641,1.067,1641,50,0,-0.009101040118870807,-1
1988-07-11,1.0606,1.0627,1.0594,1.0604,641,50,0,-0.006185567010309256,-1
1988-07-12,1.0636,1.0641,1.0627,1.0637,271,50,0,0.003112033195020736,1
1988-07-13,1.06,1.0619,1.0588,1.06,621,50,0,-0.003478424367772903,-1
1988-07-14,1.0589,1.0594,1.0588,1.0591,101,50,0,-0.0008490566037736569,-1
1988-07-15,1.0458,1.0526,1.0424,1.0455,2011,50,0,-0.01284109149277668,-1
1988-07-18,1.0384,1.0395,1.0355,1.038,761,50,0,-0.00717360114777621,-1
1988-07-19,1.049,1.0491,1.0488,1.0491,51,50,0,0.010693641618497063,1
1988-07-20,1.0561,1.0566,1.0551,1.0562,291,50,0,0.0067677056524642065,1
1988-07-21,1.0648,1.0653,1.0641,1.0646,221,50,0,0.007953039197121647,1
1988-07-22,1.0705,1.0707,1.0694,1.0707,241,50,0,0.005729851587450652,1
1988-07-25,1.0613,1.0642,1.0597,1.0611,881,50,0,-0.008966096945923319,-1
1988-07-26,1.0519,1.0531,1.0511,1.0519,401,50,0,-0.008670247855998348,-1
1988-07-27,1.0563,1.0578,1.053,1.0562,951,50,0,0.004087841049529306,1
1988-07-28,1.0506,1.0545,1.0487,1.0504,1141,50,0,-0.005491384207536476,-1
1988-07-29,1.0439,1.0455,1.0431,1.0441,461,50,0,-0.005997715156131012,-1
1988-08-01,1.0425,1.0435,1.042,1.0426,291,50,0,-0.00143664399961696,-1
1988-08-02,1.0441,1.0484,1.0423,1.0443,1201,50,0,0.0016305390370228157,1
1988-08-03,1.0424,1.0426,1.0421,1.0426,81,50,0,-0.0016278847074595593,-1
1988-08-04,1.04,1.0402,1.04,1.0402,21,50,0,-0.0023019374640321777,-1
1988-08-05,1.0348,1.0387,1.033,1.0352,1101,50,0,-0.004806767929244504,-1
1988-08-08,1.0279,1.0279,1.0279,1.0279,1,50,0,-0.007051777434312068,-1
1988-08-09,1.0245,1.0318,1.0208,1.0243,2181,50,0,-0.003502286214612349,-1
1988-08-10,1.0209,1.0209,1.0209,1.0209,1,50,0,-0.0033193400370985504,-1
1988-08-11,1.03,1.0302,1.0295,1.0298,121,50,0,0.008717798021353751,1
1988-08-12,1.0395,1.0399,1.0388,1.0395,221,50,0,0.00941930471936292,1
1988-08-15,1.0391,1.0396,1.0383,1.0393,241,50,0,-0.0001924001924004104,-1
1988-08-16,1.0462,1.0486,1.0452,1.0461,671,50,0,0.0065428653901666856,1
1988-08-17,1.0252,1.031,1.0222,1.0255,1731,50,0,-0.01969219003919309,-1
1988-08-18,1.0319,1.0348,1.0302,1.0318,911,50,0,0.006143344709897525,1
1988-08-19,1.035,1.0373,1.0338,1.035,701,50,0,0.0031013762357043895,1
1988-08-22,1.0193,1.0197,1.0186,1.0192,211,50,0,-0.015265700483091615,-1
1988-08-23,1.0271,1.0292,1.0257,1.0271,701,50,0,0.007751177394034414,1
1988-08-24,1.0343,1.0345,1.0339,1.034,91,50,0,0.006717943725051301,1
1988-08-25,1.0489,1.0493,1.0477,1.0491,301,50,0,0.014603481624758219,1
1988-08-26,1.052,1.0532,1.0503,1.0523,551,50,0,0.0030502335335049757,1
1988-08-29,1.0469,1.0475,1.0468,1.0469,141,50,0,-0.005131616459184696,-1
1988-08-30,1.0466,1.047,1.0456,1.0468,261,50,0,-9.552010698254954e-05,-1
1988-08-31,1.0411,1.0413000000000001,1.041,1.0412,51,50,0,-0.00534963698891866,-1
1988-09-01,1.0427,1.0438,1.041,1.0429,541,50,0,0.0016327314636956913,1
1988-09-02,1.049,1.0518,1.0436,1.0493,1611,50,0,0.006136734106817476,1
1988-09-06,1.0605,1.0612,1.059,1.0604,431,50,0,0.01057848089202329,1
1988-09-07,1.0609,1.061,1.0608,1.061,31,50,0,0.0005658242172763561,1
1988-09-08,1.0578,1.0581,1.0573,1.0578,161,50,0,-0.003016022620169534,-1
1988-09-09,1.0584,1.0598,1.0579,1.0583,371,50,0,0.0004726791453959489,1
1988-09-12,1.0602,1.0608,1.0598,1.0602,201,50,0,0.0017953321364452268,1
1988-09-13,1.0578,1.0591,1.057,1.0578,421,50,0,-0.0022637238256931758,-1
1988-09-14,1.0451,1.0542,1.0407,1.0455,2661,50,0,-0.011627906976744207,-1
1988-09-15,1.0427,1.0429,1.0425,1.0429,61,50,0,-0.0024868483978959244,-1
1988-09-16,1.0423,1.0428,1.0423,1.0423,101,50,0,-0.0005753188225140482,-1
1988-09-19,1.0465,1.0465,1.046,1.0462,71,50,0,0.003741725031181087,1
1988-09-20,1.0484,1.0492,1.0471,1.0485,411,50,0,0.0021984324220989393,1
1988-09-21,1.0433,1.0434,1.0433,1.0434,11,50,0,-0.004864091559370398,-1
1988-09-22,1.0411,1.042,1.0406,1.041,271,50,0,-0.0023001725129386807,-1
1988-09-23,1.0423,1.0428,1.0412,1.0422,311,50,0,0.0011527377521614035,1
1988-09-26,1.0374,1.0382,1.0354,1.0375,551,50,0,-0.004509691038188324,-1
1988-09-27,1.0404,1.0407,1.0399,1.0407,131,50,0,0.0030843373493973925,1
1988-09-28,1.0409,1.0412,1.0407,1.0409,101,50,0,0.00019217834150087043,1
1988-09-29,1.0389,1.0396,1.0389,1.039,131,50,0,-0.0018253434527812917,-1
1988-09-30,1.0431,1.0442,1.0409,1.0431,661,50,0,0.00394610202117418,1
1988-10-03,1.0499,1.0507,1.0482,1.05,491,50,0,0.00661489790048897,1
1988-10-04,1.0513,1.0526,1.0507,1.0513,381,50,0,0.0012380952380950383,1
1988-10-05,1.0491,1.05,1.0479,1.0493999999999999,391,50,0,-0.0018072862170646076,-1
1988-10-06,1.0491,1.0505,1.0485,1.0493999999999999,371,50,0,0.0,-1
1988-10-07,1.0506,1.0516,1.0503,1.0508,241,50,0,0.0013340956737184495,1
1988-10-10,1.0543,1.0543,1.0543,1.0543,1,50,0,0.0033307955843167036,1
1988-10-11,1.0561,1.0567,1.056,1.0561,141,50,0,0.0017072939391065134,1
1988-10-12,1.0645,1.065,1.063,1.0643,381,50,0,0.007764416248461359,1
1988-10-13,1.0742,1.0745,1.0742,1.0743,51,50,0,0.00939584703561036,1
1988-10-14,1.0771,1.0785,1.0731,1.0768,1051,50,0,0.0023270967141393317,1
1988-10-17,1.08,1.0804,1.0796000000000001,1.0798,141,50,0,0.002786032689450435,1
1988-10-18,1.0825,1.0838,1.0795,1.0826,851,50,0,0.0025930727912575335,1
1988-10-19,1.0802,1.0805,1.08,1.0803,91,50,0,-0.0021245150563458104,-1
1988-10-20,1.0847,1.0851,1.0844,1.0848,131,50,0,0.004165509580672078,1
1988-10-21,1.0966,1.0983,1.0932,1.0969,991,50,0,0.01115412979351027,1
1988-10-24,1.0935,1.0935,1.0935,1.0935,1,50,0,-0.003099644452548178,-1
1988-10-25,1.0925,1.0937999999999999,1.0899,1.0927,761,50,0,-0.0007315957933241579,-1
1988-10-26,1.1015,1.1023,1.0998,1.1014,491,50,0,0.007961929166285353,1
1988-10-27,1.1024,1.1044,1.1015,1.1023,571,50,0,0.0008171418195026536,1
1988-10-28,1.0993,1.1004,1.0977,1.0994,531,50,0,-0.0026308627415405628,-1
1988-10-31,1.1001,1.1053,1.0977,1.0999,1501,50,0,0.0004547935237404488,1
1988-11-01,1.0945,1.0949,1.0937000000000001,1.0948,211,50,0,-0.004636785162287604,-1
1988-11-02,1.0989,1.0994,1.0979,1.099,291,50,0,0.0038363171355497716,1
1988-11-03,1.1035,1.1039,1.1033,1.1038000000000001,91,50,0,0.004367606915377742,1
1988-11-04,1.0915,1.0937999999999999,1.0899,1.0912,751,50,0,-0.011415111433230818,-1
1988-11-07,1.0959,1.0961,1.0943,1.0959,361,50,0,0.004307184750733217,1
1988-11-08,1.0958,1.1017,1.0929,1.0958,1761,50,0,-9.124920156944327e-05,-1
1988-11-09,1.1085,1.1107,1.1041,1.1083,1301,50,0,0.011407191093265157,1
1988-11-10,1.1123,1.1129,1.1113,1.1124,311,50,0,0.0036993593792293833,1
1988-11-11,1.1211,1.1211,1.1211,1.1211,1,50,0,0.007820927723840354,1
1988-11-14,1.1205,1.1209,1.1195,1.1201,241,50,0,-0.0008919810900007707,-1
1988-11-15,1.1208,1.121,1.1204,1.1205,91,50,0,0.00035711097223467547,1
1988-11-16,1.1308,1.134,1.1239,1.1308,2021,50,0,0.009192324854975453,1
1988-11-17,1.1324,1.1375,1.1299,1.1328,1481,50,0,0.0017686593562080688,1
1988-11-18,1.1265,1.127,1.1258,1.1265,241,50,0,-0.005561440677966045,-1
1988-11-21,1.1306,1.1323,1.1269,1.1305,1071,50,0,0.003550821127385806,1
1988-11-22,1.1353,1.1364,1.1323,1.1354,811,50,0,0.004334365325077361,1
1988-11-23,1.1384,1.1391,1.1363,1.1383,551,50,0,0.002554165932711072,1
1988-11-25,1.1391,1.1401,1.1364,1.1387,701,50,0,0.0003514012123342347,1
1988-11-28,1.1288,1.1293,1.1280999999999999,1.1288,241,50,0,-0.008694124879248255,-1
1988-11-29,1.1317,1.1324,1.1302,1.1315,421,50,0,0.0023919206236711066,1
1988-11-30,1.1256,1.1268,1.1241,1.1259000000000001,511,50,0,-0.004949182501104543,-1
1988-12-01,1.1293,1.131,1.1288,1.1295,421,50,0,0.0031974420463627418,1
1988-12-02,1.1279,1.1298,1.1238,1.1277,1181,50,0,-0.0015936254980080111,-1
1988-12-05,1.1347,1.1356,1.1345,1.1348,211,50,0,0.006296000709408611,1
1988-12-06,1.1305,1.1336,1.1288,1.1305,961,50,0,-0.003789213958406701,-1
1988-12-07,1.1139000000000001,1.1199,1.1113,1.1143,1681,50,0,-0.014329942503317095,-1
1988-12-08,1.1221,1.1229,1.1197,1.1218,611,50,0,0.0067306829399622625,1
1988-12-09,1.1271,1.1280000000000001,1.1253,1.1274,511,50,0,0.004991977179533036,1
1988-12-12,1.1231,1.1247,1.1222,1.123,491,50,0,-0.003902785169416334,-1
1988-12-13,1.1199,1.1203,1.1192,1.1195,181,50,0,-0.003116651825467498,-1
1988-12-14,1.1234,1.1254,1.1193,1.1232,1201,50,0,0.0033050468959356927,1
1988-12-15,1.1207,1.1256,1.1184,1.121,1411,50,0,-0.0019586894586894887,-1
1988-12-16,1.109,1.112,1.1072,1.1089,951,50,0,-0.010793933987511162,-1
1988-12-19,1.1104,1.1121,1.1095,1.1103,511,50,0,0.0012625123996754528,1
1988-12-20,1.1029,1.1074,1.1011,1.1031,1241,50,0,-0.006484733855714797,-1
1988-12-21,1.1043,1.1047,1.1028,1.1042,371,50,0,0.0009971897380112171,1
1988-12-22,1.1026,1.1026,1.1026,1.1026,1,50,0,-0.0014490128599892182,-1
1988-12-23,1.1008,1.101,1.1006,1.1009,71,50,0,-0.0015418102666424627,-1
1988-12-27,1.1006,1.1007,1.1001,1.1006,121,50,0,-0.0002725043146516448,-1
1988-12-28,1.0929,1.0944,1.0904,1.0931,781,50,0,-0.006814464837361478,-1
1988-12-29,1.0936,1.0939,1.0936,1.0936,61,50,0,0.0004574146921598743,1
1988-12-30,1.1023,1.1026,1.1014,1.1026,211,50,0,0.008229700073153046,1
1989-01-03,1.1093,1.1107,1.1087,1.1091,381,50,0,0.00589515690186837,1
1989-01-04,1.0949,1.0967,1.0941,1.095,511,50,0,-0.012713010549093906,-1
1989-01-05,1.091,1.0937000000000001,1.0895,1.0912,821,50,0,-0.003470319634703234,-1
1989-01-06,1.0795,1.0822,1.0782,1.0794,791,50,0,-0.010813782991202392,-1
1989-01-09,1.0692,1.0692,1.0692,1.0692,1,50,0,-0.009449694274596965,-1
1989-01-10,1.068,1.0716,1.0656,1.068,1201,50,0,-0.0011223344556676729,-1
1989-01-11,1.0695999999999999,1.0699,1.0695000000000001,1.0697,71,50,0,0.0015917602996255997,1
1989-01-12,1.0721,1.0729,1.0713,1.072,311,50,0,0.002150135552023924,1
1989-01-13,1.0659,1.0665,1.0653,1.0663,201,50,0,-0.00531716417910455,-1
1989-01-16,1.0537,1.0537,1.0537,1.0537,1,50,0,-0.011816561943167936,-1
1989-01-17,1.0573,1.0586,1.057,1.0573,321,50,0,0.003416532219796764,1
1989-01-18,1.0488,1.0557,1.0452,1.0486,2081,50,0,-0.008228506573347172,-1
1989-01-19,1.0462,1.0476,1.0431,1.0461,891,50,0,-0.0023841312225824085,-1
1989-01-20,1.0596,1.0607,1.0571,1.0594999999999999,711,50,0,0.012809482841028341,1
1989-01-23,1.0625,1.0644,1.0588,1.0625,1121,50,0,0.002831524303916977,1
1989-01-24,1.0646,1.0717,1.0615,1.0647,2031,50,0,0.0020705882352940463,1
1989-01-25,1.0613,1.0613,1.0611,1.0613,41,50,0,-0.003193387808772541,-1
1989-01-26,1.0603,1.0603,1.0603,1.0603,1,50,0,-0.0009422406482614276,-1
1989-01-27,1.0524,1.057,1.0497,1.0523,1451,50,0,-0.00754503442421961,-1
1989-01-30,1.0501,1.052,1.0465,1.05,1091,50,0,-0.0021856884918749486,-1
1989-01-31,1.0442,1.0496,1.0411,1.0442,1701,50,0,-0.0055238095238095974,-1
1989-02-01,1.0479,1.0493,1.0453,1.0477,781,50,0,0.0033518483049224113,1
1989-02-02,1.0457,1.0462,1.0437,1.0455,481,50,0,-0.002099837739811039,-1
1989-02-03,1.0404,1.0404,1.0402,1.0402,21,50,0,-0.005069344811095222,-1
1989-02-06,1.0398,1.041,1.0376,1.0399,671,50,0,-0.0002884060757546436,-1
1989-02-07,1.0465,1.0472,1.0458,1.0466,271,50,0,0.006442927204538762,1
1989-02-08,1.0447,1.0447,1.0447,1.0447,1,50,0,-0.0018154022549207172,-1
1989-02-09,1.0523,1.0534,1.0517,1.0521,321,50,0,0.0070833732171915464,1
1989-02-10,1.0539,1.0613,1.0505,1.0539,2161,50,0,0.0017108639863130382,1
1989-02-13,1.0457,1.0459,1.0446,1.0454,231,50,0,-0.008065281335990049,-1
1989-02-14,1.0548,1.0575,1.05,1.0552,1461,50,0,0.009374402142720228,1
1989-02-15,1.0608,1.0615,1.0606,1.0611,151,50,0,0.005591357088703619,1
1989-02-16,1.0608,1.0615,1.0584,1.0605,591,50,0,-0.0005654509471302305,-1
1989-02-17,1.0648,1.0653,1.0645,1.0649,151,50,0,0.004148986327204174,1
1989-02-20,1.0619,1.0619,1.0619,1.0619,1,50,0,-0.0028171659310732844,-1
1989-02-21,1.0594,1.0615,1.055,1.0596,1281,50,0,-0.002165928995197297,-1
1989-02-22,1.0653,1.0653,1.0651,1.0651,21,50,0,0.005190637976594692,1
1989-02-23,1.0734,1.0735,1.0733,1.0735,31,50,0,0.007886583419397297,1
1989-02-24,1.0718,1.0721,1.0705,1.0716,301,50,0,-0.001769911504424626,-1
1989-02-27,1.077,1.0796000000000001,1.076,1.0773,691,50,0,0.005319148936170137,1
1989-02-28,1.0723,1.073,1.0717,1.0723,261,50,0,-0.004641232711408039,-1
1989-03-01,1.064,1.0647,1.062,1.0642,521,50,0,-0.007553856196959807,-1
1989-03-02,1.0623,1.063,1.0618,1.0624,231,50,0,-0.001691411388836661,-1
1989-03-03,1.0625,1.0627,1.0614,1.0625,261,50,0,9.412650602413919e-05,1
1989-03-06,1.0569,1.0599,1.0558,1.0571,801,50,0,-0.005082352941176538,-1
1989-03-07,1.0547,1.0552,1.0545,1.055,111,50,0,-0.0019865670229873844,-1
1989-03-08,1.053,1.0548,1.0522,1.0533,491,50,0,-0.0016113744075829661,-1
1989-03-09,1.0504,1.0504,1.0501,1.0504,61,50,0,-0.002753251685179814,-1
1989-03-10,1.0497,1.0501,1.0496,1.0498,91,50,0,-0.0005712109672505461,-1
1989-03-13,1.0478,1.0489,1.0473,1.0479,311,50,0,-0.001809868546389759,-1
1989-03-14,1.051,1.0526,1.0487,1.051,781,50,0,0.0029582975474757855,1
1989-03-15,1.0462,1.0488,1.0451,1.0463,731,50,0,-0.0044719314938153065,-1
1989-03-16,1.0456,1.0469,1.0447,1.0455,431,50,0,-0.0007645990633660116,-1
1989-03-17,1.044,1.0461,1.0426,1.0436,661,50,0,-0.001817312290769979,-1
1989-03-20,1.0428,1.043,1.0427,1.0429,51,50,0,-0.0006707550785742811,-1
1989-03-21,1.0439,1.0442,1.0428,1.0438,271,50,0,0.0008629782337712388,1
1989-03-22,1.0451,1.046,1.0436,1.0454,451,50,0,0.001532860701283889,1
1989-03-23,1.0461,1.0479,1.0448,1.0458,591,50,0,0.0003826286588866079,1
1989-03-24,1.0453,1.0477,1.0438,1.045,751,50,0,-0.0007649646203864435,-1
1989-03-27,1.0412,1.0468,1.0386,1.0413000000000001,1631,50,0,-0.0035406698564591776,-1
1989-03-28,1.0345,1.0382,1.0328,1.0346,1071,50,0,-0.006434264861231331,-1
1989-03-29,1.0338,1.0339,1.0334,1.0336,81,50,0,-0.0009665571235258907,-1
1989-03-30,1.0322,1.0356,1.0308,1.0321,951,50,0,-0.0014512383900929793,-1
1989-03-31,1.0321,1.0338,1.031,1.0323,541,50,0,0.00019377967251243966,1
1989-04-03,1.0379,1.039,1.0356,1.0378,671,50,0,0.005327908553715011,1
1989-04-04,1.0455,1.0455,1.0451,1.0455,81,50,0,0.007419541337444713,1
1989-04-05,1.0446,1.0449,1.0438,1.0445,211,50,0,-0.0009564801530369538,-1
1989-04-06,1.0466,1.0467,1.0456,1.0464,201,50,0,0.001819052178075653,1
1989-04-07,1.0444,1.0473,1.0432,1.0444,821,50,0,-0.0019113149847095334,-1
1989-04-10,1.0407,1.0411,1.0403,1.0408,151,50,0,-0.003446955189582601,-1
1989-04-11,1.0371,1.0391,1.0365,1.0375,481,50,0,-0.0031706379707915344,-1
1989-04-12,1.0396,1.0452,1.0368,1.0397,1671,50,0,0.002120481927710749,1
1989-04-13,1.0444,1.0455,1.0441,1.0446,261,50,0,0.004712897951332007,1
1989-04-14,1.0444,1.0455,1.0426,1.0444,581,50,0,-0.00019146084625687454,-1
1989-04-17,1.0535,1.0535,1.053,1.0535,101,50,0,0.008713136729222581,1
1989-04-18,1.0535,1.0554,1.0489,1.0532,1271,50,0,-0.00028476506881836006,-1
1989-04-19,1.0507,1.0516,1.0507,1.0509,161,50,0,-0.0021838207368021223,-1
1989-04-20,1.0562,1.0593,1.0512,1.0563,1611,50,0,0.005138452754781753,1
1989-04-21,1.0581,1.0582,1.0575,1.0577,101,50,0,0.001325381047051044,1
1989-04-24,1.0514000000000001,1.0531,1.0506,1.0516,481,50,0,-0.005767230783776167,-1
1989-04-25,1.0486,1.0486,1.0486,1.0486,1,50,0,-0.002852795739825109,-1
1989-04-26,1.0429,1.0471,1.041,1.0428,1211,50,0,-0.005531184436391445,-1
1989-04-27,1.0422,1.0429,1.042,1.0424,161,50,0,-0.00038358266206361957,-1
1989-04-28,1.0404,1.0404,1.0404,1.0404,1,50,0,-0.0019186492709132308,-1
1989-05-01,1.0364,1.0404,1.0344,1.0365,1191,50,0,-0.003748558246828182,-1
1989-05-02,1.0362,1.0367,1.0356,1.0362,221,50,0,-0.00028943560057881346,-1
1989-05-03,1.0352999999999999,1.0357,1.0352999999999999,1.0354,71,50,0,-0.0007720517274656391,-1
1989-05-04,1.0345,1.0363,1.0338,1.0349,461,50,0,-0.00048290515742721585,-1
1989-05-05,1.0307,1.0316,1.0297,1.0305,361,50,0,-0.004251618513866018,-1
1989-05-08,1.0273,1.0307,1.0252,1.0273,1101,50,0,-0.003105288694808195,-1
1989-05-09,1.0211,1.0213,1.0206,1.0209,121,50,0,-0.006229923099386969,-1
1989-05-10,1.0268,1.0268,1.0264,1.0267,71,50,0,0.0056812616318935305,1
1989-05-11,1.0219,1.0223,1.0219,1.022,71,50,0,-0.004577773448913969,-1
1989-05-12,1.0194,1.0212,1.0188,1.0194,481,50,0,-0.0025440313111545487,-1
1989-05-15,1.0072,1.0072,1.007,1.0072,41,50,0,-0.011967824210319833,-1
1989-05-16,1.0078,1.0105,1.0063,1.0076,821,50,0,0.0003971405877680745,1
1989-05-17,0.9962,1.0058,0.991,0.996,2941,50,0,-0.01151250496228673,-1
1989-05-18,0.9918,0.9944,0.9876,0.9919,1351,50,0,-0.004116465863453822,-1
1989-05-19,0.9933,0.9937,0.9931,0.9931,101,50,0,0.0012097993749369262,1
1989-05-22,0.9736,0.9736,0.9732,0.9736,81,50,0,-0.019635484845433426,-1
1989-05-23,0.9743,0.9753,0.9736,0.9745,321,50,0,0.0009244042728020485,1
1989-05-24,0.9731,0.9743,0.9719,0.9728,451,50,0,-0.0017444843509492047,-1
1989-05-25,0.9793,0.9807,0.977,0.9795,721,50,0,0.00688733552631593,1
1989-05-26,0.9877,0.9977,0.9829,0.9878,2951,50,0,0.00847371107708006,1
1989-05-30,0.9734,0.9734,0.9734,0.9734,1,50,0,-0.014577849767159257,-1
1989-05-31,0.9879,0.9897,0.9842,0.9879,1101,50,0,0.01489623998356282,1
1989-06-01,0.9866,0.9866,0.9866,0.9866,1,50,0,-0.0013159226642371902,-1
1989-06-02,0.9973,0.9988,0.9933,0.997,1071,50,0,0.010541252787350519,1
1989-06-05,0.9972,0.9988,0.9966,0.9975,411,50,0,0.0005015045135405849,1
1989-06-06,0.987,0.988,0.9846,0.9868,661,50,0,-0.010726817042606585,-1
1989-06-07,0.9965,0.9965,0.9961,0.9964,71,50,0,0.009728415079043318,1
1989-06-08,0.9896,0.9915,0.9891,0.9899,451,50,0,-0.006523484544359692,-1
1989-06-09,0.9789,0.9843,0.9764,0.9788,1571,50,0,-0.011213253864026718,-1
1989-06-12,0.9654,0.9656,0.964,0.9651,291,50,0,-0.013996730690641668,-1
1989-06-13,0.9662,0.9684,0.9653,0.9663,611,50,0,0.0012433944668948094,1
1989-06-14,0.9644,0.9659,0.9637,0.9642,421,50,0,-0.002173238124806076,-1
1989-06-15,0.9636,0.9662,0.9593,0.9637,1371,50,0,-0.000518564613150696,-1
1989-06-16,0.9795,0.982,0.9751,0.9796,1371,50,0,0.016498910449310067,1
1989-06-19,0.9885,0.9905,0.9845,0.9886,1191,50,0,0.009187423438137943,1
1989-06-20,0.9896,0.9913,0.9886,0.9895,531,50,0,0.0009103783127655252,1
1989-06-21,0.9894,0.9926,0.983,0.9893,1911,50,0,-0.00020212228398186483,-1
1989-06-22,0.9985,0.9996,0.9981,0.9988,271,50,0,0.00960274941878092,1
1989-06-23,1.0069,1.0079,1.0055,1.0068,471,50,0,0.00800961153384061,1
1989-06-26,0.9996,1.0014,0.999,0.9998,461,50,0,-0.00695272149384174,-1
1989-06-27,0.9972,1.0049,0.9956,0.9995,1631,50,0,-0.00030006001200233445,-1
1989-06-28,0.9995,1.0027,0.9903,0.9988,2411,50,0,-0.0007003501750876273,-1
1989-06-29,0.999,1.0087,0.9949,0.9961,2471,50,0,-0.002703243892671292,-1
1989-06-30,0.9963,1.0043,0.9952,1.0017,1281,50,0,0.005621925509487147,1
1989-07-03,1.0081,1.0154,1.0062,1.0145,1201,50,0,0.012778276929220178,1
1989-07-04,1.0145,1.0219,1.0138,1.0172,1351,50,0,0.002661409561360406,1
1989-07-05,1.0168,1.0411,1.0168,1.0381,2731,50,0,0.02054659850570184,1
1989-07-06,1.0378,1.0406,1.0328,1.0385,1491,50,0,0.0003853193333975824,1
1989-07-07,1.0385,1.0467,1.0342,1.0453,1821,50,0,0.006547905633124573,1
1989-07-10,1.0469,1.0535,1.0373,1.0495,2981,50,0,0.004017985267387614,1
1989-07-11,1.0493,1.0499,1.037,1.0381,1461,50,0,-0.010862315388280197,-1
1989-07-12,1.0383,1.0445,1.0351,1.043,1411,50,0,0.00472016183411994,1
1989-07-13,1.0426,1.0452,1.0317,1.0324,1681,50,0,-0.010162991371045038,-1
1989-07-14,1.0326,1.0409,1.0223,1.0229,2751,50,0,-0.009201859744285223,-1
1989-07-17,1.0213,1.0278,1.0207,1.0265,901,50,0,0.003519405611496662,1
1989-07-18,1.0262,1.0356,1.0162,1.0336,3141,50,0,0.006916707257671906,1
1989-07-19,1.028,1.0317,1.0211,1.0211,1431,50,0,-0.012093653250774161,-1
1989-07-20,1.0212,1.0298,1.021,1.0262,1261,50,0,0.004994613651944091,1
1989-07-21,1.0264,1.0337,1.0225,1.0225,1851,50,0,-0.0036055349834340777,-1
1989-07-24,1.0266,1.0319,1.0244,1.03,1161,50,0,0.007334963325183352,1
1989-07-25,1.0303,1.0399,1.0299,1.0392,1111,50,0,0.008932038834951417,1
1989-07-26,1.039,1.0479,1.0373,1.0474,1281,50,0,0.00789068514241742,1
1989-07-27,1.0477,1.0487,1.041,1.0419,961,50,0,-0.00525109795684553,-1
1989-07-28,1.0419,1.0432,1.0337,1.0402,1731,50,0,-0.0016316345138689403,-1
1989-07-31,1.0404,1.0512,1.0397,1.0483,1511,50,0,0.0077869640453758215,1
1989-08-01,1.0486,1.0577,1.0461,1.0576,1421,50,0,0.008871506248211425,1
1989-08-02,1.0581,1.0608,1.0518,1.0532,1311,50,0,-0.004160363086233132,-1
1989-08-03,1.0525,1.0574,1.0422,1.0447,2261,50,0,-0.008070641853399119,-1
1989-08-04,1.0447,1.0467,1.025,1.025,2371,50,0,-0.018857088159280222,-1
1989-08-07,1.0246,1.0292,1.0195,1.021,1581,50,0,-0.0039024390243902474,-1
1989-08-08,1.0206,1.0349,1.0206,1.0335,1571,50,0,0.012242899118511508,1
1989-08-09,1.0324,1.0342,1.0273,1.0321,1351,50,0,-0.0013546202225448445,-1
1989-08-10,1.0318,1.0383,1.0258,1.0273,2051,50,0,-0.004650712140296442,-1
1989-08-11,1.0273,1.0296,1.0057,1.0075,2801,50,0,-0.019273824588727728,-1
1989-08-14,1.0076,1.0127,1.0024,1.0041,1711,50,0,-0.0033746898263028458,-1
1989-08-15,1.0041,1.0107,1.0028,1.008,1191,50,0,0.003884075291305633,1
1989-08-16,1.008,1.0116,1.0033,1.0088,1581,50,0,0.0007936507936507908,1
1989-08-17,1.0088,1.0093,0.9927,0.9949,1931,50,0,-0.013778747026169658,-1
1989-08-18,0.9955,1.0,0.9945,0.9996,691,50,0,0.004724092873655605,1
1989-08-21,0.9993,1.0027,0.9946,0.9994,1611,50,0,-0.0002000800320128837,-1
1989-08-22,0.9995,1.009,0.9979,1.0085,1321,50,0,0.009105463277966797,1
1989-08-23,1.0082,1.0092,0.9994,1.0011,1251,50,0,-0.007337630143777751,-1
1989-08-24,1.0008,1.002,0.9934,0.9934,981,50,0,-0.007691539306762696,-1
1989-08-25,0.9976,1.0023,0.9964,0.9971,1131,50,0,0.0037245822428024766,1
1989-08-28,0.9944,0.9987,0.9944,0.9962,681,50,0,-0.0009026175910139544,-1
1989-08-29,0.9959,1.0125,0.9954,1.0095,2061,50,0,0.013350732784581432,1
1989-08-30,1.0097,1.0122,0.9999,1.0013,1621,50,0,-0.008122833085685954,-1
1989-08-31,1.0012,1.0017,0.9928,0.9949,1151,50,0,-0.006391690801957561,-1
1989-09-01,0.9951,0.9961,0.9875,0.9879,1001,50,0,-0.007035883003316923,-1
1989-09-04,0.9867,0.9901,0.9862,0.9888,571,50,0,0.0009110233829334735,1
1989-09-05,0.987,0.9875,0.9815,0.9846,961,50,0,-0.0042475728155340065,-1
1989-09-06,0.985,0.9913,0.9835,0.9902,1041,50,0,0.005687588868575899,1
1989-09-07,0.9905,0.9908,0.9814,0.9887,1701,50,0,-0.0015148454857604188,-1
1989-09-08,0.988,0.9892,0.9786,0.9788,1201,50,0,-0.010013148578942088,-1
1989-09-11,0.979,0.9854,0.9781,0.985,861,50,0,0.0063342868818960785,1
1989-09-12,0.9847,0.9878,0.9833,0.9833,761,50,0,-0.0017258883248730816,-1
1989-09-13,0.9834,0.9925,0.9832,0.9919,1011,50,0,0.008746059188447175,1
1989-09-14,0.992,0.9974,0.9883,0.9897,1591,50,0,-0.002217965520717846,-1
1989-09-15,0.9901,1.0105,0.9764,0.9948,6351,50,0,0.005153076689905944,1
1989-09-18,0.9988,1.0053,0.9895,1.0019,2851,50,0,0.007137112987535277,1
1989-09-19,1.0023,1.0051,0.9985,1.0006,1151,50,0,-0.001297534684100321,-1
1989-09-20,1.0006,1.0101,0.9988,1.0076,1561,50,0,0.00699580251848908,1
1989-09-21,1.0078,1.0092,1.0038,1.0054,841,50,0,-0.0021834061135370675,-1
1989-09-22,1.0056,1.0099,1.0012,1.0023,1411,50,0,-0.003083349910483535,-1
1989-09-25,1.0255,1.0309,1.0248,1.0295,821,50,0,0.027137583557817146,1
1989-09-26,1.0296,1.0367,1.0225,1.0341,2391,50,0,0.004468188440990728,1
1989-09-27,1.0349,1.046,1.0343,1.0403,1801,50,0,0.00599555168745769,1
1989-09-28,1.0401,1.0412,1.0335,1.0396,1491,50,0,-0.0006728828222627437,-1
1989-09-29,1.0395,1.0496,1.0385,1.0446,1711,50,0,0.0048095421315890174,1
1989-10-02,1.0426,1.0475,1.0393,1.0404,1421,50,0,-0.004020677771395698,-1
1989-10-03,1.0402,1.0428,1.0349,1.0364,1201,50,0,-0.0038446751249519018,-1
1989-10-04,1.0366,1.0439,1.0352999999999999,1.0391,1471,50,0,0.0026051717483597248,1
1989-10-05,1.0392,1.0497,1.036,1.0382,2641,50,0,-0.0008661341545567192,-1
1989-10-06,1.0383,1.0414,1.0294,1.0378,2351,50,0,-0.0003852822192255134,-1
1989-10-09,1.0383,1.0397,1.0338,1.0376,1111,50,0,-0.00019271535941411955,-1
1989-10-10,1.0372,1.0389,1.0246,1.0254,1681,50,0,-0.011757902852737034,-1
1989-10-11,1.0259,1.0293,1.0178,1.0216,1871,50,0,-0.003705870879656792,-1
1989-10-12,1.0218,1.0274,1.021,1.0264,821,50,0,0.004698512137822908,1
1989-10-13,1.0257,1.0473,1.0216,1.0472,2991,50,0,0.020265003897116163,1
1989-10-16,1.0654,1.0677,1.0443,1.0475,2891,50,0,0.00028647822765481834,1
1989-10-17,1.0466,1.0594,1.0466,1.0487,2351,50,0,0.00114558472553683,1
1989-10-18,1.049,1.0614,1.0487,1.0568,1761,50,0,0.00772384857442554,1
1989-10-19,1.0572,1.0641,1.0548,1.0587,1711,50,0,0.0017978803936411492,1
1989-10-20,1.0583,1.0628,1.0513,1.0533,1801,50,0,-0.00510059506942484,-1
1989-10-23,1.0535,1.0593,1.0523,1.0583,921,50,0,0.004746985664103365,1
1989-10-24,1.0583,1.0678,1.0577,1.0663,1221,50,0,0.0075592932060852824,1
1989-10-25,1.0665,1.0671,1.0618,1.0655000000000001,961,50,0,-0.0007502579011534616,-1
1989-10-26,1.0659,1.0661,1.0588,1.0627,1141,50,0,-0.0026278742374473696,-1
1989-10-27,1.0625,1.0706,1.0534,1.0691,2781,50,0,0.006022395784322843,1
1989-10-30,1.0687,1.0701,1.0635,1.0662,1071,50,0,-0.0027125619680103963,-1
1989-10-31,1.0662,1.0665,1.0614,1.0622,621,50,0,-0.003751641343087586,-1
1989-11-01,1.0626,1.0653,1.0568,1.0575,1191,50,0,-0.004424778761061843,-1
1989-11-02,1.0581,1.0637,1.0554,1.0613,1341,50,0,0.0035933806146570824,1
1989-11-03,1.0615,1.0633,1.058,1.058,711,50,0,-0.003109394139263033,-1
1989-11-06,1.0587,1.059,1.0536,1.0559,801,50,0,-0.001984877126654072,-1
1989-11-07,1.0557,1.0622,1.0557,1.0611,761,50,0,0.004924708779240339,1
1989-11-08,1.0607,1.064,1.0594,1.0605,901,50,0,-0.0005654509471302305,-1
1989-11-09,1.0603,1.0618,1.0553,1.0556,831,50,0,-0.0046204620462044765,-1
1989-11-10,1.0558,1.0572,1.0419,1.0487,2351,50,0,-0.00653656688139459,-1
1989-11-13,1.0485,1.0524,1.0481,1.0512,591,50,0,0.0023839038809954083,1
1989-11-14,1.051,1.0676,1.051,1.0655000000000001,1871,50,0,0.013603500761035114,1
1989-11-15,1.0649,1.0656,1.0603,1.0637,941,50,0,-0.0016893477240732535,-1
1989-11-16,1.0635,1.068,1.0582,1.0625,1861,50,0,-0.0011281376327912929,-1
1989-11-17,1.0624,1.0645,1.0609,1.0622,701,50,0,-0.0002823529411764003,-1
1989-11-20,1.0622,1.0685,1.0589,1.0663,1511,50,0,0.0038599133873093994,1
1989-11-21,1.0659,1.0795,1.0659,1.0773,1581,50,0,0.010316046140860902,1
1989-11-22,1.077,1.0857,1.075,1.0795,1891,50,0,0.002042142393019475,1
1989-11-23,1.0789,1.0804,1.0747,1.0776,1011,50,0,-0.0017600741083835247,-1
1989-11-24,1.0827,1.0895,1.082,1.0864,1131,50,0,0.008166295471418117,1
1989-11-27,1.0907,1.0954,1.09,1.0918,971,50,0,0.00497054491899851,1
1989-11-28,1.0924,1.1044,1.0875,1.1017,2451,50,0,0.00906759479758179,1
1989-11-29,1.1022,1.1034,1.0907,1.0941,1731,50,0,-0.00689842969955512,-1
1989-11-30,1.0942,1.1002,1.0912,1.0998,1241,50,0,0.005209761447765304,1
1989-12-01,1.0991,1.1009,1.0925,1.0966,1431,50,0,-0.0029096199308965565,-1
1989-12-04,1.0963,1.1036,1.0945,1.0954,1731,50,0,-0.0010942914462885867,-1
1989-12-05,1.0964,1.102,1.0946,1.1004,1081,50,0,0.004564542632828239,1
1989-12-06,1.1003,1.1091,1.098,1.1069,1561,50,0,0.005906942929843728,1
1989-12-07,1.1067,1.1095,1.1023,1.1031,1081,50,0,-0.0034330111121149143,-1
1989-12-08,1.1027,1.1089,1.1002,1.1074,1271,50,0,0.0038981053394977483,1
1989-12-11,1.1071,1.1121,1.105,1.1116,971,50,0,0.0037926675094817064,1
1989-12-12,1.1122,1.1299,1.1105,1.1285,2251,50,0,0.015203310543361104,1
1989-12-13,1.1322,1.1434,1.1231,1.1333,3951,50,0,0.004253433761630454,1
1989-12-14,1.1335,1.1355,1.1249,1.1283,1601,50,0,-0.004411894467484245,-1
1989-12-15,1.1268,1.1386,1.1254,1.1347,1851,50,0,0.005672250288043967,1
1989-12-18,1.1345,1.1378,1.1322,1.1341,1081,50,0,-0.0005287741253193756,-1
1989-12-19,1.1331,1.1342,1.1244,1.1249,1141,50,0,-0.008112159421567844,-1
1989-12-20,1.1249,1.1325,1.1185,1.1307,2221,50,0,0.005156013867899434,1
1989-12-21,1.1318,1.1358,1.1280000000000001,1.1332,1421,50,0,0.0022110197222959815,1
1989-12-22,1.1329,1.1474,1.1323,1.1461000000000001,1701,50,0,0.011383692199082418,1
1989-12-26,1.1512,1.1524,1.1479,1.1521,811,50,0,0.005235145275281239,1
1989-12-27,1.1495,1.1613,1.1487,1.1596,1511,50,0,0.006509851575384085,1
1989-12-28,1.1596,1.167,1.1543,1.1588,2461,50,0,-0.0006898930665746317,-1
1989-12-29,1.1574,1.1591,1.151,1.1577,1591,50,0,-0.0009492578529514129,-1
1990-01-02,1.1623999999999999,1.1636,1.1402,1.1426,2701,50,0,-0.0130431027036364,-1
1990-01-03,1.1423,1.1431,1.1309,1.1309,1301,50,0,-0.010239803955890081,-1
1990-01-04,1.1301,1.1695,1.1277,1.1672,4651,50,0,0.032098328764700756,1
1990-01-05,1.1673,1.1694,1.1512,1.1592,2831,50,0,-0.006854009595613442,-1
1990-01-08,1.1625,1.1746,1.1546,1.1724,3011,50,0,0.011387163561076719,1
1990-01-09,1.1729,1.1736,1.159,1.1672,2351,50,0,-0.004435346298191867,-1
1990-01-10,1.1672,1.1733,1.1614,1.1623999999999999,1901,50,0,-0.004112405757368154,-1
1990-01-11,1.1627,1.1659,1.1558,1.1633,1961,50,0,0.0007742601514109104,1
1990-01-12,1.1634,1.1703999999999999,1.1587,1.1591,1911,50,0,-0.003610418636637136,-1
1990-01-15,1.1593,1.1641,1.1486,1.1488,2051,50,0,-0.008886204814079868,-1
1990-01-16,1.1487,1.1583,1.1421000000000001,1.1547,2641,50,0,0.0051357938718663565,1
1990-01-17,1.1533,1.1637,1.1516,1.1568,2071,50,0,0.0018186541958951086,1
1990-01-18,1.1566,1.157,1.1400000000000001,1.1416,1901,50,0,-0.013139695712309885,-1
1990-01-19,1.1415,1.1479,1.138,1.1402,1851,50,0,-0.0012263489838821862,-1
1990-01-22,1.1391,1.1401,1.1320999999999999,1.1345,1141,50,0,-0.004999122960884117,-1
1990-01-23,1.134,1.1573,1.1335,1.1566,2501,50,0,0.01947994711326584,1
1990-01-24,1.1583,1.1663000000000001,1.1531,1.157,2511,50,0,0.0003458412588621673,1
1990-01-25,1.157,1.1619,1.1562000000000001,1.1613,711,50,0,0.0037165082108903125,1
1990-01-26,1.1607,1.1628,1.1522999999999999,1.1583,1861,50,0,-0.0025833118057349003,-1
1990-01-29,1.1587,1.171,1.1587,1.1667,1661,50,0,0.007252007252007253,1
1990-01-30,1.1669,1.1721,1.1415,1.154,4831,50,0,-0.010885403274192296,-1
1990-01-31,1.1535,1.1651,1.1505,1.1575,2521,50,0,0.003032928942807711,1
1990-02-01,1.1581,1.1683,1.1581,1.1683,1021,50,0,0.009330453563714869,1
1990-02-02,1.1677,1.169,1.1565,1.1623999999999999,1971,50,0,-0.005050072755285462,-1
1990-02-05,1.1638,1.1797,1.1632,1.1781,1871,50,0,0.013506538196834228,1
1990-02-06,1.1777,1.1832,1.1757,1.1796,1311,50,0,0.00127323656735423,1
1990-02-07,1.1801,1.1863,1.177,1.1775,1601,50,0,-0.001780264496439421,-1
1990-02-08,1.1772,1.1776,1.168,1.1736,1561,50,0,-0.0033121019108280914,-1
1990-02-09,1.1737,1.1745,1.167,1.173,1431,50,0,-0.0005112474437627412,-1
1990-02-12,1.1735,1.1743000000000001,1.1653,1.1653,981,50,0,-0.006564364876385342,-1
1990-02-13,1.1656,1.1689,1.1582,1.1689,1811,50,0,0.0030893332189136924,1
1990-02-14,1.1686,1.1723,1.1649,1.1653,1151,50,0,-0.003079818632902742,-1
1990-02-15,1.1659,1.1672,1.1529,1.1544,1711,50,0,-0.00935381446837713,-1
1990-02-16,1.1542,1.1678,1.1498,1.1633,2691,50,0,0.007709632709632652,1
1990-02-19,1.1636,1.17,1.1629,1.1691,871,50,0,0.004985816212498939,1
1990-02-20,1.17,1.1735,1.1655,1.1694,1541,50,0,0.0002566076469079359,1
1990-02-21,1.1702,1.1758,1.1682,1.169,1401,50,0,-0.0003420557550880554,-1
1990-02-22,1.1691,1.174,1.1675,1.1701,1201,50,0,0.0009409751924720489,1
1990-02-23,1.17,1.1703000000000001,1.1626,1.1629,831,50,0,-0.006153320229040138,-1
1990-02-26,1.1617,1.1617,1.154,1.1595,1321,50,0,-0.0029237251698340794,-1
1990-02-27,1.1592,1.1623,1.1555,1.1567,1111,50,0,-0.002414833980163844,-1
1990-02-28,1.1569,1.1575,1.1458,1.147,1351,50,0,-0.008385925477651934,-1
1990-03-01,1.1466,1.1478,1.135,1.1359,1491,50,0,-0.00967741935483879,-1
1990-03-02,1.1363,1.146,1.1347,1.1398,1911,50,0,0.003433400827537625,1
1990-03-05,1.1401,1.1544,1.1397,1.1528,1671,50,0,0.011405509738550812,1
1990-03-06,1.1524,1.1567,1.1465,1.1477,1571,50,0,-0.004424011103400516,-1
1990-03-07,1.148,1.1543,1.1443,1.1543,1371,50,0,0.005750631698179021,1
1990-03-08,1.1539,1.1554,1.1487,1.1499,941,50,0,-0.003811834011955506,-1
1990-03-09,1.15,1.1521,1.1464,1.1484,981,50,0,-0.0013044612575005,-1
1990-03-12,1.1487,1.1487,1.1402,1.1421999999999999,1051,50,0,-0.005398815743643537,-1
1990-03-13,1.1416,1.145,1.1375,1.1441,1251,50,0,0.0016634564874802305,1
1990-03-14,1.1437,1.1467,1.1398,1.1426,1271,50,0,-0.0013110742067999892,-1
1990-03-15,1.143,1.1533,1.1419,1.1522999999999999,1351,50,0,0.00848941011727633,1
1990-03-16,1.1518,1.1583,1.1502,1.1559,1211,50,0,0.003124186409789065,1
1990-03-19,1.1586,1.1656,1.1576,1.1606,1401,50,0,0.004066095683017634,1
1990-03-20,1.1605,1.1628,1.1458,1.1465,2001,50,0,-0.012148888505945199,-1
1990-03-21,1.1461999999999999,1.1492,1.1414,1.1416,1101,50,0,-0.004273877017008432,-1
1990-03-22,1.142,1.1499,1.141,1.1485,1131,50,0,0.006044148563419949,1
1990-03-23,1.1486,1.1489,1.1412,1.1414,821,50,0,-0.006181976491075436,-1
1990-03-26,1.1373,1.1481,1.1373,1.144,1491,50,0,0.00227790432801811,1
1990-03-27,1.1442,1.1466,1.1395,1.1421000000000001,1211,50,0,-0.0016608391608389228,-1
1990-03-28,1.1419,1.1461999999999999,1.1394,1.1445,1101,50,0,0.002101392172314087,1
1990-03-29,1.1445,1.1553,1.1443,1.1546,1191,50,0,0.00882481432940141,1
1990-03-30,1.1543,1.1597,1.1506,1.1518,1571,50,0,-0.002425082279577495,-1
1990-04-02,1.1514,1.153,1.146,1.1494,1201,50,0,-0.0020836950859524084,-1
1990-04-03,1.1491,1.1525,1.1481,1.1525,541,50,0,0.0026970593353055072,1
1990-04-04,1.1521,1.1529,1.1498,1.151,511,50,0,-0.0013015184381779399,-1
1990-04-05,1.1511,1.1522000000000001,1.1489,1.151,651,50,0,0.0,-1
1990-04-06,1.1507,1.1553,1.1507,1.1539,601,50,0,0.00251954821893996,1
1990-04-09,1.16,1.16,1.154,1.1559,791,50,0,0.0017332524482189804,1
1990-04-10,1.1557,1.1689,1.1543,1.1679,1701,50,0,0.010381520892810858,1
1990-04-11,1.1679,1.1719,1.1661,1.1706,891,50,0,0.002311841767274725,1
1990-04-12,1.1701,1.1726,1.1666,1.1697,1161,50,0,-0.0007688364941056403,-1
1990-04-16,1.1692,1.1693,1.1618,1.1652,1101,50,0,-0.0038471402923826448,-1
1990-04-17,1.1651,1.1673,1.1625,1.1652,951,50,0,0.0,-1
1990-04-18,1.1656,1.1714,1.1638,1.1692,1161,50,0,0.00343288705801581,1
1990-04-19,1.1695,1.1714,1.1623,1.1641,1281,50,0,-0.0043619568936025255,-1
1990-04-20,1.164,1.1662,1.1568,1.1589,1371,50,0,-0.004466970191564168,-1
1990-04-23,1.1585,1.1586,1.147,1.1478,1251,50,0,-0.00957804814910701,-1
1990-04-24,1.1476,1.1555,1.1473,1.1512,1281,50,0,0.0029621885345880727,1
1990-04-25,1.1513,1.1666,1.1513,1.1633,1861,50,0,0.010510771369006244,1
1990-04-26,1.1629,1.1684,1.1625,1.1644,1031,50,0,0.0009455858334050937,1
1990-04-27,1.165,1.1691,1.1604,1.166,1641,50,0,0.0013740982480245911,1
1990-04-30,1.1648,1.1667,1.162,1.1651,911,50,0,-0.0007718696397940317,-1
1990-05-01,1.165,1.1652,1.1596,1.1631,931,50,0,-0.0017165908505707428,-1
1990-05-02,1.1636,1.1636,1.159,1.1598,541,50,0,-0.0028372452927521996,-1
1990-05-03,1.16,1.1645,1.1597,1.1627,691,50,0,0.002500431108811929,1
1990-05-04,1.1632,1.1751,1.163,1.1751,1231,50,0,0.010664831856884716,1
1990-05-07,1.1756,1.1838,1.1738,1.1808,1481,50,0,0.0048506510084247445,1
1990-05-08,1.1809,1.1827,1.1783,1.1798,771,50,0,-0.0008468834688347693,-1
1990-05-09,1.1804000000000001,1.1983,1.18,1.1956,2141,50,0,0.013392100355992476,1
1990-05-10,1.1955,1.2012,1.1907,1.1998,1671,50,0,0.003512880562060783,1
1990-05-11,1.2,1.2025000000000001,1.193,1.193,1201,50,0,-0.005667611268544648,-1
1990-05-14,1.1919,1.1926,1.1876,1.1905000000000001,861,50,0,-0.002095557418273164,-1
1990-05-15,1.1901,1.1916,1.1858,1.1887,1021,50,0,-0.0015119697606048588,-1
1990-05-16,1.1882,1.1925,1.1815,1.189,2121,50,0,0.00025237654580623214,1
1990-05-17,1.1887,1.196,1.1839,1.1855,2101,50,0,-0.002943650126156494,-1
1990-05-18,1.1859,1.1877,1.1836,1.1873,681,50,0,0.0015183466891606212,1
1990-05-21,1.1849,1.1872,1.1755,1.1757,1421,50,0,-0.009770066537522104,-1
1990-05-22,1.1757,1.1769,1.1684,1.1692,1051,50,0,-0.005528621246916665,-1
1990-05-23,1.1693,1.1766,1.1641,1.1658,2151,50,0,-0.0029079712624017207,-1
1990-05-24,1.1652,1.1723,1.1597,1.1599,1991,50,0,-0.0050609023846286405,-1
1990-05-25,1.1593,1.1674,1.1593,1.1629,1261,50,0,0.0025864298646436357,1
1990-05-29,1.1636,1.173,1.163,1.1684,1521,50,0,0.004729555421790321,1
1990-05-30,1.1685,1.1718,1.1608,1.1628,1631,50,0,-0.004792879150975704,-1
1990-05-31,1.1628,1.1637,1.1512,1.1534,1561,50,0,-0.008083935328517478,-1
1990-06-01,1.1533,1.1632,1.1506,1.1516,2351,50,0,-0.0015606034333275343,-1
1990-06-04,1.1488,1.1602000000000001,1.1476,1.1587,1531,50,0,0.006165335185828402,1
1990-06-05,1.1596,1.1615,1.1514,1.1602000000000001,1961,50,0,0.0012945542418227873,1
1990-06-06,1.1602999999999999,1.1621,1.1566,1.1582,891,50,0,-0.0017238407171179526,-1
1990-06-07,1.1586,1.1596,1.1539,1.1562000000000001,901,50,0,-0.0017268174753926058,-1
1990-06-08,1.156,1.156,1.1508,1.1514,581,50,0,-0.004151530877011034,-1
1990-06-11,1.1517,1.1576,1.1512,1.1564,811,50,0,0.0043425395171097225,1
1990-06-12,1.1557,1.16,1.1517,1.1517,1261,50,0,-0.004064337599446688,-1
1990-06-13,1.1522000000000001,1.1602999999999999,1.1517,1.1591,1031,50,0,0.006425284362247208,1
1990-06-14,1.1593,1.1631,1.1535,1.1546,1451,50,0,-0.0038823224915882637,-1
1990-06-15,1.1544,1.1598,1.1488,1.1587,1771,50,0,0.003551013337952602,1
1990-06-18,1.1598,1.169,1.1582,1.1675,1391,50,0,0.007594718218693286,1
1990-06-19,1.168,1.1718,1.1661,1.1683,1111,50,0,0.0006852248394002558,1
1990-06-20,1.1666,1.1671,1.1615,1.1653,991,50,0,-0.002567833604382397,-1
1990-06-21,1.165,1.1673,1.1622,1.1667,851,50,0,0.0012014073629109667,1
1990-06-22,1.1665,1.1688,1.1638,1.1681,841,50,0,0.001199965715265039,1
1990-06-25,1.1687,1.1697,1.163,1.1659,1061,50,0,-0.0018834003938018595,-1
1990-06-26,1.1656,1.1781,1.1622,1.1762,2121,50,0,0.008834376876232897,1
1990-06-27,1.1762,1.1791,1.174,1.1747,871,50,0,-0.0012752933174629,-1
1990-06-28,1.1752,1.1771,1.1691,1.1691,991,50,0,-0.004767174597769652,-1
1990-06-29,1.1687,1.1781,1.1682,1.1779,1061,50,0,0.0075271576426310105,1
1990-07-02,1.1789,1.1851,1.1789,1.1838,751,50,0,0.005008914169284395,1
1990-07-03,1.1838,1.189,1.1792,1.1864,1701,50,0,0.002196316945429988,1
1990-07-04,1.1868,1.1896,1.1865,1.1876,541,50,0,0.0010114632501685428,1
1990-07-05,1.1874,1.189,1.1813,1.1831,1111,50,0,-0.0037891545975075047,-1
1990-07-06,1.1833,1.1849,1.1806,1.1839,801,50,0,0.0006761896712026427,1
1990-07-09,1.1837,1.1884000000000001,1.1818,1.1831,1261,50,0,-0.0006757327476981656,-1
1990-07-10,1.1834,1.1942,1.1834,1.1932,1181,50,0,0.00853689459893503,1
1990-07-11,1.1927,1.1931,1.1818,1.1823,1221,50,0,-0.009135098893731208,-1
1990-07-12,1.1803,1.1994,1.1764999999999999,1.1956,3051,50,0,0.011249259917110788,1
1990-07-13,1.1964,1.1965,1.1839,1.1841,1291,50,0,-0.009618601538976312,-1
1990-07-16,1.1836,1.1855,1.1778,1.1808,1261,50,0,-0.0027869267798326103,-1
1990-07-17,1.1807,1.1905000000000001,1.1795,1.1894,1331,50,0,0.007283197831978283,1
1990-07-18,1.1896,1.1944,1.1857,1.187,1481,50,0,-0.0020178241129981123,-1
1990-07-19,1.1867,1.1928,1.1855,1.1924,891,50,0,0.004549283909014212,1
1990-07-20,1.1921,1.1961,1.1901,1.194,1011,50,0,0.0013418316001341246,1
1990-07-23,1.196,1.2065,1.1929,1.2059,1731,50,0,0.009966499162479048,1
1990-07-24,1.2054,1.2113,1.2021,1.2066,1721,50,0,0.0005804793100587791,1
1990-07-25,1.2068,1.2104,1.2026,1.2042,1301,50,0,-0.001989060169070078,-1
1990-07-26,1.2033,1.2083,1.2012,1.2032,1411,50,0,-0.0008304268393953818,-1
1990-07-27,1.2025000000000001,1.2149,1.2025000000000001,1.2133,1401,50,0,0.008394281914893664,1
1990-07-30,1.2138,1.2202,1.2114,1.2169,1451,50,0,0.0029671144811671546,1
1990-07-31,1.2165,1.2337,1.2153,1.2321,2121,50,0,0.012490755197633208,1
1990-08-01,1.2315,1.233,1.2264,1.2307,1241,50,0,-0.0011362714065417112,-1
1990-08-02,1.2302,1.2359,1.2058,1.2277,5771,50,0,-0.0024376371170877764,-1
1990-08-03,1.2248999999999999,1.2344,1.2187999999999999,1.2315,2461,50,0,0.0030952187016373145,1
1990-08-06,1.2311,1.2465,1.2274,1.2402,2911,50,0,0.00706455542021911,1
1990-08-07,1.2402,1.2437,1.2303,1.2304,1701,50,0,-0.007901951298177723,-1
1990-08-08,1.2309,1.2349,1.2214,1.228,2411,50,0,-0.0019505851755525772,-1
1990-08-09,1.2284,1.2308,1.2239,1.2267000000000001,1211,50,0,-0.0010586319218239826,-1
1990-08-10,1.2271,1.2322,1.2223,1.2298,1711,50,0,0.0025271052417052964,1
1990-08-13,1.2354,1.2434,1.2342,1.2416,1221,50,0,0.009595056106683986,1
1990-08-14,1.2428,1.2484,1.2382,1.2475,1571,50,0,0.004751932989690788,1
1990-08-15,1.2515,1.2585,1.2477,1.2524,2071,50,0,0.003927855711422845,1
1990-08-16,1.2498,1.2604,1.2396,1.2591999999999999,3221,50,0,0.005429575215585958,1
1990-08-17,1.2597,1.2650000000000001,1.2548,1.263,1711,50,0,0.003017789072427002,1
1990-08-20,1.2599,1.2609,1.2482,1.2499,1541,50,0,-0.010372129849564482,-1
1990-08-21,1.2503,1.2601,1.2452,1.2497,2921,50,0,-0.00016001280102406756,-1
1990-08-22,1.2495,1.2612,1.2487,1.2534,2111,50,0,0.0029607105705369285,1
1990-08-23,1.252,1.2695,1.2518,1.2642,2321,50,0,0.008616562948779327,1
1990-08-24,1.2637,1.2677,1.2530000000000001,1.2530000000000001,1871,50,0,-0.008859357696566872,-1
1990-08-27,1.2647,1.2686,1.2539,1.2597,2441,50,0,0.005347166799680725,1
1990-08-28,1.2598,1.2671000000000001,1.2547,1.256,2101,50,0,-0.0029372072715726505,-1
1990-08-29,1.2567,1.2612,1.2546,1.2570000000000001,1291,50,0,0.0007961783439491832,1
1990-08-30,1.2494,1.251,1.2454,1.2503,1031,50,0,-0.005330151153540297,-1
1990-08-31,1.2503,1.2555,1.2387,1.2407,2401,50,0,-0.0076781572422619515,-1
1990-09-03,1.24,1.2429000000000001,1.2325,1.2348,1561,50,0,-0.004755380027403944,-1
1990-09-04,1.2351,1.2429000000000001,1.2327,1.2381,1741,50,0,0.0026724975704568443,1
1990-09-05,1.2375,1.2559,1.2368000000000001,1.2554,2031,50,0,0.013973023180680055,1
1990-09-06,1.2549000000000001,1.2595,1.2523,1.2584,1091,50,0,0.002389676597100543,1
1990-09-07,1.2583,1.259,1.2466,1.2472,1371,50,0,-0.008900190718372447,-1
1990-09-10,1.2501,1.2523,1.2341,1.2368999999999999,2321,50,0,-0.008258499037844924,-1
1990-09-11,1.2368999999999999,1.24,1.2252,1.2318,2451,50,0,-0.004123211253941217,-1
1990-09-12,1.2338,1.2374,1.2276,1.2285,1431,50,0,-0.002679006332196865,-1
1990-09-13,1.2284,1.2486,1.226,1.248,2561,50,0,0.01587301587301604,1
1990-09-14,1.2481,1.2562,1.2437,1.2466,2351,50,0,-0.0011217948717949788,-1
1990-09-17,1.252,1.2639,1.2517,1.2631000000000001,1331,50,0,0.013236001925236884,1
1990-09-18,1.2641,1.2662,1.2556,1.2603,1741,50,0,-0.002216768268545777,-1
1990-09-19,1.2604,1.2624,1.2418,1.2438,2461,50,0,-0.013092120923589579,-1
1990-09-20,1.244,1.2481,1.2339,1.2404,2481,50,0,-0.0027335584499116328,-1
1990-09-21,1.2385,1.244,1.2373,1.2401,1181,50,0,-0.0002418574653337835,-1
1990-09-24,1.2421,1.2576,1.2383,1.2545,2621,50,0,0.011611966776872817,1
1990-09-25,1.2544,1.26,1.2426,1.2427,2311,50,0,-0.009406137903547274,-1
1990-09-26,1.2424,1.2509000000000001,1.2414,1.2497,1171,50,0,0.005632896113301866,1
1990-09-27,1.2502,1.2543,1.2436,1.2527,1891,50,0,0.0024005761382730473,1
1990-09-28,1.2528000000000001,1.2542,1.2469999999999999,1.2490999999999999,1071,50,0,-0.0028737926079668297,-1
1990-10-01,1.2519,1.2649,1.2519,1.255,2291,50,0,0.0047234008486110035,1
1990-10-02,1.2553,1.2641,1.2524,1.2635,1521,50,0,0.006772908366533992,1
1990-10-03,1.2633,1.2699,1.2603,1.2686,1391,50,0,0.004036406806489756,1
1990-10-04,1.2681,1.2776,1.2673,1.2757,1301,50,0,0.005596720794576848,1
1990-10-05,1.2757,1.2768,1.2583,1.2656,2691,50,0,-0.007917221917378647,-1
1990-10-08,1.2610000000000001,1.2779,1.2604,1.2766,1941,50,0,0.008691529709228707,1
1990-10-09,1.2772000000000001,1.287,1.2765,1.2819,1631,50,0,0.004151652827824037,1
1990-10-10,1.2819,1.2865,1.2768,1.2798,1731,50,0,-0.0016381933068101429,-1
1990-10-11,1.2795,1.2928,1.2727,1.2905,2921,50,0,0.008360681356461841,1
1990-10-12,1.2913000000000001,1.2913999999999999,1.2827,1.2831000000000001,921,50,0,-0.00573421154591236,-1
1990-10-15,1.2877,1.2877,1.2797,1.2818,1011,50,0,-0.0010131712259372483,-1
1990-10-16,1.2823,1.2973,1.2803,1.2948,2151,50,0,0.010141987829614507,1
1990-10-17,1.295,1.2993999999999999,1.2906,1.2936,1621,50,0,-0.000926784059314123,-1
1990-10-18,1.2934,1.3068,1.2918,1.3057,1771,50,0,0.009353741496598733,1
1990-10-19,1.3052000000000001,1.3114,1.2937,1.3028,3301,50,0,-0.0022210308646704036,-1
1990-10-22,1.3037,1.3046,1.2863,1.2878,2071,50,0,-0.011513662879950814,-1
1990-10-23,1.2877,1.2927,1.2833,1.2875,1861,50,0,-0.00023295542786139212,-1
1990-10-24,1.2873999999999999,1.3001,1.2852000000000001,1.2976,1961,50,0,0.007844660194174846,1
1990-10-25,1.2981,1.3002,1.2879,1.2882,1471,50,0,-0.0072441430332922385,-1
1990-10-26,1.2888,1.2921,1.285,1.2921,1091,50,0,0.0030274802049370386,1
1990-10-29,1.2963,1.2991,1.2832,1.285,2051,50,0,-0.005494930732915515,-1
1990-10-30,1.2849,1.2944,1.2795,1.2908,2391,50,0,0.004513618677042919,1
1990-10-31,1.2905,1.2915,1.2861,1.2885,881,50,0,-0.001781840718933947,-1
1990-11-01,1.2884,1.3029,1.2808,1.3008,3181,50,0,0.009545983701979122,1
1990-11-02,1.3002,1.3105,1.298,1.3093,1591,50,0,0.006534440344403425,1
1990-11-05,1.3108,1.3181,1.3066,1.3162,1761,50,0,0.005269991598564117,1
1990-11-06,1.3163,1.3185,1.3089,1.3104,1331,50,0,-0.00440662513295853,-1
1990-11-07,1.3099,1.3219,1.3094999999999999,1.3127,2201,50,0,0.001755189255189249,1
1990-11-08,1.3131,1.3173,1.3065,1.3105,1901,50,0,-0.001675935095604486,-1
1990-11-09,1.3118,1.3158,1.3068,1.3149,1491,50,0,0.0033574971384966457,1
1990-11-12,1.3163,1.3247,1.3162,1.3244,891,50,0,0.00722488402159871,1
1990-11-13,1.3246,1.3275000000000001,1.3202,1.3241,1411,50,0,-0.00022651766837811227,-1
1990-11-14,1.3235999999999999,1.3302,1.3211,1.3283,1351,50,0,0.0031719658636053527,1
1990-11-15,1.3281,1.3296000000000001,1.3232,1.3256000000000001,1031,50,0,-0.0020326733418655207,-1
1990-11-16,1.3242,1.3321,1.3212,1.3298,1621,50,0,0.003168376584188337,1
1990-11-19,1.33,1.3338999999999999,1.3254000000000001,1.3277999999999999,1481,50,0,-0.0015039855617388076,-1
1990-11-20,1.3259,1.3282,1.3232,1.3264,951,50,0,-0.0010543756589846964,-1
1990-11-21,1.3264,1.3301,1.3204,1.3253,1831,50,0,-0.0008293124246080419,-1
1990-11-22,1.3243,1.327,1.3197,1.3228,1311,50,0,-0.0018863653512412037,-1
1990-11-23,1.323,1.3235000000000001,1.3146,1.3162,1101,50,0,-0.004989416389476808,-1
1990-11-26,1.3146,1.3185,1.3093,1.3144,1821,50,0,-0.0013675733171251148,-1
1990-11-27,1.3145,1.3258,1.3125,1.3212,1991,50,0,0.005173463177114979,1
1990-11-28,1.3211,1.3264,1.3149,1.3151,1701,50,0,-0.004617014834998434,-1
1990-11-29,1.3151,1.3189,1.2945,1.2983,3201,50,0,-0.012774693939624271,-1
1990-11-30,1.2971,1.308,1.2951,1.3074,1551,50,0,0.007009165832241981,1
1990-12-03,1.3096,1.3104,1.2904,1.2906,2101,50,0,-0.012849931161083017,-1
1990-12-04,1.2913000000000001,1.3062,1.2912,1.301,2031,50,0,0.008058267472493386,1
1990-12-05,1.3006,1.3101,1.3006,1.3051,1451,50,0,0.0031514219830899304,1
1990-12-06,1.3075,1.3163,1.3035999999999999,1.314,1891,50,0,0.006819400812198451,1
1990-12-07,1.3136,1.3289,1.313,1.3271,1831,50,0,0.009969558599695505,1
1990-12-10,1.3306,1.3369,1.3265,1.3292,1941,50,0,0.001582397709291028,1
1990-12-11,1.3294000000000001,1.3324,1.3204,1.3233,1791,50,0,-0.004438760156485144,-1
1990-12-12,1.3237,1.3277,1.3223,1.3244,1011,50,0,0.0008312551953451042,1
1990-12-13,1.3243,1.3272,1.3208,1.3223,1081,50,0,-0.001585623678646897,-1
1990-12-14,1.3231,1.3256999999999999,1.3136,1.3183,1941,50,0,-0.0030250321409664993,-1
1990-12-17,1.3178,1.3202,1.3124,1.3159,1371,50,0,-0.0018205264355609652,-1
1990-12-18,1.3164,1.3254000000000001,1.3136999999999999,1.3247,1511,50,0,0.006687438255186473,1
1990-12-19,1.3242,1.328,1.3206,1.3235999999999999,1421,50,0,-0.0008303766890617181,-1
1990-12-20,1.3228,1.3252,1.2928,1.2958,3781,50,0,-0.021003324267150014,-1
1990-12-21,1.2967,1.2992,1.2772000000000001,1.2793999999999999,2671,50,0,-0.012656274116376154,-1
1990-12-24,1.276,1.2802,1.2641,1.2656,2181,50,0,-0.010786306080975305,-1
1990-12-26,1.2746,1.2796,1.2727,1.2753999999999999,1301,50,0,0.007743362831858169,1
1990-12-27,1.2734,1.2836,1.2703,1.2825,1751,50,0,0.005566880978516542,1
1990-12-28,1.2816,1.31,1.2805,1.3091,3151,50,0,0.020740740740740726,1
1990-12-31,1.3091,1.3133,1.2981,1.3114,2811,50,0,0.0017569322435260215,1
1991-01-02,1.3101,1.3164,1.3051,1.3155000000000001,1721,50,0,0.0031264297697120025,1
1991-01-03,1.3136999999999999,1.3158,1.3079,1.3096,1171,50,0,-0.004484986697073423,-1
1991-01-04,1.3093,1.3122,1.2967,1.2999,2161,50,0,-0.007406841783750839,-1
1991-01-07,1.2922,1.2942,1.2683,1.2758,3541,50,0,-0.018539887683667988,-1
1991-01-08,1.2762,1.2787,1.2662,1.2682,1701,50,0,-0.00595704655902185,-1
1991-01-09,1.2678,1.2945,1.2652999999999999,1.2755,5071,50,0,0.005756189875413931,1
1991-01-10,1.2765,1.2915,1.2486,1.2812000000000001,8111,50,0,0.004468835750686129,1
1991-01-11,1.2816,1.2835,1.2721,1.2776,1881,50,0,-0.00280986575085862,-1
1991-01-14,1.2622,1.2707,1.2581,1.2665,2091,50,0,-0.008688165309956308,-1
1991-01-15,1.2678,1.2704,1.2636,1.2681,1331,50,0,0.001263324121594911,1
1991-01-16,1.2671999999999999,1.2695,1.2610000000000001,1.2658,1561,50,0,-0.0018137370869805158,-1
1991-01-17,1.2652999999999999,1.2992,1.2610999999999999,1.2968,4471,50,0,0.024490440827934945,1
1991-01-18,1.295,1.3084,1.2863,1.3048,3441,50,0,0.0061690314620603814,1
1991-01-21,1.3013,1.3159,1.2943,1.3154,2911,50,0,0.008123850398528365,1
1991-01-22,1.3132,1.3169,1.305,1.3061,1671,50,0,-0.007070092747453183,-1
1991-01-23,1.3069,1.3202,1.3024,1.3202,2231,50,0,0.010795498047622587,1
1991-01-24,1.3197,1.3222,1.3143,1.3165,1261,50,0,-0.0028026056658082554,-1
1991-01-25,1.3158,1.3189,1.3096999999999999,1.3113000000000001,1391,50,0,-0.003949867071781132,-1
1991-01-28,1.3125,1.3169,1.3114,1.3142,931,50,0,0.0022115457942499805,1
1991-01-29,1.3139,1.3205,1.3066,1.3081,2201,50,0,-0.0046416070613301,-1
1991-01-30,1.3084,1.315,1.3032,1.313,1901,50,0,0.003745890986927458,1
1991-01-31,1.3131,1.3261,1.3111,1.3237999999999999,1931,50,0,0.00822543792840813,1
1991-02-01,1.3239,1.3347,1.32,1.3322,2111,50,0,0.006345369391146827,1
1991-02-04,1.3343,1.3422,1.3301,1.337,2151,50,0,0.0036030626032126367,1
1991-02-05,1.3375,1.3426,1.3341,1.3409,1361,50,0,0.0029169783096485435,1
1991-02-06,1.3404,1.3512,1.34,1.3492,1361,50,0,0.006189872473711722,1
1991-02-07,1.3495,1.3508,1.3426,1.3442,1111,50,0,-0.0037058997924694914,-1
1991-02-08,1.3442,1.3449,1.3378,1.343,1301,50,0,-0.00089272429697973,-1
1991-02-11,1.3418,1.355,1.3412,1.3513,1811,50,0,0.006180193596425854,1
1991-02-12,1.3529,1.3529,1.3423,1.3443,1261,50,0,-0.005180196847480167,-1
1991-02-13,1.3447,1.347,1.3347,1.3369,1681,50,0,-0.005504723647995258,-1
1991-02-14,1.3351,1.3393,1.3303,1.3338999999999999,1681,50,0,-0.0022439973072033714,-1
1991-02-15,1.3341,1.336,1.3204,1.3237999999999999,2091,50,0,-0.0075717819926530705,-1
1991-02-18,1.3246,1.3263,1.3176,1.3178,1061,50,0,-0.004532406707961734,-1
1991-02-19,1.3199,1.3221,1.3068,1.3096,2031,50,0,-0.006222492032174842,-1
1991-02-20,1.3094000000000001,1.3147,1.3041,1.3084,2021,50,0,-0.0009163103237630477,-1
1991-02-21,1.3083,1.316,1.3046,1.3101,2101,50,0,0.0012992968511158498,1
1991-02-22,1.3104,1.3178,1.2976,1.2991,2911,50,0,-0.008396305625524847,-1
1991-02-25,1.2955,1.2977,1.2827,1.286,2051,50,0,-0.010083904241397823,-1
1991-02-26,1.2863,1.2969,1.2795,1.2841,3261,50,0,-0.001477449455676516,-1
1991-02-27,1.2842,1.287,1.2805,1.2851,1211,50,0,0.0007787555486331588,1
1991-02-28,1.2854,1.2916,1.2793999999999999,1.2829,2191,50,0,-0.0017119290327600734,-1
1991-03-01,1.2822,1.2825,1.2699,1.27,1301,50,0,-0.01005534336269387,-1
1991-03-04,1.2722,1.2770000000000001,1.2665,1.2759,1731,50,0,0.004645669291338583,1
1991-03-05,1.2756,1.2833,1.266,1.2682,2721,50,0,-0.006034955717532764,-1
1991-03-06,1.2681,1.2727,1.2608,1.2719,2001,50,0,0.002917520895757697,1
1991-03-07,1.2719,1.2734,1.2624,1.2651,1521,50,0,-0.005346332258825526,-1
1991-03-08,1.2652999999999999,1.2671000000000001,1.2461,1.2466,2331,50,0,-0.014623349932811558,-1
1991-03-11,1.2417,1.2465,1.2328000000000001,1.2374,2311,50,0,-0.007380073800737907,-1
1991-03-12,1.2381,1.2505,1.2376,1.2483,1561,50,0,0.008808792629707352,1
1991-03-13,1.249,1.2503,1.2368000000000001,1.245,2301,50,0,-0.002643595289593681,-1
1991-03-14,1.245,1.2471,1.2336,1.2347,1671,50,0,-0.008273092369478041,-1
1991-03-15,1.2348,1.2372,1.2156,1.2169,2531,50,0,-0.014416457439053842,-1
1991-03-18,1.2197,1.2215,1.1943,1.2013,3601,50,0,-0.012819459281781631,-1
1991-03-19,1.2011,1.2095,1.1699,1.1852,6331,50,0,-0.013402147673353904,-1
1991-03-20,1.1852,1.1917,1.1759,1.1907,2611,50,0,0.004640566992912598,1
1991-03-21,1.191,1.2073,1.191,1.1976,2601,50,0,0.005794910556815136,1
1991-03-22,1.1978,1.2033,1.1846,1.1873,2691,50,0,-0.008600534402137594,-1
1991-03-25,1.1831,1.186,1.158,1.1607,3361,50,0,-0.022403773267076543,-1
1991-03-26,1.1614,1.1637,1.1514,1.1597,2291,50,0,-0.0008615490652194024,-1
1991-03-27,1.1597,1.1668,1.1392,1.1453,4081,50,0,-0.012417004397689002,-1
1991-03-28,1.1449,1.1498,1.1360000000000001,1.1477,2481,50,0,0.0020955208242381396,1
1991-04-01,1.1513,1.1684,1.1512,1.1684,1731,50,0,0.018036072144288706,1
1991-04-02,1.1727,1.1817,1.15,1.172,6271,50,0,0.003081136597055556,1
1991-04-03,1.1719,1.176,1.16,1.1654,2551,50,0,-0.005631399317406083,-1
1991-04-04,1.1655,1.1769,1.1584,1.1724,3011,50,0,0.006006521366054729,1
1991-04-05,1.173,1.1817,1.1593,1.1601,3191,50,0,-0.010491299897646078,-1
1991-04-08,1.1551,1.1605,1.1521,1.1553,1661,50,0,-0.004137574347038986,-1
1991-04-09,1.1553,1.1747,1.1533,1.1736,2451,50,0,0.01584004154764984,1
1991-04-10,1.1739,1.1787,1.1595,1.163,2751,50,0,-0.009032038173142465,-1
1991-04-11,1.1632,1.1746,1.1592,1.172,2201,50,0,0.007738607050730817,1
1991-04-12,1.1723,1.1728,1.1565,1.1618,2211,50,0,-0.008703071672354956,-1
1991-04-15,1.1617,1.1736,1.1605,1.1705,1741,50,0,0.007488380099845093,1
1991-04-16,1.1716,1.1789,1.1698,1.1735,1631,50,0,0.002563007261853878,1
1991-04-17,1.1737,1.1769,1.1689,1.1739,1581,50,0,0.0003408606731998276,1
1991-04-18,1.1732,1.1735,1.1455,1.1472,3001,50,0,-0.02274469716330174,-1
1991-04-19,1.1388,1.1426,1.126,1.1272,2161,50,0,-0.017433751743375137,-1
1991-04-22,1.1228,1.1253,1.1057,1.1122,2861,50,0,-0.01330731014904174,-1
1991-04-23,1.1123,1.1241,1.1073,1.1229,2301,50,0,0.009620571839597192,1
1991-04-24,1.1229,1.1287,1.1132,1.1191,2721,50,0,-0.0033840947546531774,-1
1991-04-25,1.1193,1.1216,1.1095,1.1188,2371,50,0,-0.00026807255830574306,-1
1991-04-26,1.1184,1.1222,1.114,1.1166,1461,50,0,-0.0019663925634608725,-1
1991-04-29,1.111,1.1157,1.0972,1.1157,3231,50,0,-0.0008060182697475771,-1
1991-04-30,1.1152,1.1478,1.1138,1.1461000000000001,3711,50,0,0.027247467957336458,1
1991-05-01,1.1459,1.1568,1.1401,1.1441,3161,50,0,-0.0017450484250940423,-1
1991-05-02,1.1439,1.1472,1.1312,1.1357,2381,50,0,-0.007342015558080561,-1
1991-05-03,1.1351,1.1428,1.1156,1.1186,3791,50,0,-0.015056793167209537,-1
1991-05-06,1.1229,1.1325,1.1192,1.1289,2061,50,0,0.009207938494546708,1
1991-05-07,1.1289,1.1401,1.1276,1.1393,1461,50,0,0.009212507750907983,1
1991-05-08,1.1396,1.1396,1.1275,1.1299,1451,50,0,-0.00825068024225406,-1
1991-05-09,1.13,1.1320000000000001,1.1194,1.1314,2381,50,0,0.0013275511107178062,1
1991-05-10,1.1315,1.1362,1.1267,1.1345,1601,50,0,0.0027399681810147403,1
1991-05-13,1.1338,1.1455,1.1328,1.1416,1761,50,0,0.006258263552225474,1
1991-05-14,1.1418,1.1541,1.1351,1.1533,2651,50,0,0.010248773651016174,1
1991-05-15,1.1531,1.1621,1.15,1.1604,1691,50,0,0.00615624729038422,1
1991-05-16,1.1606,1.1614,1.1516,1.154,1301,50,0,-0.005515339538090469,-1
1991-05-17,1.1538,1.154,1.1229,1.1248,3321,50,0,-0.025303292894280682,-1
1991-05-20,1.1171,1.134,1.111,1.1294,3371,50,0,0.004089615931721191,1
1991-05-21,1.1291,1.1446,1.1283,1.1416,2011,50,0,0.010802195856206787,1
1991-05-22,1.1421000000000001,1.143,1.1339,1.135,1111,50,0,-0.005781359495444893,-1
1991-05-23,1.1348,1.1435,1.1303,1.1413,1991,50,0,0.005550660792951412,1
1991-05-24,1.1414,1.1482999999999999,1.1400000000000001,1.1482,981,50,0,0.006045737317094568,1
1991-05-27,1.1477,1.1532,1.1443,1.151,1451,50,0,0.002438599547117226,1
1991-05-28,1.1467,1.1559,1.1419,1.1544,2031,50,0,0.0029539530842745965,1
1991-05-29,1.154,1.1567,1.1381999999999999,1.1409,2391,50,0,-0.011694386694386716,-1
1991-05-30,1.1409,1.1461999999999999,1.1356,1.138,1831,50,0,-0.002541852923130916,-1
1991-05-31,1.1383,1.1397,1.1216,1.1225,2041,50,0,-0.013620386643233617,-1
1991-06-03,1.1223,1.1256,1.1131,1.1184,2111,50,0,-0.003652561247216024,-1
1991-06-04,1.1188,1.1251,1.115,1.1218,1721,50,0,0.0030400572246065405,1
1991-06-05,1.1216,1.1245,1.114,1.119,1841,50,0,-0.002495988589766407,-1
1991-06-06,1.1188,1.1191,1.1143,1.1162,701,50,0,-0.0025022341376228496,-1
1991-06-07,1.1163,1.1163,1.1023,1.1036,1531,50,0,-0.011288299587887574,-1
1991-06-10,1.1036,1.1071,1.1003,1.1064,1081,50,0,0.0025371511417180415,1
1991-06-11,1.1062,1.1089,1.1018,1.1029,1091,50,0,-0.003163412870571314,-1
1991-06-12,1.103,1.1043,1.0902,1.0919,1711,50,0,-0.009973705685012102,-1
1991-06-13,1.092,1.0934,1.0815,1.0886,2041,50,0,-0.0030222547852367665,-1
1991-06-14,1.0885,1.0956,1.0847,1.0901,2021,50,0,0.0013779165901157686,1
1991-06-17,1.0899,1.0915,1.0859,1.0902,1091,50,0,9.17347032383109e-05,1
1991-06-18,1.0902,1.0907,1.0757,1.076,1581,50,0,-0.013025133003118694,-1
1991-06-19,1.0764,1.0944,1.0732,1.0921,2671,50,0,0.014962825278810321,1
1991-06-20,1.0928,1.1012,1.0881,1.0906,2401,50,0,-0.0013735005951835966,-1
1991-06-21,1.0906,1.0913,1.0836,1.0855,1031,50,0,-0.004676324958738376,-1
1991-06-24,1.0794,1.0985,1.0757,1.0974,2761,50,0,0.010962690004606257,1
1991-06-25,1.0974,1.0997,1.086,1.0901,2011,50,0,-0.006652086750501107,-1
1991-06-26,1.0897000000000001,1.0981,1.0873,1.0937000000000001,1761,50,0,0.003302449316576528,1
1991-06-27,1.0937999999999999,1.0953,1.085,1.0897000000000001,1651,50,0,-0.0036573100484593724,-1
1991-06-28,1.0897000000000001,1.0902,1.0766,1.0796000000000001,1711,50,0,-0.009268606038359217,-1
1991-07-01,1.0812,1.0817,1.0691,1.0692,1321,50,0,-0.009633197480548472,-1
1991-07-02,1.0692,1.0727,1.0635,1.0655000000000001,1471,50,0,-0.003460531238308806,-1
1991-07-03,1.0656,1.0745,1.0652,1.0693,1491,50,0,0.0035664007508209306,1
1991-07-04,1.0688,1.0706,1.0651,1.0657,791,50,0,-0.0033666884877956438,-1
1991-07-05,1.0661,1.0716,1.0612,1.0711,1581,50,0,0.00506709205217204,1
1991-07-08,1.0718,1.0831,1.0712,1.0814,1421,50,0,0.009616282326580183,1
1991-07-09,1.0813,1.0816,1.0751,1.0766,831,50,0,-0.004438690586276994,-1
1991-07-10,1.0769,1.0806,1.0728,1.0776,1491,50,0,0.0009288500835964442,1
1991-07-11,1.0772,1.0811,1.0651,1.0663,2111,50,0,-0.01048626577579792,-1
1991-07-12,1.0663,1.0953,1.0636,1.0932,3651,50,0,0.02522742192628713,1
1991-07-15,1.0947,1.0951,1.088,1.0914,1091,50,0,-0.0016465422612513825,-1
1991-07-16,1.0915,1.0926,1.0853,1.0858,891,50,0,-0.005131024372365567,-1
1991-07-17,1.0859,1.0945,1.0854,1.0918,1231,50,0,0.0055258795358261725,1
1991-07-18,1.0925,1.1069,1.0914,1.103,2051,50,0,0.010258289063931114,1
1991-07-19,1.1034,1.1198,1.1013,1.1198,2061,50,0,0.015231187669990875,1
1991-07-22,1.1179000000000001,1.1224,1.1084,1.1088,1891,50,0,-0.009823182711198308,-1
1991-07-23,1.1085,1.1147,1.1032,1.1125,1901,50,0,0.003336940836940805,1
1991-07-24,1.1129,1.1299,1.1129,1.1261,2081,50,0,0.012224719101123549,1
1991-07-25,1.1263,1.1266,1.108,1.112,2291,50,0,-0.012521090489299391,-1
1991-07-26,1.1118,1.129,1.1092,1.121,3041,50,0,0.008093525179855954,1
1991-07-29,1.1182,1.1213,1.1142,1.1198,1261,50,0,-0.0010704727921500012,-1
1991-07-30,1.1199,1.1244,1.1144,1.1155,1561,50,0,-0.00383997142346848,-1
1991-07-31,1.1153,1.1234,1.1139000000000001,1.1223,1201,50,0,0.0060959211116091705,1
1991-08-01,1.1224,1.1228,1.1109,1.1144,1581,50,0,-0.007039116100864273,-1
1991-08-02,1.1145,1.1285,1.1061,1.1232,3611,50,0,0.007896625987078076,1
1991-08-05,1.1249,1.1394,1.1247,1.1388,1551,50,0,0.01388888888888884,1
1991-08-06,1.139,1.1458,1.1385,1.1439,971,50,0,0.004478398314014642,1
1991-08-07,1.1439,1.1446,1.137,1.1439,1521,50,0,0.0,-1
1991-08-08,1.1441,1.1508,1.1346,1.1387,2701,50,0,-0.004545851910131904,-1
1991-08-09,1.1387,1.1427,1.1294,1.1316,1951,50,0,-0.006235180468955881,-1
1991-08-12,1.1333,1.1352,1.1277,1.1347,1361,50,0,0.0027394839165784113,1
1991-08-13,1.1345,1.1369,1.1277,1.1287,1261,50,0,-0.005287741253194644,-1
1991-08-14,1.1288,1.1302,1.123,1.1256,1121,50,0,-0.0027465225480642896,-1
1991-08-15,1.1255,1.1338,1.1163,1.1179000000000001,2741,50,0,-0.006840796019900286,-1
1991-08-16,1.1178,1.1202,1.1078999999999999,1.1083,1511,50,0,-0.00858753019053582,-1
1991-08-19,1.1107,1.1124,1.0663,1.0723,5381,50,0,-0.03248217991518543,-1
1991-08-20,1.0725,1.0958,1.0704,1.088,3531,50,0,0.014641424974354278,1
1991-08-21,1.0879,1.1266,1.0808,1.1243,5521,50,0,0.03336397058823537,1
1991-08-22,1.1239,1.1333,1.1174,1.1276,2811,50,0,0.0029351596548963244,1
1991-08-23,1.1268,1.1303,1.1153,1.1191,2231,50,0,-0.007538134090102844,-1
1991-08-26,1.1191,1.1209,1.1156,1.1196,1011,50,0,0.00044678759717631245,1
1991-08-27,1.1193,1.1218,1.1159,1.1164,891,50,0,-0.0028581636298676827,-1
1991-08-28,1.1164,1.1272,1.1106,1.1252,2441,50,0,0.00788247939806519,1
1991-08-29,1.1251,1.1309,1.1193,1.1219999999999999,2011,50,0,-0.0028439388553146427,-1
1991-08-30,1.1218,1.1262,1.1156,1.1182,1761,50,0,-0.0033868092691620166,-1
1991-09-02,1.1199,1.1216,1.1186,1.1201,581,50,0,0.0016991593632624813,1
1991-09-03,1.1211,1.1274,1.1205,1.1251,981,50,0,0.004463887152932777,1
1991-09-04,1.1283,1.1283,1.1244,1.1253,481,50,0,0.0001777619767131533,1
1991-09-05,1.125,1.1265,1.1232,1.125,661,50,0,-0.00026659557451347293,-1
1991-09-06,1.1251,1.1413,1.1233,1.1406,2051,50,0,0.013866666666666694,1
1991-09-09,1.1418,1.1573,1.1408,1.1549,1991,50,0,0.012537261090654006,1
1991-09-10,1.154,1.1602000000000001,1.1515,1.1551,1631,50,0,0.00017317516668113875,1
1991-09-11,1.1539,1.1598,1.1495,1.1595,1501,50,0,0.003809194009176675,1
1991-09-12,1.1594,1.1662,1.1564,1.1583,1851,50,0,-0.0010349288486415364,-1
1991-09-13,1.1579,1.1649,1.1527,1.1589,2341,50,0,0.0005180005180005498,1
1991-09-16,1.1587,1.1707,1.1566,1.1684,1851,50,0,0.008197428596082634,1
1991-09-17,1.1682,1.1737,1.1666,1.167,1301,50,0,-0.001198219787743926,-1
1991-09-18,1.1679,1.1695,1.1546,1.1592,2111,50,0,-0.006683804627249379,-1
1991-09-19,1.1591,1.1625,1.156,1.1586,1251,50,0,-0.0005175983436852549,-1
1991-09-20,1.1584,1.1618,1.1515,1.1605,1851,50,0,0.001639910236492348,1
1991-09-23,1.1626,1.1722,1.1621,1.1688,1401,50,0,0.007152089616544677,1
1991-09-24,1.1688,1.1762,1.1581,1.1591,2651,50,0,-0.008299110198494164,-1
1991-09-25,1.1596,1.1667,1.1578,1.1639,1351,50,0,0.004141143991027496,1
1991-09-26,1.1638,1.168,1.1586,1.1604,1541,50,0,-0.003007131196838042,-1
1991-09-27,1.1602000000000001,1.1724,1.156,1.1724,2061,50,0,0.010341261633919352,1
1991-09-30,1.1736,1.1796,1.1702,1.1709,1611,50,0,-0.0012794268167861667,-1
1991-10-01,1.171,1.1747,1.1703999999999999,1.1724999999999999,711,50,0,0.0013664702365701054,1
1991-10-02,1.1722,1.1782,1.1722,1.1738,1041,50,0,0.0011087420042643625,1
1991-10-03,1.1734,1.1793,1.1723,1.1759,1151,50,0,0.0017890611688533564,1
1991-10-04,1.176,1.1779,1.1605,1.1658,2461,50,0,-0.008589165745386484,-1
1991-10-07,1.1685,1.1688,1.1621,1.164,891,50,0,-0.0015440041173443442,-1
1991-10-08,1.1641,1.1659,1.1463,1.147,2211,50,0,-0.014604810996563522,-1
1991-10-09,1.1474,1.1598,1.1401,1.1565,3031,50,0,0.008282476024411567,1
1991-10-10,1.1565,1.1622,1.151,1.1539,1981,50,0,-0.002248162559446709,-1
1991-10-11,1.1534,1.1591,1.1482999999999999,1.1586,1641,50,0,0.004073143253314981,1
1991-10-14,1.1551,1.158,1.1496,1.1505,1221,50,0,-0.006991196271362021,-1
1991-10-15,1.1501000000000001,1.1503,1.1412,1.1421000000000001,1021,50,0,-0.007301173402868288,-1
1991-10-16,1.1417,1.1508,1.1416,1.1469,1321,50,0,0.004202784344628174,1
1991-10-17,1.1467,1.1545,1.146,1.1538,991,50,0,0.006016217630133269,1
1991-10-18,1.1537,1.1599,1.1526,1.1591,921,50,0,0.00459351707401634,1
1991-10-21,1.1593,1.1615,1.1548,1.1559,1001,50,0,-0.0027607626606851454,-1
1991-10-22,1.1562000000000001,1.1566,1.1503,1.1508,721,50,0,-0.004412146379444537,-1
1991-10-23,1.151,1.1513,1.1421999999999999,1.1428,1001,50,0,-0.006951685783802564,-1
1991-10-24,1.143,1.1536,1.1423,1.1511,1451,50,0,0.00726286314315705,1
1991-10-25,1.1507,1.1549,1.1489,1.1505,1181,50,0,-0.0005212405525149011,-1
1991-10-28,1.1482,1.149,1.1356,1.1387,1731,50,0,-0.010256410256410331,-1
1991-10-29,1.1377,1.1633,1.1376,1.1598,2931,50,0,0.018529902520417973,1
1991-10-30,1.1589,1.1722,1.1579,1.1694,1811,50,0,0.008277289187791137,1
1991-10-31,1.1697,1.174,1.1661,1.1724,1311,50,0,0.002565418163160693,1
1991-11-01,1.172,1.1913,1.1701,1.1897,2471,50,0,0.0147560559535993,1
1991-11-04,1.1919,1.2009,1.1872,1.1923,2701,50,0,0.0021854248970327728,1
1991-11-05,1.191,1.1962,1.1883,1.1936,1321,50,0,0.0010903296150297503,1
1991-11-06,1.1902,1.1989,1.1886,1.1969,1391,50,0,0.0027647453083110562,1
1991-11-07,1.1969,1.2025000000000001,1.1886,1.1899,2081,50,0,-0.005848441808004146,-1
1991-11-08,1.1897,1.1931,1.1849,1.1884000000000001,1511,50,0,-0.0012606101353053178,-1
1991-11-11,1.1844999999999999,1.1931,1.1842,1.1931,921,50,0,0.00395489734096266,1
1991-11-12,1.1926,1.1984,1.192,1.1932,1221,50,0,8.381527114242893e-05,1
1991-11-13,1.194,1.1997,1.1904,1.1991,1351,50,0,0.004944686557157185,1
1991-11-14,1.1983,1.2026,1.197,1.2005,901,50,0,0.0011675423234089877,1
1991-11-15,1.2002,1.2085,1.1936,1.2083,2171,50,0,0.00649729279466893,1
1991-11-18,1.217,1.2225,1.213,1.2138,1581,50,0,0.004551849706198929,1
1991-11-19,1.2134,1.2293,1.213,1.2235,2251,50,0,0.007991431866864351,1
1991-11-20,1.2235,1.2255,1.2176,1.2233,1561,50,0,-0.0001634654679198988,-1
1991-11-21,1.2224,1.228,1.2175,1.2198,1841,50,0,-0.0028611133818360335,-1
1991-11-22,1.2196,1.2388,1.2196,1.2345,2351,50,0,0.012051155927201185,1
1991-11-25,1.2335,1.2389000000000001,1.2304,1.231,1451,50,0,-0.0028351559335761944,-1
1991-11-26,1.2306,1.2389999999999999,1.2037,1.2147000000000001,5471,50,0,-0.013241267262388279,-1
1991-11-27,1.2154,1.2212,1.2093,1.2113,1971,50,0,-0.0027990450316951465,-1
1991-11-28,1.2104,1.2139,1.2073,1.2093,1211,50,0,-0.0016511186328738159,-1
1991-11-29,1.2084,1.2084,1.1949,1.2034,2201,50,0,-0.004878855536260662,-1
1991-12-02,1.21,1.2193,1.209,1.2133,1731,50,0,0.008226691042047651,1
1991-12-03,1.2134,1.2177,1.2099,1.216,1301,50,0,0.002225335860875255,1
1991-12-04,1.216,1.2251,1.2095,1.225,2221,50,0,0.0074013157894736725,1
1991-12-05,1.225,1.2343,1.2242,1.234,1121,50,0,0.00734693877551007,1
1991-12-09,1.2444,1.2478,1.2389999999999999,1.2456,1641,50,0,0.00940032414910874,1
1991-12-10,1.2453,1.252,1.2338,1.2387,2981,50,0,-0.005539499036608997,-1
1991-12-11,1.2391,1.2413,1.2256,1.2399,3061,50,0,0.0009687575684185212,1
1991-12-12,1.2396,1.2437,1.2345,1.237,1581,50,0,-0.0023388982982497364,-1
1991-12-13,1.2374,1.2427,1.2296,1.2306,1941,50,0,-0.005173807599030078,-1
1991-12-16,1.2316,1.2426,1.2315,1.2423,1151,50,0,0.009507557289127222,1
1991-12-17,1.2422,1.2481,1.2388,1.2461,1471,50,0,0.0030588424696127436,1
1991-12-18,1.246,1.2484,1.2419,1.2445,1151,50,0,-0.0012840060990290114,-1
1991-12-19,1.2446,1.2572999999999999,1.2405,1.2557,2251,50,0,0.008999598232221961,1
1991-12-20,1.2559,1.2769,1.2546,1.2748,2571,50,0,0.01521063948395307,1
1991-12-23,1.2762,1.2987,1.2762,1.2878,3341,50,0,0.010197678067147775,1
1991-12-24,1.2907,1.2921,1.283,1.2836,1111,50,0,-0.0032613759900606,-1
1991-12-26,1.2961,1.2998,1.2948,1.2993999999999999,671,50,0,0.012309130570270943,1
1991-12-27,1.2969,1.3014999999999999,1.2865,1.2872,2031,50,0,-0.009388948745574832,-1
1991-12-30,1.2798,1.2913999999999999,1.2798,1.2841,1891,50,0,-0.0024083281541329438,-1
1991-12-31,1.284,1.2907,1.284,1.287,1041,50,0,0.002258391091036538,1
1992-01-02,1.2841,1.2932000000000001,1.2735,1.2774,3271,50,0,-0.007459207459207362,-1
1992-01-03,1.2771,1.28,1.263,1.2673,2421,50,0,-0.007906685454830087,-1
1992-01-06,1.2678,1.2911000000000001,1.2676,1.2889,2591,50,0,0.017044109524185114,1
1992-01-07,1.2888,1.2995,1.2846,1.2973,2131,50,0,0.006517185196679209,1
1992-01-08,1.2974999999999999,1.3006,1.2873999999999999,1.2946,2351,50,0,-0.0020812456640715293,-1
1992-01-09,1.2952,1.2973,1.2441,1.2528000000000001,6401,50,0,-0.032287965394716345,-1
1992-01-10,1.2534,1.2603,1.2317,1.2319,3571,50,0,-0.016682630906768914,-1
1992-01-13,1.24,1.2459,1.2363,1.241,1821,50,0,0.0073869632275347374,1
1992-01-14,1.2407,1.2495,1.2241,1.2291,3921,50,0,-0.009589041095890427,-1
1992-01-15,1.2286,1.2315,1.1966,1.2072,4841,50,0,-0.01781791554796197,-1
1992-01-16,1.2064,1.2161,1.2024,1.2105,2331,50,0,0.0027335984095426813,1
1992-01-17,1.2113,1.2307,1.1968,1.2292,4991,50,0,0.015448161916563619,1
1992-01-20,1.2382,1.2387,1.2232,1.2263,1911,50,0,-0.002359258054018931,-1
1992-01-21,1.2334,1.2379,1.2269,1.2303,1891,50,0,0.0032618445731060763,1
1992-01-22,1.2316,1.236,1.225,1.2292,1961,50,0,-0.0008940908721448704,-1
1992-01-23,1.2288000000000001,1.2312,1.2115,1.2155,2611,50,0,-0.011145460462089196,-1
1992-01-24,1.2154,1.2396,1.2119,1.2311,3971,50,0,0.012834224598930577,1
1992-01-27,1.2238,1.2238,1.2098,1.2114,1561,50,0,-0.01600194947607836,-1
1992-01-28,1.2113,1.2265,1.2113,1.2227000000000001,1901,50,0,0.009328050189862935,1
1992-01-29,1.2225,1.2357,1.2184,1.2192,3131,50,0,-0.0028625173795698844,-1
1992-01-30,1.2192,1.2259,1.2057,1.2092,3041,50,0,-0.00820209973753283,-1
1992-01-31,1.2093,1.2227000000000001,1.206,1.2126000000000001,3011,50,0,0.0028117763810784346,1
1992-02-03,1.2161,1.225,1.2155,1.2223,1281,50,0,0.007999340260596899,1
1992-02-04,1.2226,1.2332,1.2212,1.2287,1791,50,0,0.005236030434426775,1
1992-02-05,1.2286,1.2392,1.2275,1.2383,1371,50,0,0.007813135834622065,1
1992-02-06,1.2381,1.2447,1.2353,1.2396,1731,50,0,0.0010498263748688341,1
1992-02-07,1.2393,1.2564,1.2351,1.2535,2841,50,0,0.011213294611164937,1
1992-02-10,1.2543,1.2562,1.2385,1.2404,2151,50,0,-0.010450737933785481,-1
1992-02-11,1.2456,1.2459,1.2225,1.2239,2511,50,0,-0.013302160593356982,-1
1992-02-12,1.2238,1.2293,1.2141,1.217,2361,50,0,-0.005637715499632212,-1
1992-02-13,1.2165,1.2255,1.201,1.2036,3611,50,0,-0.011010682004930272,-1
1992-02-14,1.2048,1.2117,1.1979,1.2026,2541,50,0,-0.0008308408109006793,-1
1992-02-17,1.2048,1.2166,1.2012,1.2029,2891,50,0,0.00024945950440735665,1
1992-02-18,1.2039,1.205,1.1848,1.1901,2661,50,0,-0.010640951034998847,-1
1992-02-19,1.1899,1.1918,1.1855,1.1893,1201,50,0,-0.0006722124191244072,-1
1992-02-20,1.1892,1.1932,1.1797,1.1899,2631,50,0,0.0005044984444630973,1
1992-02-21,1.1898,1.1914,1.1789,1.1803,1551,50,0,-0.008067904865955211,-1
1992-02-24,1.1844999999999999,1.1877,1.1749,1.1844999999999999,2561,50,0,0.0035584173515208484,1
1992-02-25,1.1844999999999999,1.1983,1.1776,1.1785,3541,50,0,-0.0050654284508229175,-1
1992-02-26,1.1786,1.1888,1.174,1.1874,2081,50,0,0.007551972846839172,1
1992-02-27,1.1858,1.1972,1.1857,1.1952,1361,50,0,0.0065689742294088305,1
1992-02-28,1.1942,1.1996,1.1891,1.1894,1621,50,0,-0.004852744310575696,-1
1992-03-02,1.1895,1.1985999999999999,1.1872,1.1901,2221,50,0,0.0005885320329577226,1
1992-03-03,1.1898,1.1913,1.1771,1.1807,1931,50,0,-0.007898495924712035,-1
1992-03-04,1.1804999999999999,1.1815,1.1687,1.1712,1631,50,0,-0.008046074362666245,-1
1992-03-05,1.171,1.1728,1.1643,1.1699,1591,50,0,-0.0011099726775957164,-1
1992-03-06,1.1699,1.1776,1.1667,1.1749,1681,50,0,0.004273869561500998,1
1992-03-09,1.1727,1.1787,1.1719,1.177,931,50,0,0.001787386160524207,1
1992-03-10,1.1774,1.1792,1.1693,1.1703000000000001,1271,50,0,-0.005692438402718714,-1
1992-03-11,1.1703999999999999,1.1781,1.165,1.1775,1911,50,0,0.006152268649064263,1
1992-03-12,1.1775,1.1778,1.166,1.1707,1681,50,0,-0.005774946921443647,-1
1992-03-13,1.1709,1.1751,1.1661,1.1714,1751,50,0,0.0005979328606815493,1
1992-03-16,1.1729,1.1774,1.1684,1.177,1391,50,0,0.004780604404985622,1
1992-03-17,1.1762,1.1889,1.1759,1.1873,1491,50,0,0.008751062022090084,1
1992-03-18,1.1858,1.1893,1.1812,1.1855,1591,50,0,-0.0015160448075465238,-1
1992-03-19,1.1829,1.1858,1.1691,1.1707,2121,50,0,-0.012484183888654465,-1
1992-03-20,1.1698,1.172,1.1615,1.169,2021,50,0,-0.0014521226616553973,-1
1992-03-23,1.1689,1.175,1.1654,1.1713,1681,50,0,0.0019674935842599606,1
1992-03-24,1.1741,1.1776,1.1691,1.1748,1631,50,0,0.002988132843848801,1
1992-03-25,1.1752,1.1859,1.1749,1.1834,1381,50,0,0.007320394960844245,1
1992-03-26,1.1835,1.1856,1.1756,1.1769,1341,50,0,-0.005492648301504088,-1
1992-03-27,1.1766,1.193,1.1742,1.1903,2391,50,0,0.011385844166879044,1
1992-03-30,1.1899,1.1923,1.1826,1.187,1651,50,0,-0.0027724103167267033,-1
1992-03-31,1.1872,1.1926,1.185,1.1903,1211,50,0,0.0027801179443975865,1
1992-04-01,1.19,1.1909,1.181,1.1836,1341,50,0,-0.0056288330672938924,-1
1992-04-02,1.1835,1.1909,1.1787,1.1903,1761,50,0,0.0056606961811422885,1
1992-04-03,1.1901,1.2056,1.1875,1.2026,2371,50,0,0.010333529362345661,1
1992-04-06,1.2021,1.2081,1.1994,1.2033,1621,50,0,0.0005820721769500548,1
1992-04-07,1.203,1.2066,1.1987,1.205,1381,50,0,0.0014127815174935776,1
1992-04-08,1.2031,1.2077,1.2004,1.2016,1311,50,0,-0.0028215767634854894,-1
1992-04-09,1.2013,1.212,1.1949,1.2079,2761,50,0,0.0052430093209054895,1
1992-04-10,1.2079,1.2112,1.1934,1.1945000000000001,2221,50,0,-0.011093633578938555,-1
1992-04-13,1.1917,1.1938,1.1799,1.1834,1951,50,0,-0.009292591042277198,-1
1992-04-14,1.1836,1.1902,1.1814,1.1888,1241,50,0,0.0045631232043266134,1
1992-04-15,1.1812,1.1892,1.1746,1.18,2801,50,0,-0.007402422611036408,-1
1992-04-16,1.1763,1.1797,1.1696,1.1728,1671,50,0,-0.006101694915254141,-1
1992-04-17,1.1721,1.1734,1.1712,1.1726,391,50,0,-0.00017053206002726196,-1
1992-04-20,1.1722,1.1757,1.1663000000000001,1.1727,1831,50,0,8.528057308554438e-05,1
1992-04-21,1.1723,1.1762,1.1709,1.1715,981,50,0,-0.0010232796111537823,-1
1992-04-22,1.1735,1.1781,1.1694,1.176,1491,50,0,0.003841229193341844,1
1992-04-23,1.176,1.1802,1.1724,1.1769,1471,50,0,0.000765306122449072,1
1992-04-24,1.1786,1.1883,1.1779,1.1834,1601,50,0,0.005522984110799545,1
1992-04-27,1.1844999999999999,1.1855,1.1793,1.1823,1021,50,0,-0.0009295250971776969,-1
1992-04-28,1.1823,1.1836,1.1766,1.1823,1401,50,0,0.0,-1
1992-04-29,1.1822,1.1837,1.1787,1.1798,761,50,0,-0.0021145225408102375,-1
1992-04-30,1.1796,1.1878,1.1776,1.1872,1281,50,0,0.006272249533819441,1
1992-05-01,1.1872,1.193,1.1837,1.1841,1551,50,0,-0.002611185983827591,-1
1992-05-04,1.1891,1.1919,1.1856,1.1874,1091,50,0,0.0027869267798328323,1
1992-05-05,1.1872,1.1957,1.1848,1.1945999999999999,1441,50,0,0.006063668519454168,1
1992-05-06,1.195,1.2031,1.1923,1.2003,1631,50,0,0.004771471622300405,1
1992-05-07,1.2002,1.2008,1.1816,1.198,3621,50,0,-0.0019161876197617556,-1
1992-05-08,1.1985000000000001,1.2005,1.1865999999999999,1.1893,1861,50,0,-0.007262103505842998,-1
1992-05-11,1.1891,1.1952,1.1878,1.194,991,50,0,0.003951904481627855,1
1992-05-12,1.1925,1.2062,1.1922,1.2049,1561,50,0,0.009128978224455686,1
1992-05-13,1.2053,1.2163,1.2029,1.2158,1631,50,0,0.009046393891609217,1
1992-05-14,1.2102,1.2184,1.2053,1.2092,2521,50,0,-0.005428524428359838,-1
1992-05-15,1.2105,1.2178,1.2053,1.215,2051,50,0,0.0047965597088983625,1
1992-05-18,1.2112,1.2268,1.2111,1.2255,1711,50,0,0.00864197530864197,1
1992-05-19,1.2256,1.2319,1.2232,1.2275,1551,50,0,0.00163198694410438,1
1992-05-20,1.2301,1.2301,1.2195,1.2214,1251,50,0,-0.004969450101833028,-1
1992-05-21,1.2203,1.2216,1.2091,1.2111,1581,50,0,-0.008432945799901725,-1
1992-05-22,1.211,1.2125,1.2042,1.2094,1501,50,0,-0.0014036826025927152,-1
1992-05-25,1.209,1.2136,1.2089,1.2124,601,50,0,0.002480568877128997,1
1992-05-26,1.211,1.2171,1.2092,1.214,1281,50,0,0.001319696469811893,1
1992-05-27,1.2113,1.2151,1.1927,1.1962,2971,50,0,-0.014662273476112042,-1
1992-05-28,1.1941,1.2076,1.1936,1.2076,1451,50,0,0.00953017889984964,1
1992-05-29,1.2092,1.2204,1.2064,1.2166,2061,50,0,0.007452798940046357,1
1992-06-01,1.2172,1.2256,1.2109,1.2176,2901,50,0,0.0008219628472794227,1
1992-06-02,1.2176,1.2204,1.2085,1.2114,1761,50,0,-0.00509198423127466,-1
1992-06-03,1.2116,1.222,1.2067,1.2202,2201,50,0,0.0072643222717516664,1
1992-06-04,1.2166,1.2288000000000001,1.216,1.2288000000000001,1341,50,0,0.007048024913948625,1
1992-06-05,1.2288000000000001,1.2352,1.2248,1.2278,1981,50,0,-0.0008138020833333703,-1
1992-06-08,1.2311,1.2331,1.2263,1.2321,1261,50,0,0.003502199055220645,1
1992-06-09,1.2314,1.2377,1.2272,1.2283,1791,50,0,-0.003084165246327375,-1
1992-06-10,1.2281,1.2303,1.2222,1.2284,1591,50,0,8.141333550426566e-05,1
1992-06-11,1.2288999999999999,1.2416,1.228,1.24,1611,50,0,0.009443178117876982,1
1992-06-12,1.2397,1.2455,1.2382,1.2405,1381,50,0,0.0004032258064514682,1
1992-06-15,1.2396,1.2481,1.2389999999999999,1.2445,1331,50,0,0.0032245062474809405,1
1992-06-16,1.2448,1.2515,1.2393,1.2513,1791,50,0,0.005464041783848961,1
1992-06-17,1.2511,1.2511999999999999,1.2378,1.2403,1601,50,0,-0.00879085750819153,-1
1992-06-18,1.2401,1.2503,1.233,1.2461,2861,50,0,0.004676287994839878,1
1992-06-19,1.2456,1.2484,1.2414,1.2428,1121,50,0,-0.002648262579247329,-1
1992-06-22,1.242,1.2506,1.2387,1.2502,1561,50,0,0.005954296749275834,1
1992-06-23,1.2502,1.2548,1.2473,1.2473,1211,50,0,-0.0023196288593824166,-1
1992-06-24,1.2475,1.263,1.2469000000000001,1.2615,1821,50,0,0.011384590715946441,1
1992-06-25,1.2616,1.2728,1.2591999999999999,1.2701,1871,50,0,0.006817281014664944,1
1992-06-26,1.2698,1.2753999999999999,1.2652999999999999,1.2738,1621,50,0,0.0029131564443745095,1
1992-06-29,1.2691,1.2918,1.2690000000000001,1.2857,2901,50,0,0.009342125922436884,1
1992-06-30,1.2852999999999999,1.2889,1.2784,1.2836,1931,50,0,-0.0016333514816830874,-1
1992-07-01,1.2837,1.2946,1.2821,1.2837,2501,50,0,7.790588968514811e-05,1
1992-07-02,1.2842,1.3029,1.2822,1.2976,2801,50,0,0.01082807509542727,1
1992-07-03,1.2976,1.3003,1.2861,1.2886,1941,50,0,-0.006935881627620266,-1
1992-07-06,1.2877,1.2953000000000001,1.2775,1.2917,3161,50,0,0.0024057116250195687,1
1992-07-07,1.2918,1.3138,1.2906,1.3136999999999999,2451,50,0,0.01703181853371505,1
1992-07-08,1.3133,1.3237999999999999,1.3032,1.3125,4041,50,0,-0.0009134505594883269,-1
1992-07-09,1.3124,1.3197,1.287,1.2944,4741,50,0,-0.013790476190476242,-1
1992-07-10,1.2945,1.3103,1.2876,1.3094999999999999,3041,50,0,0.011665636588380712,1
1992-07-13,1.3096,1.3276,1.3089,1.3265,2051,50,0,0.012982054219167649,1
1992-07-14,1.3263,1.3272,1.312,1.3151,1921,50,0,-0.008594044477949536,-1
1992-07-15,1.3155999999999999,1.3251,1.3136,1.3183,2031,50,0,0.002433275036118898,1
1992-07-16,1.3182,1.3311,1.3123,1.3214000000000001,3441,50,0,0.002351513312599529,1
1992-07-17,1.3216999999999999,1.3423,1.319,1.342,2631,50,0,0.015589526260027187,1
1992-07-20,1.3424,1.3509,1.3068,1.3113000000000001,5711,50,0,-0.022876304023844996,-1
1992-07-21,1.312,1.3187,1.2997,1.3176,3241,50,0,0.0048043925875085325,1
1992-07-22,1.3176999999999999,1.3223,1.3094999999999999,1.3157,2361,50,0,-0.0014420157862781169,-1
1992-07-23,1.3158,1.3205,1.3125,1.3178,1401,50,0,0.0015961085353803917,1
1992-07-24,1.3184,1.3202,1.299,1.2995999999999999,2361,50,0,-0.01381089694946136,-1
1992-07-27,1.3024,1.3229,1.302,1.3213,2291,50,0,0.016697445367805486,1
1992-07-28,1.3213,1.3292,1.3184,1.3265,1641,50,0,0.00393551805040504,1
1992-07-29,1.3273,1.3291,1.3175,1.3193,1521,50,0,-0.005427817565020754,-1
1992-07-30,1.3186,1.3256000000000001,1.3113000000000001,1.3254000000000001,2181,50,0,0.004623664064276722,1
1992-07-31,1.3252,1.3273,1.3193,1.3247,1551,50,0,-0.0005281424475631624,-1
1992-08-03,1.3263,1.3291,1.3205,1.3267,1681,50,0,0.001509775798294033,1
1992-08-04,1.3266,1.3274,1.3214000000000001,1.3239,931,50,0,-0.0021104997361874878,-1
1992-08-05,1.324,1.326,1.317,1.3176,1161,50,0,-0.0047586675730795225,-1
1992-08-06,1.3176999999999999,1.3246,1.3147,1.3229,1461,50,0,0.004022465088038718,1
1992-08-07,1.3232,1.3364,1.3199,1.3327,2351,50,0,0.0074079673444704675,1
1992-08-10,1.3338,1.3376000000000001,1.328,1.3366,1641,50,0,0.002926390035266735,1
1992-08-11,1.3367,1.3389,1.3231,1.334,2891,50,0,-0.0019452341762681291,-1
1992-08-12,1.334,1.3395000000000001,1.3286,1.3357999999999999,2001,50,0,0.0013493253373311198,1
1992-08-13,1.3356,1.3451,1.3333,1.3427,1651,50,0,0.005165443928731861,1
1992-08-14,1.3425,1.3433,1.331,1.3354,1751,50,0,-0.005436806434795605,-1
1992-08-17,1.3321,1.3384,1.3248,1.3345,2481,50,0,-0.0006739553691776923,-1
1992-08-18,1.3348,1.3431,1.3336999999999999,1.3417,1191,50,0,0.005395279130760544,1
1992-08-19,1.3418,1.3472,1.3391,1.3455,1251,50,0,0.00283222777073866,1
1992-08-20,1.3453,1.3528,1.343,1.3504,1451,50,0,0.0036417688591603437,1
1992-08-21,1.3502,1.3721,1.3409,1.3688,4381,50,0,0.013625592417061627,1
1992-08-24,1.3784,1.397,1.3719000000000001,1.3947,3391,50,0,0.018921683226183594,1
1992-08-25,1.3915,1.4013,1.3883,1.3939,2361,50,0,-0.0005736000573600686,-1
1992-08-26,1.3935,1.3957,1.3844,1.3892,1831,50,0,-0.003371834421407538,-1
1992-08-27,1.3893,1.3909,1.3791,1.3878,2211,50,0,-0.0010077742585661298,-1
1992-08-28,1.3877,1.3942999999999999,1.3841999999999999,1.3878,2011,50,0,0.0,-1
1992-08-31,1.3913,1.3978,1.3809,1.3953,2981,50,0,0.00540423692174663,1
1992-09-01,1.396,1.4079,1.3916,1.4055,2311,50,0,0.0073102558589550615,1
1992-09-02,1.4058,1.4102000000000001,1.3995,1.4,1561,50,0,-0.003913198150124586,-1
1992-09-03,1.404,1.4062000000000001,1.3814,1.3822999999999999,2791,50,0,-0.012642857142857178,-1
1992-09-04,1.3818,1.4003,1.3604,1.3957,6591,50,0,0.009693988280402355,1
1992-09-07,1.3915,1.396,1.3901,1.3942,911,50,0,-0.0010747295264024181,-1
1992-09-08,1.3947,1.4078,1.393,1.4028,2151,50,0,0.006168411992540479,1
1992-09-09,1.4028,1.4035,1.3812,1.3826,2441,50,0,-0.014399771884801793,-1
1992-09-10,1.3836,1.3921000000000001,1.3668,1.3668,3381,50,0,-0.011427744828583886,-1
1992-09-11,1.3662,1.3681,1.3399,1.349,3921,50,0,-0.013023119695639518,-1
1992-09-14,1.3012000000000001,1.3323,1.2999,1.319,4701,50,0,-0.022238695329873992,-1
1992-09-15,1.3193,1.3338999999999999,1.3072,1.3082,4231,50,0,-0.008188021228203168,-1
1992-09-16,1.3083,1.3195999999999999,1.2798,1.2937,6501,50,0,-0.011083932120470874,-1
1992-09-17,1.2939,1.3254000000000001,1.2783,1.3202,6791,50,0,0.020483883435108652,1
1992-09-18,1.32,1.3246,1.2989,1.3201,5131,50,0,-7.57460990759018e-05,-1
1992-09-21,1.3191,1.3291,1.3062,1.3215,4341,50,0,0.0010605257177485061,1
1992-09-22,1.3212,1.3313,1.3044,1.306,3861,50,0,-0.011729095724555272,-1
1992-09-23,1.305,1.3088,1.2891,1.3066,3781,50,0,0.0004594180704440287,1
1992-09-24,1.3064,1.3204,1.2999,1.316,3141,50,0,0.007194244604316502,1
1992-09-25,1.3164,1.3301,1.3138,1.3146,3081,50,0,-0.0010638297872340718,-1
1992-09-28,1.3175,1.35,1.3175,1.3428,3971,50,0,0.021451392058420726,1
1992-09-29,1.3431,1.3881999999999999,1.343,1.3837,4981,50,0,0.030458742925230764,1
1992-09-30,1.384,1.3957,1.3764,1.3865,3611,50,0,0.0020235600202356263,1
1992-10-01,1.3862999999999999,1.3887,1.3694,1.3814,3371,50,0,-0.0036783267219618887,-1
1992-10-02,1.3808,1.3918,1.3627,1.3881999999999999,5081,50,0,0.004922542348342107,1
1992-10-05,1.3928,1.4072,1.3728,1.3744,5041,50,0,-0.009940930701627826,-1
1992-10-06,1.3704,1.3816,1.3651,1.3691,3171,50,0,-0.0038562281722934744,-1
1992-10-07,1.3692,1.3755,1.346,1.3482,3801,50,0,-0.015265502885106974,-1
1992-10-08,1.3468,1.35,1.314,1.3143,3951,50,0,-0.025144637294170047,-1
1992-10-09,1.3141,1.3274,1.3069,1.3071,3401,50,0,-0.005478201323898757,-1
1992-10-12,1.3246,1.3407,1.3233,1.3296000000000001,2981,50,0,0.017213679137020987,1
1992-10-13,1.3268,1.3371,1.3155999999999999,1.3336000000000001,3621,50,0,0.0030084235860408093,1
1992-10-14,1.3332,1.3437000000000001,1.3296999999999999,1.3395000000000001,2171,50,0,0.004424115176964616,1
1992-10-15,1.3431,1.3535,1.3364,1.3367,2781,50,0,-0.0020903322135126245,-1
1992-10-16,1.3364,1.3439,1.3199,1.3206,3221,50,0,-0.012044587416772612,-1
1992-10-19,1.3123,1.323,1.2993000000000001,1.3024,3751,50,0,-0.013781614417688881,-1
1992-10-20,1.3022,1.305,1.2833,1.2892000000000001,3041,50,0,-0.010135135135135087,-1
1992-10-21,1.2893,1.301,1.2832,1.2837,3001,50,0,-0.004266211604095571,-1
1992-10-22,1.2839,1.3003,1.2814,1.2962,2551,50,0,0.009737477603801503,1
1992-10-23,1.2963,1.307,1.2735,1.2788,4951,50,0,-0.013423854343465602,-1
1992-10-26,1.2793,1.2864,1.2666,1.2769,3721,50,0,-0.0014857679074131713,-1
1992-10-27,1.2771,1.2817,1.2651,1.2783,3201,50,0,0.0010964053567232845,1
1992-10-28,1.2791000000000001,1.2829,1.2605,1.2675,3321,50,0,-0.008448720957521694,-1
1992-10-29,1.2671000000000001,1.2751000000000001,1.2629000000000001,1.2734,1811,50,0,0.004654832347140037,1
1992-10-30,1.2731,1.2774,1.2664,1.268,1691,50,0,-0.0042406156745720125,-1
1992-11-02,1.2686,1.2698,1.2445,1.2501,3211,50,0,-0.014116719242902254,-1
1992-11-03,1.2499,1.2553,1.2403,1.2475,2761,50,0,-0.0020798336133108775,-1
1992-11-04,1.2467,1.2616,1.2403,1.2467,4261,50,0,-0.0006412825651304077,-1
1992-11-05,1.2463,1.2506,1.2341,1.2387,2541,50,0,-0.006416940723510067,-1
1992-11-06,1.2381,1.2393,1.2236,1.2252,1851,50,0,-0.01089852264470803,-1
1992-11-09,1.2253,1.2355,1.2183,1.2185,2761,50,0,-0.005468494939601776,-1
1992-11-10,1.2191,1.2327,1.2181,1.2318,1651,50,0,0.010915059499384538,1
1992-11-11,1.2318,1.2355,1.2248999999999999,1.2323,2071,50,0,0.0004059100503328583,1
1992-11-12,1.2334,1.2393,1.2296,1.2386,1421,50,0,0.005112391463117705,1
1992-11-13,1.2387,1.2506,1.2386,1.2416,2111,50,0,0.0024220894558373285,1
1992-11-16,1.2405,1.2441,1.2259,1.2259,2181,50,0,-0.012644974226804107,-1
1992-11-17,1.2268,1.2312,1.2161,1.2292,2781,50,0,0.0026918998286973306,1
1992-11-18,1.2294,1.2358,1.2237,1.2317,2191,50,0,0.0020338431500162013,1
1992-11-19,1.2327,1.2463,1.227,1.2424,2891,50,0,0.008687180319883137,1
1992-11-20,1.2427,1.2473,1.2127,1.218,4451,50,0,-0.019639407598197045,-1
1992-11-23,1.2279,1.2279,1.2099,1.226,3411,50,0,0.006568144499178974,1
1992-11-24,1.226,1.2286,1.2168,1.2268,2281,50,0,0.0006525285481238097,1
1992-11-25,1.2271,1.2325,1.2234,1.2309,1441,50,0,0.0033420280404306,1
1992-11-26,1.2313,1.2316,1.224,1.2257,961,50,0,-0.004224551141441268,-1
1992-11-27,1.2262,1.2262,1.2166,1.2253,1831,50,0,-0.0003263441298849701,-1
1992-11-30,1.2222,1.2316,1.2179,1.2316,1801,50,0,0.005141597976005885,1
1992-12-01,1.231,1.2486,1.2263,1.2429000000000001,3271,50,0,0.009175056836635331,1
1992-12-02,1.2433,1.2467,1.236,1.2393,1741,50,0,-0.002896451846488124,-1
1992-12-03,1.2389000000000001,1.2397,1.2326,1.2376,1291,50,0,-0.001371742112482921,-1
1992-12-04,1.238,1.2405,1.2245,1.2246,1861,50,0,-0.010504201680672343,-1
1992-12-07,1.2267000000000001,1.2591,1.2251,1.2583,3641,50,0,0.027519189939572142,1
1992-12-08,1.2586,1.2609,1.2505,1.2519,1411,50,0,-0.005086227449733749,-1
1992-12-09,1.2519,1.2523,1.2413,1.2431,1321,50,0,-0.007029315440530315,-1
1992-12-10,1.2432,1.2479,1.2346,1.2366,2001,50,0,-0.005228863325557165,-1
1992-12-11,1.2364,1.2444,1.2354,1.2442,1021,50,0,0.006145883875141589,1
1992-12-14,1.2436,1.2477,1.2409,1.2429999999999999,1301,50,0,-0.000964475164764611,-1
1992-12-15,1.2431,1.2501,1.2417,1.2481,1181,50,0,0.004102976669348335,1
1992-12-16,1.2475,1.2604,1.2452,1.2551,2281,50,0,0.005608524957936067,1
1992-12-17,1.2551,1.266,1.2517,1.2558,2791,50,0,0.000557724484104849,1
1992-12-18,1.2556,1.2564,1.2447,1.2503,1811,50,0,-0.004379678292721789,-1
1992-12-21,1.2487,1.251,1.2457,1.2479,981,50,0,-0.0019195393105654324,-1
1992-12-22,1.2479,1.2482,1.2287,1.2315,2261,50,0,-0.013142078692202852,-1
1992-12-23,1.2312,1.234,1.2252,1.2276,1401,50,0,-0.003166869671132777,-1
1992-12-24,1.2276,1.2315,1.2226,1.2227999999999999,1301,50,0,-0.003910068426197566,-1
1992-12-25,1.2227999999999999,1.224,1.221,1.2211,431,50,0,-0.0013902518809288944,-1
1992-12-28,1.2202,1.2235,1.2045,1.2078,2561,50,0,-0.010891818851854973,-1
1992-12-29,1.2078,1.213,1.2046000000000001,1.2121,1251,50,0,0.00356019208478231,1
1992-12-30,1.2116,1.2166,1.2077,1.2104,1661,50,0,-0.0014025245441795509,-1
1992-12-31,1.2107,1.2147999999999999,1.2065,1.2069,1281,50,0,-0.0028916060806343236,-1
1993-01-04,1.2028,1.2036,1.1916,1.1953,1651,50,0,-0.00961140111028258,-1
1993-01-05,1.1957,1.2054,1.1927,1.2035,1761,50,0,0.006860202459633591,1
1993-01-06,1.2035,1.2068,1.1935,1.1949,1801,50,0,-0.007145824678022383,-1
1993-01-07,1.1951,1.2002,1.1933,1.1947,1341,50,0,-0.00016737802326549645,-1
1993-01-08,1.1949,1.1968,1.1858,1.1968,2011,50,0,0.0017577634552607968,1
1993-01-11,1.1938,1.2032,1.1929,1.1988,1561,50,0,0.0016711229946524409,1
1993-01-12,1.1988,1.2027,1.1963,1.1972,1121,50,0,-0.001334668001334749,-1
1993-01-13,1.1971,1.2097,1.1936,1.209,2031,50,0,0.009856331440026844,1
1993-01-14,1.209,1.2101,1.2019,1.2029,1031,50,0,-0.00504549214226635,-1
1993-01-15,1.203,1.2064,1.195,1.1951,1491,50,0,-0.006484329536952438,-1
1993-01-18,1.1976,1.2144,1.1943,1.2123,2551,50,0,0.014392101079407471,1
1993-01-19,1.2122,1.2177,1.2085,1.2136,1701,50,0,0.001072341829580159,1
1993-01-20,1.2137,1.2222,1.2122,1.2203,1341,50,0,0.005520764667106048,1
1993-01-21,1.2201,1.2222,1.2083,1.2117,1941,50,0,-0.0070474473490125256,-1
1993-01-22,1.2117,1.231,1.2107999999999999,1.2297,2241,50,0,0.014855162168853742,1
1993-01-25,1.2299,1.245,1.2279,1.2403,2381,50,0,0.008619988615109264,1
1993-01-26,1.2396,1.2479,1.2367,1.24,2201,50,0,-0.00024187696525035385,-1
1993-01-27,1.2388,1.2406,1.2309,1.2313,1191,50,0,-0.007016129032258012,-1
1993-01-28,1.2311,1.2431,1.2308,1.2319,2381,50,0,0.00048728985624935106,1
1993-01-29,1.2324,1.2362,1.2117,1.2125,2911,50,0,-0.015748031496063075,-1
1993-02-01,1.213,1.2155,1.1945000000000001,1.1953,2431,50,0,-0.014185567010309152,-1
1993-02-02,1.1952,1.2021,1.1888,1.1914,2281,50,0,-0.003262779218606182,-1
1993-02-03,1.1918,1.1969,1.1835,1.1905999999999999,2561,50,0,-0.0006714789323486459,-1
1993-02-04,1.1894,1.1933,1.1737,1.1777,2751,50,0,-0.010834873173189874,-1
1993-02-05,1.178,1.1876,1.1748,1.1791,2451,50,0,0.0011887577481533018,1
1993-02-08,1.1812,1.1871,1.1775,1.1807,1871,50,0,0.0013569671783564274,1
1993-02-09,1.1804999999999999,1.1865,1.1751,1.1865,1681,50,0,0.004912340137206872,1
1993-02-10,1.1861,1.1905999999999999,1.1769,1.1773,1861,50,0,-0.007753898019384864,-1
1993-02-11,1.1807,1.1817,1.1761,1.1795,1001,50,0,0.0018686825787819217,1
1993-02-12,1.1789,1.1904,1.1764999999999999,1.1795,2721,50,0,0.0,-1
1993-02-15,1.1787,1.1835,1.1754,1.178,1551,50,0,-0.0012717253073336598,-1
1993-02-16,1.1794,1.2015,1.1773,1.2,2781,50,0,0.018675721561969505,1
1993-02-17,1.1999,1.2075,1.1985000000000001,1.2046999999999999,1321,50,0,0.003916666666666568,1
1993-02-18,1.2046000000000001,1.2056,1.1802,1.2016,4781,50,0,-0.0025732547522203664,-1
1993-02-19,1.2016,1.2045,1.19,1.1913,1871,50,0,-0.008571904127829488,-1
1993-02-22,1.191,1.2067,1.1905000000000001,1.2055,1791,50,0,0.011919751531939804,1
1993-02-23,1.2053,1.2131,1.1999,1.2049,2601,50,0,-0.0004977187888842716,-1
1993-02-24,1.2048,1.2119,1.2012,1.2022,1881,50,0,-0.00224084986305928,-1
1993-02-25,1.2024,1.205,1.1933,1.1962,1721,50,0,-0.004990850108135048,-1
1993-02-26,1.1968,1.198,1.1821,1.1822,1721,50,0,-0.01170372847349943,-1
1993-03-01,1.1826,1.1884000000000001,1.1798,1.1798,1441,50,0,-0.0020301133479951883,-1
1993-03-02,1.1803,1.1958,1.1802,1.1931,1841,50,0,0.011273097135107824,1
1993-03-03,1.193,1.1975,1.1858,1.1899,2031,50,0,-0.0026820886765569485,-1
1993-03-04,1.1899,1.1985999999999999,1.1843,1.1905999999999999,2791,50,0,0.0005882847298090965,1
1993-03-05,1.1912,1.1945000000000001,1.1697,1.1707,2911,50,0,-0.016714261716781253,-1
1993-03-08,1.171,1.1782,1.1706,1.1755,1071,50,0,0.004100111044674115,1
1993-03-09,1.176,1.1794,1.1715,1.1741,1391,50,0,-0.0011909825606125635,-1
1993-03-10,1.1746,1.1769,1.1719,1.1755,911,50,0,0.0011924026914231778,1
1993-03-11,1.1752,1.1797,1.169,1.1772,1941,50,0,0.0014461931093152636,1
1993-03-12,1.1772,1.1811,1.1724,1.1724999999999999,1271,50,0,-0.003992524634726546,-1
1993-03-15,1.1724,1.1782,1.1707,1.177,1041,50,0,0.003837953091684554,1
1993-03-16,1.1769,1.1803,1.1749,1.1762,1011,50,0,-0.0006796941376381316,-1
1993-03-17,1.1763,1.1783,1.1738,1.1773,801,50,0,0.0009352150994730302,1
1993-03-18,1.177,1.1921,1.1717,1.1905000000000001,2731,50,0,0.011212095472691752,1
1993-03-19,1.1903,1.2016,1.188,1.188,2491,50,0,-0.002099958000840174,-1
1993-03-22,1.1882,1.1979,1.1858,1.1935,1891,50,0,0.004629629629629761,1
1993-03-23,1.1936,1.201,1.1931,1.1998,961,50,0,0.005278592375366653,1
1993-03-24,1.1998,1.2046000000000001,1.1935,1.1957,1811,50,0,-0.003417236206034291,-1
1993-03-25,1.1954,1.1988,1.189,1.19,1421,50,0,-0.004767082043991011,-1
1993-03-26,1.1897,1.2009,1.1887,1.1998,1431,50,0,0.008235294117647118,1
1993-03-29,1.1994,1.2049,1.1987,1.2034,841,50,0,0.0030005000833472906,1
1993-03-30,1.2041,1.2111,1.1996,1.2093,1781,50,0,0.004902775469503018,1
1993-03-31,1.2099,1.218,1.207,1.2162,1571,50,0,0.005705780203423494,1
1993-04-01,1.2161,1.2307,1.2088,1.2278,3211,50,0,0.009537904949843856,1
1993-04-02,1.2276,1.2338,1.2106,1.2233,4211,50,0,-0.003665092034533246,-1
1993-04-05,1.2237,1.2278,1.22,1.2265,1281,50,0,0.0026158750919642593,1
1993-04-06,1.2267000000000001,1.2272,1.2119,1.2133,1721,50,0,-0.010762331838564898,-1
1993-04-07,1.2124,1.2176,1.2074,1.2089,1691,50,0,-0.0036264732547597323,-1
1993-04-08,1.2086999999999999,1.2202,1.2075,1.2183,1581,50,0,0.007775663826619095,1
1993-04-09,1.2185,1.2194,1.2185,1.2189,141,50,0,0.0004924895345974623,1
1993-04-12,1.2164,1.2306,1.2164,1.2275,1731,50,0,0.0070555418820246185,1
1993-04-13,1.228,1.2404,1.2248999999999999,1.2389999999999999,2001,50,0,0.00936863543788169,1
1993-04-14,1.2386,1.2392,1.2262,1.2273,1471,50,0,-0.009443099273607647,-1
1993-04-15,1.2274,1.23,1.2161,1.218,1841,50,0,-0.007577609386458128,-1
1993-04-16,1.2179,1.22,1.2086000000000001,1.2097,1461,50,0,-0.006814449917898147,-1
1993-04-19,1.2129,1.2254,1.2107,1.2217,2061,50,0,0.009919814830123164,1
1993-04-20,1.2222,1.2348,1.221,1.2252,2461,50,0,0.002864860440370043,1
1993-04-21,1.225,1.2271,1.2172,1.2227999999999999,1761,50,0,-0.0019588638589619345,-1
1993-04-22,1.2232,1.2315,1.2132,1.2287,3111,50,0,0.004824991822047764,1
1993-04-23,1.2294,1.2391,1.2231,1.2354,2601,50,0,0.0054529177179134525,1
1993-04-26,1.2376,1.2494,1.2375,1.2469999999999999,1441,50,0,0.009389671361502261,1
1993-04-27,1.2462,1.2468,1.2318,1.2321,1591,50,0,-0.01194867682437839,-1
1993-04-28,1.232,1.2389999999999999,1.2248,1.2366,2381,50,0,0.0036523009495981196,1
1993-04-29,1.2371,1.2452,1.2341,1.2373,2201,50,0,0.0005660682516579474,1
1993-04-30,1.2366,1.2396,1.23,1.2343,1691,50,0,-0.0024246342843288193,-1
1993-05-03,1.2334,1.2387,1.2267000000000001,1.2367,2071,50,0,0.001944421939560792,1
1993-05-04,1.2365,1.2456,1.2362,1.2432,1211,50,0,0.005255923020943021,1
1993-05-05,1.2426,1.2449,1.2366,1.2382,1221,50,0,-0.004021879021879116,-1
1993-05-06,1.2379,1.2436,1.2347,1.2425,1321,50,0,0.0034727830722016684,1
1993-05-07,1.242,1.2466,1.2323,1.2332,1981,50,0,-0.007484909456740296,-1
1993-05-10,1.2368000000000001,1.2368000000000001,1.2153,1.2168,2301,50,0,-0.013298734998378192,-1
1993-05-11,1.2167,1.2202,1.2121,1.2141,1361,50,0,-0.002218934911242698,-1
1993-05-12,1.2138,1.2171,1.2105,1.2152,1181,50,0,0.0009060209208469061,1
1993-05-13,1.2147999999999999,1.2158,1.2084,1.2099,991,50,0,-0.004361421988150149,-1
1993-05-14,1.2099,1.2216,1.2095,1.219,1511,50,0,0.007521282750640568,1
1993-05-17,1.22,1.2205,1.2095,1.2119,1391,50,0,-0.005824446267432393,-1
1993-05-18,1.2133,1.2133,1.2014,1.2034,1391,50,0,-0.007013780014852644,-1
1993-05-19,1.2043,1.2114,1.2002,1.2051,2161,50,0,0.0014126641183314081,1
1993-05-20,1.2048,1.2137,1.2036,1.2092,1581,50,0,0.0034022072857025076,1
1993-05-21,1.2051,1.2111,1.1993,1.2025000000000001,2101,50,0,-0.005540853456830863,-1
1993-05-24,1.2031,1.2031,1.1907,1.1951,1681,50,0,-0.006153846153846176,-1
1993-05-25,1.1952,1.2032,1.1948,1.2003,1171,50,0,0.004351100326332347,1
1993-05-26,1.2,1.2046000000000001,1.1967,1.2006000000000001,1521,50,0,0.0002499375156213013,1
1993-05-27,1.201,1.2218,1.2009,1.221,2181,50,0,0.0169915042478761,1
1993-05-28,1.2205,1.2346,1.2186,1.2324,2011,50,0,0.00933660933660918,1
1993-05-31,1.232,1.232,1.2281,1.2302,601,50,0,-0.0017851346965270798,-1
1993-06-01,1.2321,1.2363,1.2259,1.2359,1701,50,0,0.004633392944236814,1
1993-06-02,1.2358,1.2375,1.2222,1.2227999999999999,1761,50,0,-0.01059956307144605,-1
1993-06-03,1.2229,1.2259,1.2195,1.2252,1051,50,0,0.001962708537782243,1
1993-06-04,1.2252,1.2273,1.201,1.2013,2871,50,0,-0.01950701926216125,-1
1993-06-07,1.205,1.2085,1.2017,1.2085,1011,50,0,0.005993507034046441,1
1993-06-08,1.2083,1.2109,1.2025000000000001,1.2032,1171,50,0,-0.004385601985932852,-1
1993-06-09,1.2028,1.2043,1.1918,1.1952,1741,50,0,-0.0066489361702127825,-1
1993-06-10,1.1951,1.2023,1.1924,1.2008,1411,50,0,0.0046854082998661895,1
1993-06-11,1.2009,1.2077,1.1975,1.2028,1851,50,0,0.0016655562958027836,1
1993-06-14,1.2045,1.2072,1.1992,1.2013,1281,50,0,-0.0012470901230462461,-1
1993-06-15,1.2006000000000001,1.2062,1.1861,1.188,2761,50,0,-0.011071339382335843,-1
1993-06-16,1.1877,1.1905000000000001,1.1771,1.1801,1921,50,0,-0.006649831649831683,-1
1993-06-17,1.1796,1.1837,1.1751,1.1786,1621,50,0,-0.0012710787221420494,-1
1993-06-18,1.1782,1.1818,1.1604,1.1611,2571,50,0,-0.01484812489394205,-1
1993-06-21,1.1611,1.1633,1.154,1.1591,1661,50,0,-0.0017225045215744084,-1
1993-06-22,1.1591,1.1616,1.1503,1.1529,1641,50,0,-0.005348977655077247,-1
1993-06-23,1.1531,1.1574,1.1467,1.1552,1931,50,0,0.001994969208083841,1
1993-06-24,1.1558,1.1583,1.1418,1.1444,2161,50,0,-0.009349030470914066,-1
1993-06-25,1.1441,1.1545,1.1436,1.1458,2011,50,0,0.0012233484795525218,1
1993-06-28,1.1454,1.1541,1.1386,1.1533,2311,50,0,0.006545644964217168,1
1993-06-29,1.1535,1.1599,1.1489,1.1584,1711,50,0,0.004422093124078819,1
1993-06-30,1.1583,1.1598,1.1444,1.145,1751,50,0,-0.01156767955801108,-1
1993-07-01,1.1453,1.1568,1.1404,1.1562999999999999,2181,50,0,0.00986899563318766,1
1993-07-02,1.1562999999999999,1.1622,1.1496,1.1541,2301,50,0,-0.001902620427224777,-1
1993-07-05,1.1535,1.1541,1.1495,1.1529,861,50,0,-0.001039771250324839,-1
1993-07-06,1.1529,1.1535,1.1454,1.1479,1121,50,0,-0.004336889582791326,-1
1993-07-07,1.148,1.1521,1.1434,1.1458,1521,50,0,-0.0018294276504922102,-1
1993-07-08,1.1457,1.1514,1.1434,1.1514,1031,50,0,0.004887414906615595,1
1993-07-09,1.1515,1.1515,1.1343,1.1351,1801,50,0,-0.014156678825777314,-1
1993-07-12,1.1355,1.1376,1.1266,1.1309,1741,50,0,-0.0037001145273544145,-1
1993-07-13,1.1309,1.1396,1.1289,1.1379,1441,50,0,0.0061897603678484625,1
1993-07-14,1.138,1.1411,1.1309,1.139,1941,50,0,0.0009666930310221478,1
1993-07-15,1.1395,1.1423,1.1316,1.1355,1741,50,0,-0.0030728709394205467,-1
1993-07-16,1.1353,1.1404,1.1292,1.1381000000000001,1961,50,0,0.0022897402025541247,1
1993-07-19,1.1325,1.1482999999999999,1.1325,1.1471,1701,50,0,0.007907916703277396,1
1993-07-20,1.1473,1.1531,1.1426,1.1522000000000001,1611,50,0,0.004445994246360385,1
1993-07-21,1.1522999999999999,1.1552,1.149,1.152,1211,50,0,-0.00017358097552522267,-1
1993-07-22,1.1524,1.1525,1.1423,1.1473,1531,50,0,-0.004079861111111027,-1
1993-07-23,1.1475,1.1475,1.1360999999999999,1.137,1231,50,0,-0.008977599581626361,-1
1993-07-26,1.1394,1.1394,1.1318,1.134,981,50,0,-0.0026385224274407815,-1
1993-07-27,1.1341,1.1367,1.1312,1.1323,921,50,0,-0.0014991181657846298,-1
1993-07-28,1.1324,1.1398,1.1320000000000001,1.1386,941,50,0,0.0055638964938620195,1
1993-07-29,1.1381000000000001,1.1416,1.1229,1.125,2431,50,0,-0.011944493237309062,-1
1993-07-30,1.1249,1.1268,1.1203,1.1227,1081,50,0,-0.0020444444444444043,-1
1993-08-02,1.1224,1.1468,1.1192,1.1453,3231,50,0,0.02013004364478488,1
1993-08-03,1.1454,1.1506,1.141,1.1441,1791,50,0,-0.0010477604121191808,-1
1993-08-04,1.1442,1.1463,1.1415,1.1446,921,50,0,0.00043702473560025545,1
1993-08-05,1.1444,1.1448,1.1377,1.144,1381,50,0,-0.000524200594094193,-1
1993-08-06,1.1441,1.1554,1.1414,1.1518,2031,50,0,0.006818181818181834,1
1993-08-09,1.152,1.1556,1.1495,1.1519,1211,50,0,8.68206285813411e-05,1
1993-08-10,1.1518,1.1521,1.1388,1.139,1381,50,0,-0.011198888792429806,-1
1993-08-11,1.1388,1.142,1.1344,1.1368,1321,50,0,-0.0019315188762071278,-1
1993-08-12,1.1365,1.1418,1.1339,1.1394,1291,50,0,0.0022871217452498094,1
1993-08-13,1.1395,1.1448,1.1391,1.143,791,50,0,0.003159557661927437,1
1993-08-16,1.1414,1.1631,1.1414,1.1601,2471,50,0,0.014960629921259683,1
1993-08-17,1.1606,1.1621,1.1524,1.1548,1361,50,0,-0.0045685716748554706,-1
1993-08-18,1.1548,1.1668,1.1534,1.1636,1801,50,0,0.007620367163144959,1
1993-08-19,1.1642000000000001,1.1674,1.1548,1.1589,1991,50,0,-0.004039188724647591,-1
1993-08-20,1.1594,1.1694,1.1544,1.1684,2101,50,0,0.008197428596082634,1
1993-08-23,1.1652,1.1686,1.1575,1.1611,1811,50,0,-0.006247860321807686,-1
1993-08-24,1.16,1.1659,1.158,1.1647,1111,50,0,0.0031005081388340017,1
1993-08-25,1.1649,1.1668,1.1556,1.1609,1841,50,0,-0.0032626427406199365,-1
1993-08-26,1.1609,1.1761,1.1597,1.1728,2091,50,0,0.010250667585494089,1
1993-08-27,1.1727,1.1775,1.1698,1.1761,1201,50,0,0.0028137789904501,1
1993-08-30,1.1729,1.1768,1.167,1.1696,1631,50,0,-0.005526740923390783,-1
1993-08-31,1.1708,1.1727,1.1632,1.1658,1401,50,0,-0.0032489740082080054,-1
1993-09-01,1.1654,1.1806,1.1649,1.1788,1801,50,0,0.011151140847486918,1
1993-09-02,1.1786,1.1911,1.1769,1.1879,1911,50,0,0.0077197149643704055,1
1993-09-03,1.1882,1.2107,1.1842,1.2095,3171,50,0,0.018183348766731333,1
1993-09-06,1.2058,1.2173,1.2054,1.2118,1781,50,0,0.0019016122364612364,1
1993-09-07,1.2167,1.2187000000000001,1.2039,1.2123,2521,50,0,0.0004126093414753562,1
1993-09-08,1.2118,1.2143,1.2063,1.2123,1551,50,0,0.0,-1
1993-09-09,1.2124,1.2271,1.2067,1.2206,3261,50,0,0.006846490142703887,1
1993-09-10,1.2209,1.2288000000000001,1.2153,1.2239,2401,50,0,0.0027035883991479714,1
1993-09-13,1.2232,1.227,1.2114,1.2154,2341,50,0,-0.0069450118473730615,-1
1993-09-14,1.2149,1.2181,1.2086999999999999,1.2158,1791,50,0,0.00032910975810418464,1
1993-09-15,1.2156,1.2315,1.2139,1.2265,2431,50,0,0.008800789603553127,1
1993-09-16,1.2285,1.2309,1.2139,1.2193,2481,50,0,-0.005870362821035369,-1
1993-09-17,1.2193,1.2205,1.2091,1.2112,1471,50,0,-0.006643155909128229,-1
1993-09-20,1.2137,1.2163,1.2057,1.2158,1911,50,0,0.003797886393659189,1
1993-09-21,1.216,1.2215,1.1872,1.194,4661,50,0,-0.017930580687613107,-1
1993-09-22,1.1944,1.2043,1.1893,1.1994,2501,50,0,0.004522613065326642,1
1993-09-23,1.1996,1.2031,1.1875,1.19,2161,50,0,-0.007837251959313063,-1
1993-09-24,1.1895,1.1944,1.1807,1.1941,2281,50,0,0.0034453781512604476,1
1993-09-27,1.1995,1.2036,1.1975,1.2006999999999999,1101,50,0,0.0055271752784522565,1
1993-09-28,1.2006000000000001,1.2143,1.1979,1.212,2141,50,0,0.009411176813525435,1
1993-09-29,1.2122,1.2178,1.2083,1.2093,1611,50,0,-0.0022277227722771187,-1
1993-09-30,1.2095,1.2095,1.1951,1.1967,1601,50,0,-0.010419250806251501,-1
1993-10-01,1.1968,1.2028,1.1896,1.1995,2371,50,0,0.002339767694493178,1
1993-10-04,1.1828,1.2072,1.1813,1.2062,2841,50,0,0.005585660691954875,1
1993-10-05,1.2057,1.2119,1.2011,1.2014,1731,50,0,-0.003979439562261544,-1
1993-10-06,1.2014,1.2086000000000001,1.1995,1.2054,1421,50,0,0.00332944897619436,1
1993-10-07,1.2055,1.2084,1.2038,1.2048,851,50,0,-0.0004977600796415294,-1
1993-10-08,1.2049,1.223,1.2045,1.2198,2211,50,0,0.012450199203187129,1
1993-10-11,1.2217,1.2251,1.2181,1.2181,1041,50,0,-0.0013936710936219843,-1
1993-10-12,1.2193,1.2294,1.2193,1.2259,1361,50,0,0.006403415154749181,1
1993-10-13,1.226,1.2278,1.2193,1.2212,1221,50,0,-0.003833917937841491,-1
1993-10-14,1.2215,1.2238,1.2099,1.2125,1881,50,0,-0.007124140189977202,-1
1993-10-15,1.213,1.2137,1.2075,1.2092,861,50,0,-0.002721649484536015,-1
1993-10-18,1.2088,1.2114,1.191,1.1924,2441,50,0,-0.013893483294740494,-1
1993-10-19,1.1924,1.1954,1.1893,1.1905999999999999,1041,50,0,-0.0015095605501509457,-1
1993-10-20,1.1904,1.1967,1.185,1.1935,2031,50,0,0.0024357466823450302,1
1993-10-21,1.1937,1.1948,1.1707,1.1726,2711,50,0,-0.01751152073732709,-1
1993-10-22,1.1721,1.175,1.1652,1.1661,1361,50,0,-0.0055432372505545,-1
1993-10-25,1.167,1.1733,1.1596,1.1598,2021,50,0,-0.005402624131721101,-1
1993-10-26,1.1597,1.1667,1.1583,1.1653,1121,50,0,0.00474219693050526,1
1993-10-27,1.1652,1.1688,1.1627,1.1637,1071,50,0,-0.001373036986183851,-1
1993-10-28,1.1634,1.1722,1.1569,1.1682,2581,50,0,0.003866976024748503,1
1993-10-29,1.1686,1.1715,1.1589,1.1594,1601,50,0,-0.007532956685499026,-1
1993-11-01,1.1597,1.1607,1.1527,1.1537,1001,50,0,-0.0049163360358807084,-1
1993-11-02,1.1539,1.1568,1.1459,1.1485,1641,50,0,-0.004507237583427082,-1
1993-11-03,1.1482999999999999,1.1585,1.1475,1.1562000000000001,1411,50,0,0.006704397039617005,1
1993-11-04,1.1561,1.1594,1.1517,1.1536,1291,50,0,-0.002248745891714421,-1
1993-11-05,1.1542,1.1572,1.1456,1.1559,2151,50,0,0.0019937586685159214,1
1993-11-08,1.1557,1.1626,1.155,1.1607,1021,50,0,0.004152608357124388,1
1993-11-09,1.1607,1.1629,1.1522999999999999,1.1562999999999999,1681,50,0,-0.003790815886964949,-1
1993-11-10,1.1559,1.1594,1.1529,1.1587,1021,50,0,0.002075585920608969,1
1993-11-11,1.1587,1.1604,1.1544,1.1556,891,50,0,-0.0026754120997670716,-1
1993-11-12,1.1559,1.1629,1.1485,1.1594,2531,50,0,0.00328833506403603,1
1993-11-15,1.159,1.1634,1.1531,1.1532,1481,50,0,-0.005347593582887722,-1
1993-11-16,1.1533,1.1552,1.1434,1.1461000000000001,1641,50,0,-0.006156781130766453,-1
1993-11-17,1.1458,1.1514,1.1406,1.1468,2061,50,0,0.0006107669487827039,1
1993-11-18,1.1471,1.1491,1.1400000000000001,1.1428,1391,50,0,-0.0034879665155214123,-1
1993-11-19,1.1426,1.1441,1.1376,1.1408,1121,50,0,-0.0017500875043752195,-1
1993-11-22,1.1416,1.1511,1.1388,1.1481,1811,50,0,0.006399018232818854,1
1993-11-23,1.1481,1.1531,1.143,1.1489,1941,50,0,0.0006968034143368662,1
1993-11-24,1.1488,1.1524,1.1467,1.1482999999999999,1091,50,0,-0.0005222386630691078,-1
1993-11-25,1.1475,1.1491,1.1444,1.1458,771,50,0,-0.002177131411651989,-1
1993-11-26,1.146,1.146,1.1404,1.1414,661,50,0,-0.003840111712340666,-1
1993-11-29,1.1424,1.1458,1.1381999999999999,1.1446,1301,50,0,0.0028035745575609727,1
1993-11-30,1.1448,1.1461000000000001,1.1388,1.1408,1061,50,0,-0.0033199370959287045,-1
1993-12-01,1.1402,1.1414,1.1346,1.1354,881,50,0,-0.004733520336605901,-1
1993-12-02,1.1351,1.138,1.1338,1.1353,821,50,0,-8.807468733484924e-05,-1
1993-12-03,1.1345,1.1400000000000001,1.1314,1.1396,1211,50,0,0.0037875451422531015,1
1993-12-06,1.1384,1.1515,1.1384,1.1495,1511,50,0,0.008687258687258614,1
1993-12-07,1.1498,1.151,1.1461999999999999,1.1471,691,50,0,-0.0020878642888212395,-1
1993-12-08,1.1475,1.1491,1.1432,1.1444,871,50,0,-0.0023537616598378053,-1
1993-12-09,1.144,1.1486,1.1434,1.1486,581,50,0,0.0036700454386577874,1
1993-12-10,1.1488,1.1547,1.147,1.1522000000000001,1201,50,0,0.003134250391781279,1
1993-12-13,1.1515,1.1567,1.1446,1.1452,1791,50,0,-0.0060753341433780195,-1
1993-12-14,1.1451,1.1471,1.1392,1.1411,1181,50,0,-0.0035801606706251654,-1
1993-12-15,1.1411,1.1414,1.1366,1.1388,731,50,0,-0.0020155989834370613,-1
1993-12-16,1.1386,1.1465,1.1379,1.1441,1171,50,0,0.004654021777309225,1
1993-12-17,1.1434,1.1485,1.1434,1.144,961,50,0,-8.740494712000668e-05,-1
1993-12-20,1.1444,1.1451,1.1392,1.1424,981,50,0,-0.0013986013986012624,-1
1993-12-21,1.1428,1.1471,1.1421000000000001,1.1454,741,50,0,0.002626050420168058,1
1993-12-22,1.1455,1.1514,1.1444,1.1499,961,50,0,0.003928758512310004,1
1993-12-23,1.1497,1.1562000000000001,1.1485,1.1562000000000001,891,50,0,0.005478737281502832,1
1993-12-24,1.1556,1.1556,1.1501000000000001,1.1529,831,50,0,-0.00285417747794503,-1
1993-12-27,1.1525,1.153,1.1477,1.1501000000000001,821,50,0,-0.0024286581663630624,-1
1993-12-28,1.1497,1.1519,1.1485,1.1505,601,50,0,0.0003477958438395934,1
1993-12-29,1.1512,1.1515,1.1309,1.1325,2251,50,0,-0.01564537157757495,-1
1993-12-30,1.1326,1.1351,1.1257,1.1273,1351,50,0,-0.0045916114790287565,-1
1993-12-31,1.1284,1.1288,1.1239,1.1252,661,50,0,-0.001862858156657543,-1
1994-01-03,1.1248,1.1288,1.1211,1.1216,1221,50,0,-0.003199431212228987,-1
1994-01-04,1.1214,1.1271,1.1211,1.126,741,50,0,0.003922967189728954,1
1994-01-05,1.1262,1.1285,1.1231,1.1233,791,50,0,-0.002397868561278771,-1
1994-01-06,1.1233,1.1268,1.1201,1.1213,1141,50,0,-0.0017804682631532565,-1
1994-01-07,1.1218,1.1333,1.1209,1.1328,1381,50,0,0.010255952911798927,1
1994-01-10,1.1328,1.1338,1.1266,1.1276,921,50,0,-0.004590395480226106,-1
1994-01-11,1.1279,1.1283,1.1222,1.1233,761,50,0,-0.003813409010287261,-1
1994-01-12,1.123,1.1289,1.1227,1.1286,681,50,0,0.004718240897356063,1
1994-01-13,1.1283,1.1289,1.1156,1.1175,1581,50,0,-0.009835194045720419,-1
1994-01-14,1.1173,1.1195,1.1137,1.1154,971,50,0,-0.0018791946308724938,-1
1994-01-17,1.1154,1.1179000000000001,1.1135,1.1162,801,50,0,0.0007172314864622997,1
1994-01-18,1.116,1.1209,1.1137,1.1197,1071,50,0,0.00313563877441303,1
1994-01-19,1.1197,1.1224,1.119,1.1193,641,50,0,-0.0003572385460390848,-1
1994-01-20,1.1194,1.1272,1.1174,1.1259000000000001,1311,50,0,0.005896542481908407,1
1994-01-21,1.1259000000000001,1.1277,1.1144,1.1144,1511,50,0,-0.010214050981437128,-1
1994-01-24,1.1148,1.119,1.1141,1.1167,791,50,0,0.002063890882986419,1
1994-01-25,1.1171,1.1189,1.1142,1.1184,811,50,0,0.0015223426166384169,1
1994-01-26,1.1186,1.1218,1.1178,1.1208,581,50,0,0.0021459227467810482,1
1994-01-27,1.1205,1.1325,1.1196,1.1307,1561,50,0,0.008832976445396268,1
1994-01-28,1.1305,1.1368,1.1208,1.1211,2261,50,0,-0.00849031573361636,-1
1994-01-31,1.1218,1.13,1.1199,1.129,1301,50,0,0.007046650611006955,1
1994-02-01,1.1287,1.1345,1.1255,1.1296,1711,50,0,0.0005314437555357099,1
1994-02-02,1.1298,1.1309,1.127,1.1279,591,50,0,-0.0015049575070822385,-1
1994-02-03,1.1283,1.1315,1.1205,1.1224,1611,50,0,-0.004876318822590542,-1
1994-02-04,1.1224,1.1292,1.1086,1.1091,2791,50,0,-0.011849607982893917,-1
1994-02-07,1.1091,1.1128,1.1087,1.1125,481,50,0,0.0030655486430439804,1
1994-02-08,1.1126,1.1132,1.1069,1.1087,871,50,0,-0.0034157303370786485,-1
1994-02-09,1.1093,1.1135,1.1086,1.1127,641,50,0,0.0036078289889058812,1
1994-02-10,1.1127,1.1176,1.1091,1.1155,1421,50,0,0.0025164015457894706,1
1994-02-11,1.1153,1.119,1.1132,1.1169,1001,50,0,0.0012550425818018685,1
1994-02-14,1.117,1.1363,1.1157,1.1332,2501,50,0,0.01459396544005731,1
1994-02-15,1.1331,1.1369,1.1266,1.13,1751,50,0,-0.002823861630780189,-1
1994-02-16,1.1299,1.138,1.1283,1.1344,1491,50,0,0.0038938053097345993,1
1994-02-17,1.1341,1.1368,1.1276,1.1364,1611,50,0,0.0017630465444287147,1
1994-02-18,1.1368,1.1436,1.1356,1.1419,1091,50,0,0.004839845124955833,1
1994-02-21,1.1421000000000001,1.1438,1.1296,1.1309,1721,50,0,-0.009633067694193809,-1
1994-02-22,1.1309,1.1351,1.1279,1.1341,1121,50,0,0.002829604739587932,1
1994-02-23,1.1343,1.1349,1.1298,1.1322,811,50,0,-0.001675337271845545,-1
1994-02-24,1.1320000000000001,1.141,1.1248,1.1393,2511,50,0,0.006270976859211963,1
1994-02-25,1.1398,1.1488,1.137,1.1434,2001,50,0,0.003598700956727763,1
1994-02-28,1.1432,1.1507,1.1396,1.1473,1811,50,0,0.0034108798320797717,1
1994-03-01,1.1471,1.1534,1.1412,1.1431,2041,50,0,-0.0036607687614398365,-1
1994-03-02,1.1428,1.1544,1.1424,1.1476,1921,50,0,0.003936663459015,1
1994-03-03,1.1471,1.1471,1.1414,1.1433,761,50,0,-0.003746950156849005,-1
1994-03-04,1.1431,1.1436,1.1360999999999999,1.1377,961,50,0,-0.004898101985480685,-1
1994-03-07,1.1376,1.1402,1.1338,1.1372,1241,50,0,-0.0004394831677946298,-1
1994-03-08,1.1368,1.1441,1.1360999999999999,1.1431,971,50,0,0.005188181498417155,1
1994-03-09,1.1433,1.1528,1.1418,1.1528,1251,50,0,0.008485696789432229,1
1994-03-10,1.1522000000000001,1.168,1.1522000000000001,1.1618,2201,50,0,0.00780707841776529,1
1994-03-11,1.1618,1.1684,1.1573,1.1577,1811,50,0,-0.0035290067137200287,-1
1994-03-14,1.1578,1.1601,1.1555,1.1567,811,50,0,-0.0008637816360023143,-1
1994-03-15,1.1565,1.158,1.1506,1.1526,1091,50,0,-0.0035445664390074683,-1
1994-03-16,1.1527,1.1597,1.1518,1.1583,1021,50,0,0.004945340968245837,1
1994-03-17,1.1585,1.1654,1.1552,1.1573,1921,50,0,-0.00086333419666762,-1
1994-03-18,1.1549,1.1585,1.1508,1.151,1151,50,0,-0.005443705175840252,-1
1994-03-21,1.1511,1.1587,1.1489,1.1577,1301,50,0,0.005821025195482221,1
1994-03-22,1.1576,1.1654,1.1552,1.1589,1911,50,0,0.0010365379632029104,1
1994-03-23,1.1592,1.1645,1.1561,1.1635,1251,50,0,0.0039692812149452195,1
1994-03-24,1.1637,1.175,1.1619,1.1722,1771,50,0,0.007477438762354849,1
1994-03-25,1.1728,1.1783,1.1698,1.175,1481,50,0,0.0023886708752773878,1
1994-03-28,1.1746,1.175,1.1667,1.1686,1061,50,0,-0.005446808510638279,-1
1994-03-29,1.1691,1.1742,1.1654,1.1694,1731,50,0,0.0006845798391237334,1
1994-03-30,1.1691,1.1705,1.1631,1.167,1271,50,0,-0.0020523345305284435,-1
1994-03-31,1.1666,1.1767,1.1663000000000001,1.1679,1951,50,0,0.0007712082262210096,1
1994-04-01,1.1677,1.1684,1.1518,1.1525,1801,50,0,-0.013186060450380954,-1
1994-04-04,1.1505,1.1559,1.1488,1.1531,1161,50,0,0.0005206073752710427,1
1994-04-05,1.1533,1.1567,1.1384,1.141,2431,50,0,-0.010493452432573047,-1
1994-04-06,1.1409,1.1432,1.1389,1.1389,661,50,0,-0.0018404907975460016,-1
1994-04-07,1.1393,1.1445,1.1376,1.1398,1331,50,0,0.0007902361928175949,1
1994-04-08,1.1392,1.1442,1.1388,1.1436,641,50,0,0.0033339182312686066,1
1994-04-11,1.1436,1.1466,1.1406,1.1415,991,50,0,-0.001836306400839427,-1
1994-04-12,1.1414,1.143,1.1355,1.1395,1311,50,0,-0.001752080595707417,-1
1994-04-13,1.1396,1.145,1.1372,1.144,1121,50,0,0.003949100482667722,1
1994-04-14,1.1439,1.1461999999999999,1.1395,1.1433,1281,50,0,-0.0006118881118880592,-1
1994-04-15,1.1433,1.1451,1.1395,1.142,991,50,0,-0.0011370593894866055,-1
1994-04-18,1.1412,1.1464,1.1360000000000001,1.1452,1681,50,0,0.0028021015761823254,1
1994-04-19,1.1454,1.1532,1.1442,1.1503,1311,50,0,0.004453370590290051,1
1994-04-20,1.1501000000000001,1.1597,1.1485,1.1586,1391,50,0,0.007215508997652664,1
1994-04-21,1.1584,1.1598,1.1542,1.1583,1111,50,0,-0.0002589331952356222,-1
1994-04-22,1.1583,1.1591,1.153,1.1588,1171,50,0,0.0004316670983337545,1
1994-04-25,1.1593,1.1656,1.1593,1.1634,851,50,0,0.003969623748705464,1
1994-04-26,1.1631,1.1682,1.1601,1.167,1231,50,0,0.003094378545642096,1
1994-04-27,1.1665,1.1719,1.1662,1.17,791,50,0,0.0025706940874035134,1
1994-04-28,1.1699,1.1779,1.1661,1.1762,1731,50,0,0.005299145299145325,1
1994-04-29,1.1764999999999999,1.1894,1.1745,1.1825,2381,50,0,0.0053562319333448905,1
1994-05-02,1.1821,1.1886,1.1798,1.1865,1321,50,0,0.0033826638477800763,1
1994-05-03,1.1864,1.1959,1.1841,1.1945000000000001,1551,50,0,0.006742520016856268,1
1994-05-04,1.1945999999999999,1.1981,1.1753,1.1816,3261,50,0,-0.010799497697781657,-1
1994-05-05,1.1817,1.1826,1.17,1.1721,1561,50,0,-0.008039945836154416,-1
1994-05-06,1.1723,1.1782,1.1673,1.1769,1721,50,0,0.00409521371896604,1
1994-05-09,1.1771,1.1839,1.1743999999999999,1.1824,1371,50,0,0.0046732942475995465,1
1994-05-10,1.1821,1.1825,1.1665,1.1686,1851,50,0,-0.011671177266576294,-1
1994-05-11,1.1688,1.1747,1.1634,1.1723,1911,50,0,0.003166181755947184,1
1994-05-12,1.1724999999999999,1.1755,1.1684,1.1742,1251,50,0,0.0016207455429497752,1
1994-05-13,1.1745,1.1767,1.1681,1.1695,1221,50,0,-0.004002725259751205,-1
1994-05-16,1.1697,1.1703000000000001,1.1659,1.1686,771,50,0,-0.0007695596408721084,-1
1994-05-17,1.1685,1.1769,1.1677,1.1688,1811,50,0,0.00017114495978098887,1
1994-05-18,1.1703000000000001,1.182,1.1661,1.1813,2081,50,0,0.010694729637234834,1
1994-05-19,1.1812,1.1833,1.1789,1.1795,711,50,0,-0.001523745026665524,-1
1994-05-20,1.1797,1.19,1.1789,1.1874,1451,50,0,0.00669775328529032,1
1994-05-23,1.1872,1.1935,1.1847,1.1905999999999999,1421,50,0,0.002694963786423976,1
1994-05-24,1.1908,1.1909,1.1813,1.1816,1001,50,0,-0.007559213841760393,-1
1994-05-25,1.1816,1.1905000000000001,1.1804999999999999,1.189,1261,50,0,0.006262694651320233,1
1994-05-26,1.189,1.1927,1.1857,1.187,1201,50,0,-0.001682085786375076,-1
1994-05-27,1.1874,1.1915,1.1846,1.1898,1141,50,0,0.0023588879528222417,1
1994-05-30,1.19,1.1909,1.187,1.1877,551,50,0,-0.0017650025214321907,-1
1994-05-31,1.1884000000000001,1.1927,1.1857,1.1881,1371,50,0,0.0003367853835143375,1
1994-06-01,1.1879,1.192,1.1864,1.1883,1081,50,0,0.00016833599865329063,1
1994-06-02,1.1888,1.1889,1.1811,1.1823,911,50,0,-0.005049229992426185,-1
1994-06-03,1.1823,1.1831,1.1703000000000001,1.1706,1391,50,0,-0.009895965490992031,-1
1994-06-06,1.1705,1.1735,1.1688,1.1707,921,50,0,8.542627712282425e-05,1
1994-06-07,1.1706,1.1757,1.1688,1.1737,1071,50,0,0.002562569402921211,1
1994-06-08,1.1738,1.1759,1.1691,1.1718,1161,50,0,-0.0016188123029735602,-1
1994-06-09,1.1715,1.1737,1.1675,1.1737,1021,50,0,0.0016214371053080434,1
1994-06-10,1.1731,1.1752,1.1717,1.1739,621,50,0,0.00017040129504986012,1
1994-06-13,1.1735,1.1897,1.1735,1.1885,1741,50,0,0.01243717522787291,1
1994-06-14,1.1884000000000001,1.1919,1.1872,1.1877,871,50,0,-0.0006731173748422137,-1
1994-06-15,1.1884000000000001,1.197,1.1872,1.1949,1311,50,0,0.006062136903258519,1
1994-06-16,1.195,1.2011,1.1938,1.1979,1171,50,0,0.002510670348983002,1
1994-06-17,1.1978,1.2167,1.1929,1.2143,3111,50,0,0.01369062526087328,1
1994-06-20,1.2154,1.2248,1.2124,1.2224,1781,50,0,0.006670509758708754,1
1994-06-21,1.2225,1.2318,1.2169,1.2264,2591,50,0,0.00327225130890052,1
1994-06-22,1.2265,1.2265,1.2155,1.2168,1231,50,0,-0.007827788649706346,-1
1994-06-23,1.2168,1.2227000000000001,1.2138,1.2187000000000001,1591,50,0,0.0015614727153188124,1
1994-06-24,1.22,1.238,1.2158,1.238,2641,50,0,0.015836547140395396,1
1994-06-27,1.2384,1.2436,1.2344,1.2353,1531,50,0,-0.0021809369951534263,-1
1994-06-28,1.2344,1.2408,1.2292,1.2408,1681,50,0,0.0044523597506678225,1
1994-06-29,1.2392,1.2431,1.232,1.2337,1671,50,0,-0.005722114764667885,-1
1994-06-30,1.2338,1.2352,1.2237,1.2325,2171,50,0,-0.0009726837967091173,-1
1994-07-01,1.2324,1.2343,1.2184,1.2237,2311,50,0,-0.007139959432048593,-1
1994-07-04,1.2236,1.2269,1.2201,1.2254,1181,50,0,0.0013892293862876048,1
1994-07-05,1.2252,1.2383,1.2233,1.2374,1781,50,0,0.009792720744246752,1
1994-07-06,1.2375,1.2493,1.2345,1.2385,2861,50,0,0.0008889607240987196,1
1994-07-07,1.2379,1.2456,1.2359,1.2437,1361,50,0,0.004198627371820862,1
1994-07-08,1.2442,1.2579,1.2387,1.2579,2471,50,0,0.01141754442389642,1
1994-07-11,1.2576,1.2865,1.2558,1.2818,3721,50,0,0.018999920502424716,1
1994-07-12,1.2812999999999999,1.2894,1.2766,1.278,2231,50,0,-0.0029645810578873277,-1
1994-07-13,1.2777,1.2814999999999999,1.2676,1.268,1811,50,0,-0.007824726134585291,-1
1994-07-14,1.2676,1.2723,1.2566,1.2586,2241,50,0,-0.007413249211356554,-1
1994-07-15,1.2583,1.2661,1.2533,1.2661,1781,50,0,0.005959002065787367,1
1994-07-18,1.2666,1.2699,1.2622,1.263,1181,50,0,-0.002448463786430821,-1
1994-07-19,1.263,1.2635,1.2462,1.2468,1841,50,0,-0.01282660332541563,-1
1994-07-20,1.2472,1.2559,1.2394,1.2509000000000001,2931,50,0,0.0032884183509787057,1
1994-07-21,1.2525,1.2567,1.2278,1.2298,3511,50,0,-0.01686785514429623,-1
1994-07-22,1.2304,1.2318,1.2209,1.2285,1991,50,0,-0.0010570824524313016,-1
1994-07-25,1.2286,1.2358,1.2285,1.2307,1251,50,0,0.0017908017908017104,1
1994-07-26,1.2305,1.2351,1.2268,1.2351,1201,50,0,0.0035752011050622645,1
1994-07-27,1.2349999999999999,1.2438,1.234,1.2414,1321,50,0,0.005100801554529966,1
1994-07-28,1.2416,1.2482,1.2266,1.2292,3081,50,0,-0.009827613984211392,-1
1994-07-29,1.2295,1.2442,1.2238,1.2436,2671,50,0,0.011714936544093613,1
1994-08-01,1.2445,1.2457,1.2379,1.2391,1021,50,0,-0.003618526857510407,-1
1994-08-02,1.2389999999999999,1.2405,1.2332,1.2349999999999999,1061,50,0,-0.003308853199903372,-1
1994-08-03,1.2349999999999999,1.2419,1.2319,1.2419,1311,50,0,0.005587044534413055,1
1994-08-04,1.2417,1.2438,1.2295,1.2319,1881,50,0,-0.008052178114179909,-1
1994-08-05,1.2317,1.2405,1.2282,1.2401,1621,50,0,0.0066563844467895095,1
1994-08-08,1.2401,1.2408,1.2332,1.2361,1121,50,0,-0.003225546326909079,-1
1994-08-09,1.236,1.2377,1.2318,1.2368999999999999,1091,50,0,0.0006471968287353747,1
1994-08-10,1.2365,1.2434,1.2334,1.2341,1761,50,0,-0.0022637238256931758,-1
1994-08-11,1.2342,1.2566,1.2299,1.2533,3431,50,0,0.01555789644275185,1
1994-08-12,1.2529,1.263,1.2509000000000001,1.2602,1691,50,0,0.00550546557089282,1
1994-08-15,1.2599,1.2627,1.2583,1.26,871,50,0,-0.0001587049674655061,-1
1994-08-16,1.2602,1.2676,1.2483,1.25,2841,50,0,-0.007936507936507908,-1
1994-08-17,1.2501,1.2616,1.2489,1.2612999999999999,1421,50,0,0.009039999999999937,1
1994-08-18,1.2609,1.2697,1.2594,1.2658,1571,50,0,0.0035677475620392585,1
1994-08-19,1.2657,1.2744,1.2652999999999999,1.2703,1361,50,0,0.0035550639911519077,1
1994-08-22,1.2704,1.2812999999999999,1.2696,1.2797,1411,50,0,0.007399826812564125,1
1994-08-23,1.2798,1.2812999999999999,1.2694,1.2763,2031,50,0,-0.0026568727045401808,-1
1994-08-24,1.2763,1.2778,1.2638,1.2646,1631,50,0,-0.009167123716994463,-1
1994-08-25,1.2645,1.2694,1.2618,1.267,1271,50,0,0.0018978333069745723,1
1994-08-26,1.2671000000000001,1.2686,1.2387,1.2398,3251,50,0,-0.0214680347277032,-1
1994-08-29,1.2398,1.244,1.2278,1.2368000000000001,2941,50,0,-0.0024197451201806164,-1
1994-08-30,1.2365,1.2429000000000001,1.2344,1.2401,1341,50,0,0.002668175937904138,1
1994-08-31,1.2402,1.2431,1.2354,1.2368999999999999,1211,50,0,-0.0025804370615273298,-1
1994-09-01,1.2367,1.2446,1.236,1.2425,1141,50,0,0.004527447651386574,1
1994-09-02,1.2425,1.2591999999999999,1.2354,1.2572999999999999,3281,50,0,0.01191146881287719,1
1994-09-05,1.2574,1.2614,1.2556,1.2588,1021,50,0,0.0011930326890956522,1
1994-09-06,1.2586,1.2703,1.2583,1.2652999999999999,1731,50,0,0.005163647918652536,1
1994-09-07,1.2654,1.268,1.2591,1.2612999999999999,1371,50,0,-0.003161305619220789,-1
1994-09-08,1.2614,1.2642,1.2535,1.2562,1621,50,0,-0.004043447236977582,-1
1994-09-09,1.2559,1.2742,1.2521,1.2717,2841,50,0,0.012338799554211244,1
1994-09-12,1.2718,1.2749,1.2664,1.2676,1281,50,0,-0.0032240308248800975,-1
1994-09-13,1.2676,1.2723,1.2608,1.2678,2281,50,0,0.00015777847901543574,1
1994-09-14,1.2675,1.2738,1.2662,1.2685,1421,50,0,0.0005521375611294843,1
1994-09-15,1.2685,1.2685,1.2617,1.2621,721,50,0,-0.0050453291288923285,-1
1994-09-16,1.2619,1.2769,1.2607,1.2666,2771,50,0,0.0035654860946041644,1
1994-09-19,1.2668,1.2692,1.2583,1.2612999999999999,1631,50,0,-0.004184430759513691,-1
1994-09-20,1.2615,1.263,1.2549000000000001,1.2606,1531,50,0,-0.0005549829540949514,-1
1994-09-21,1.2605,1.2662,1.2598,1.2652,811,50,0,0.0036490560050770338,1
1994-09-22,1.2652,1.2659,1.2619,1.264,681,50,0,-0.000948466645589674,-1
1994-09-23,1.264,1.2692,1.2626,1.2636,1281,50,0,-0.00031645569620253333,-1
1994-09-26,1.2637,1.2637,1.256,1.26,1171,50,0,-0.002849002849002913,-1
1994-09-27,1.26,1.2711000000000001,1.2594,1.2699,1351,50,0,0.007857142857142785,1
1994-09-28,1.2698,1.2713,1.2587,1.2604,1581,50,0,-0.007480904008189682,-1
1994-09-29,1.2604,1.2658,1.2598,1.2614,1101,50,0,0.0007933989209776282,1
1994-09-30,1.2614,1.2647,1.2577,1.2612,1381,50,0,-0.00015855398763275907,-1
1994-10-03,1.2608,1.2657,1.2530999999999999,1.2576,2201,50,0,-0.0028544243577545148,-1
1994-10-04,1.2575,1.2655,1.2575,1.2649,861,50,0,0.005804707379134744,1
1994-10-05,1.2651,1.2704,1.263,1.2662,1371,50,0,0.0010277492291881352,1
1994-10-06,1.2656,1.2691,1.2652999999999999,1.2673,591,50,0,0.0008687411151477864,1
1994-10-07,1.2673,1.275,1.2622,1.2631000000000001,2141,50,0,-0.0033141324074804634,-1
1994-10-10,1.2633,1.267,1.2607,1.2648,1111,50,0,0.0013458950201883368,1
1994-10-11,1.2648,1.2666,1.2623,1.2652999999999999,811,50,0,0.0003953194180896791,1
1994-10-12,1.2652999999999999,1.2706,1.2642,1.2696,851,50,0,0.0033984035406624535,1
1994-10-13,1.2697,1.2839,1.2663,1.2821,2281,50,0,0.009845620667926935,1
1994-10-14,1.282,1.29,1.2808,1.2844,1601,50,0,0.0017939318305904006,1
1994-10-17,1.2833,1.3091,1.2828,1.3038,3211,50,0,0.015104328869511185,1
1994-10-18,1.3041,1.3053,1.299,1.3014999999999999,1001,50,0,-0.0017640742445161894,-1
1994-10-19,1.3011,1.3068,1.2977,1.3042,1511,50,0,0.002074529389166413,1
1994-10-20,1.3041,1.3115,1.3004,1.3108,1551,50,0,0.00506057353166689,1
1994-10-21,1.3104,1.3142,1.3016,1.3039,1871,50,0,-0.005263960939884016,-1
1994-10-24,1.3026,1.3123,1.301,1.3107,1451,50,0,0.005215123859191539,1
1994-10-25,1.3109,1.3161,1.3049,1.3064,1791,50,0,-0.003280689707789719,-1
1994-10-26,1.3065,1.3127,1.304,1.3101,1381,50,0,0.0028322106552358672,1
1994-10-27,1.3104,1.3118,1.304,1.3046,981,50,0,-0.004198152812762479,-1
1994-10-28,1.3046,1.3098,1.2894999999999999,1.2929,2891,50,0,-0.008968266135213843,-1
1994-10-31,1.2929,1.3026,1.2918,1.3017,1281,50,0,0.0068064042075954845,1
1994-11-01,1.3014999999999999,1.3096,1.3014999999999999,1.3096,811,50,0,0.006068986709687252,1
1994-11-02,1.3094999999999999,1.3117,1.2858,1.2923,3461,50,0,-0.0132101405009164,-1
1994-11-03,1.2923,1.2934999999999999,1.2824,1.2889,1881,50,0,-0.0026309680414764447,-1
1994-11-04,1.2889,1.2929,1.2810000000000001,1.2923,2041,50,0,0.002637908293894098,1
1994-11-07,1.2923,1.2938,1.2888,1.2899,761,50,0,-0.001857153911630438,-1
1994-11-08,1.2898,1.2988,1.2897,1.2972000000000001,1081,50,0,0.005659353438251191,1
1994-11-09,1.2973,1.3009,1.2769,1.2809,3161,50,0,-0.012565525747764594,-1
1994-11-10,1.2811,1.2819,1.2728,1.2802,1731,50,0,-0.0005464907486922854,-1
1994-11-11,1.2797,1.2818,1.276,1.276,791,50,0,-0.0032807373847836274,-1
1994-11-14,1.2761,1.2762,1.2648,1.2657,1241,50,0,-0.008072100313479602,-1
1994-11-15,1.2657,1.2695,1.255,1.2558,1911,50,0,-0.007821758710594984,-1
1994-11-16,1.2556,1.2629000000000001,1.2545,1.2629000000000001,951,50,0,0.005653766523331827,1
1994-11-17,1.2628,1.2663,1.2578,1.2582,1241,50,0,-0.00372159315860332,-1
1994-11-18,1.2584,1.2617,1.2537,1.2558,1341,50,0,-0.0019074868860275984,-1
1994-11-21,1.2558,1.2595,1.2506,1.259,1461,50,0,0.002548176461219853,1
1994-11-22,1.2589000000000001,1.2621,1.2551,1.2612999999999999,1161,50,0,0.0018268467037330094,1
1994-11-23,1.2610000000000001,1.2639,1.2561,1.2563,1091,50,0,-0.003964163957821176,-1
1994-11-24,1.2563,1.2574,1.2534,1.2557,741,50,0,-0.00047759293162452643,-1
1994-11-25,1.2559,1.2587,1.2513,1.2515,1041,50,0,-0.0033447479493509125,-1
1994-11-28,1.2516,1.252,1.2477,1.2505,751,50,0,-0.0007990411506193507,-1
1994-11-29,1.2507,1.2534,1.2444,1.245,1231,50,0,-0.004398240703718415,-1
1994-11-30,1.245,1.2477,1.2434,1.2468,681,50,0,0.0014457831325298542,1
1994-12-01,1.2467,1.2477,1.2407,1.2425,981,50,0,-0.0034488290022457457,-1
1994-12-02,1.2427,1.2434,1.2359,1.2398,1211,50,0,-0.0021730382293762007,-1
1994-12-05,1.2397,1.245,1.2381,1.2445,901,50,0,0.0037909340216162324,1
1994-12-06,1.2444,1.2471,1.2421,1.2442,981,50,0,-0.00024106066693452277,-1
1994-12-07,1.2442,1.2498,1.2431,1.2485,911,50,0,0.0034560360070727825,1
1994-12-08,1.2485,1.2498,1.2383,1.2398,1431,50,0,-0.006968362034441289,-1
1994-12-09,1.2398,1.2412,1.2352,1.2398,1201,50,0,0.0,-1
1994-12-12,1.2397,1.2442,1.2368000000000001,1.2428,1171,50,0,0.0024197451201806164,1
1994-12-13,1.2427,1.2477,1.2407,1.2422,1351,50,0,-0.00048278081750874335,-1
1994-12-14,1.2422,1.2476,1.2422,1.2469000000000001,611,50,0,0.0037836097246821687,1
1994-12-15,1.2469000000000001,1.2471,1.2423,1.2446,731,50,0,-0.0018445745448714135,-1
1994-12-16,1.2446,1.2462,1.2422,1.2429000000000001,631,50,0,-0.001365900690984856,-1
1994-12-19,1.2428,1.2441,1.2398,1.2435,791,50,0,0.0004827419744146688,1
1994-12-20,1.2436,1.2458,1.2424,1.245,541,50,0,0.0012062726176116367,1
1994-12-21,1.245,1.2465,1.2365,1.2366,1161,50,0,-0.006746987951807393,-1
1994-12-22,1.2367,1.2433,1.2351,1.2414,1171,50,0,0.0038816108685104656,1
1994-12-23,1.2414,1.2428,1.238,1.2394,761,50,0,-0.0016110842597067965,-1
1994-12-26,1.2394,1.2394,1.2361,1.2375,471,50,0,-0.0015329998386316435,-1
1994-12-27,1.2368999999999999,1.2416,1.2355,1.2411,801,50,0,0.0029090909090909722,1
1994-12-28,1.2408,1.2692,1.2385,1.2655,3671,50,0,0.019659979050842047,1
1994-12-29,1.2655,1.2655,1.2517,1.2582,2031,50,0,-0.005768470960094918,-1
1994-12-30,1.2582,1.2637,1.2578,1.2622,781,50,0,0.0031791448100459974,1
1995-01-02,1.2626,1.2636,1.2528000000000001,1.2534,1241,50,0,-0.006971953731579772,-1
1995-01-03,1.2533,1.2603,1.2529,1.2556,1251,50,0,0.001755225785862402,1
1995-01-04,1.2557,1.2574,1.2519,1.2529,821,50,0,-0.0021503663587131294,-1
1995-01-05,1.2528000000000001,1.262,1.2528000000000001,1.2602,1101,50,0,0.0058264825604597,1
1995-01-06,1.2597,1.2625,1.2496,1.2517,1781,50,0,-0.006744961117282955,-1
1995-01-09,1.2517,1.2756,1.2509000000000001,1.2711000000000001,3001,50,0,0.015498921466805315,1
1995-01-10,1.2709,1.2788,1.2692999999999999,1.2744,1551,50,0,0.0025961765400046577,1
1995-01-11,1.2746,1.2770000000000001,1.2719,1.2735,911,50,0,-0.0007062146892654608,-1
1995-01-12,1.2735,1.2817,1.2701,1.2802,1651,50,0,0.00526109148017273,1
1995-01-13,1.2802,1.2812999999999999,1.2718,1.2756,1441,50,0,-0.003593188564286809,-1
1995-01-16,1.2755,1.2806,1.2717,1.2772000000000001,1611,50,0,0.0012543116964565115,1
1995-01-17,1.2772000000000001,1.2795,1.2711000000000001,1.2762,1581,50,0,-0.0007829627309741127,-1
1995-01-18,1.2762,1.2824,1.2727,1.2742,1741,50,0,-0.0015671524839366846,-1
1995-01-19,1.2742,1.2943,1.2730000000000001,1.2913000000000001,2551,50,0,0.013420185214252145,1
1995-01-20,1.2911000000000001,1.2977,1.2896,1.2926,1471,50,0,0.0010067373964222082,1
1995-01-23,1.2925,1.297,1.2904,1.2916,1231,50,0,-0.0007736345350455309,-1
1995-01-24,1.2915,1.2953000000000001,1.2904,1.2937,761,50,0,0.00162589036853511,1
1995-01-25,1.2939,1.2995999999999999,1.2872,1.2896,2051,50,0,-0.003169204606941367,-1
1995-01-26,1.2898,1.2929,1.2878,1.2889,931,50,0,-0.0005428039702234377,-1
1995-01-27,1.2889,1.2948,1.2875,1.2904,1311,50,0,0.0011637830708355335,1
1995-01-30,1.2906,1.3028,1.2906,1.2993999999999999,1561,50,0,0.006974581525108325,1
1995-01-31,1.2993000000000001,1.3018,1.2802,1.2833999999999999,2731,50,0,-0.012313375404032656,-1
1995-02-01,1.2825,1.2893,1.2808,1.2884,1111,50,0,0.0038959015116097895,1
1995-02-02,1.2884,1.29,1.2854999999999999,1.2877,831,50,0,-0.000543309531201408,-1
1995-02-03,1.2878,1.2901,1.2775,1.2804,1781,50,0,-0.005669022287799974,-1
1995-02-06,1.2804,1.2809,1.2746,1.2787,1091,50,0,-0.0013277100905967343,-1
1995-02-07,1.2792,1.2804,1.2718,1.2727,1071,50,0,-0.004692265582232014,-1
1995-02-08,1.2728,1.2792,1.2723,1.2779,871,50,0,0.0040858018386109585,1
1995-02-09,1.2778,1.2818,1.2767,1.2796,841,50,0,0.0013303075358008787,1
1995-02-10,1.2796,1.2884,1.2757,1.288,1701,50,0,0.006564551422319376,1
1995-02-13,1.288,1.29,1.2851,1.2861,791,50,0,-0.0014751552795031486,-1
1995-02-14,1.2859,1.2983,1.2849,1.2968,1591,50,0,0.008319726304330866,1
1995-02-15,1.2966,1.298,1.2923,1.2961,1091,50,0,-0.0005397902529302723,-1
1995-02-16,1.2968,1.3148,1.2955999999999999,1.3118,2341,50,0,0.012113262865519614,1
1995-02-17,1.3118,1.3241,1.3111,1.3215,1631,50,0,0.0073944198810793615,1
1995-02-20,1.3218,1.3295,1.3206,1.3234,1621,50,0,0.0014377601210744384,1
1995-02-21,1.3232,1.3323,1.3157,1.3309,2551,50,0,0.005667220794922212,1
1995-02-22,1.331,1.3352,1.3222,1.3287,2371,50,0,-0.00165301675557894,-1
1995-02-23,1.3287,1.3352,1.3246,1.3326,1731,50,0,0.0029351998193722917,1
1995-02-24,1.3325,1.3397999999999999,1.3247,1.3374,2531,50,0,0.0036019810895993043,1
1995-02-27,1.3376000000000001,1.346,1.3299,1.3299,2451,50,0,-0.0056078959174517,-1
1995-02-28,1.3299,1.3431,1.3299,1.3401,1621,50,0,0.007669749605233367,1
1995-03-01,1.3397000000000001,1.3437999999999999,1.3319,1.3384,2251,50,0,-0.0012685620476083903,-1
1995-03-02,1.3381,1.3624,1.3333,1.3577,3861,50,0,0.014420203227734518,1
1995-03-03,1.3580999999999999,1.3860999999999999,1.3446,1.3832,5791,50,0,0.018781763276128904,1
1995-03-06,1.3837,1.4099,1.3817,1.3916,4851,50,0,0.006072874493927127,1
1995-03-07,1.392,1.4381,1.3905,1.4245,6271,50,0,0.023641851106639855,1
1995-03-08,1.4247,1.4535,1.3923,1.4003,9801,50,0,-0.01698841698841702,-1
1995-03-09,1.4003,1.4139,1.3831,1.3916,5291,50,0,-0.006212954366921486,-1
1995-03-10,1.3908,1.3987,1.3761999999999999,1.3891,4331,50,0,-0.0017964932451853821,-1
1995-03-13,1.3896,1.3961000000000001,1.3867,1.3877,1691,50,0,-0.0010078468072853841,-1
1995-03-14,1.3876,1.3926,1.3799000000000001,1.3834,2121,50,0,-0.00309865244649421,-1
1995-03-15,1.3831,1.4122,1.3820999999999999,1.4096,3371,50,0,0.01893884632065923,1
1995-03-16,1.4091,1.4178,1.397,1.3995,3201,50,0,-0.007165153234960253,-1
1995-03-17,1.3998,1.4157,1.399,1.4144999999999999,1871,50,0,0.010718113612004254,1
1995-03-20,1.414,1.4152,1.3904,1.3934,2901,50,0,-0.014916931778013343,-1
1995-03-21,1.3937,1.4014,1.3798,1.3848,3431,50,0,-0.006171953495048066,-1
1995-03-22,1.385,1.3975,1.3807,1.3945,2411,50,0,0.00700462160600801,1
1995-03-23,1.3955,1.4006,1.3902,1.3944,1971,50,0,-7.17102904266298e-05,-1
1995-03-24,1.3945,1.3945,1.3763,1.3778000000000001,1971,50,0,-0.011904761904761862,-1
1995-03-27,1.3783,1.3945,1.3783,1.3906,2011,50,0,0.009290172739149227,1
1995-03-28,1.3904,1.4114,1.3900000000000001,1.4099,2331,50,0,0.013878901193729254,1
1995-03-29,1.4102000000000001,1.4237,1.4079,1.4127,2911,50,0,0.001985956450812232,1
1995-03-30,1.4132,1.421,1.377,1.3892,6401,50,0,-0.01663481276987333,-1
1995-03-31,1.3896,1.4318,1.3851,1.4289,5411,50,0,0.02857759861790954,1
1995-04-03,1.4289,1.4327,1.4158,1.4313,3141,50,0,0.0016796136888515,1
1995-04-04,1.4313,1.4318,1.4092,1.4173,3121,50,0,-0.0097813176832251,-1
1995-04-05,1.4172,1.4299,1.4116,1.425,2881,50,0,0.0054328653072743815,1
1995-04-06,1.4247,1.4379,1.4163000000000001,1.4279,4001,50,0,0.0020350877192982786,1
1995-04-07,1.4278,1.4324,1.399,1.4022999999999999,4131,50,0,-0.017928426360389382,-1
1995-04-10,1.4025,1.4066,1.3788,1.3824,3551,50,0,-0.014190971974613054,-1
1995-04-11,1.3822,1.3989,1.3822,1.3937,2191,50,0,0.008174189814814659,1
1995-04-12,1.3934,1.4009,1.3900000000000001,1.3936,2161,50,0,-7.1751452966895e-05,-1
1995-04-13,1.393,1.415,1.3921999999999999,1.4049,3371,50,0,0.008108495981630437,1
1995-04-14,1.4052,1.4127,1.4025,1.4061,1951,50,0,0.0008541533205208562,1
1995-04-17,1.4111,1.4321,1.4086,1.43,2811,50,0,0.01699736860820722,1
1995-04-18,1.4302000000000001,1.4476,1.4248,1.4441,3171,50,0,0.009860139860139894,1
1995-04-19,1.4436,1.452,1.4214,1.4304999999999999,4811,50,0,-0.009417630358008466,-1
1995-04-20,1.43,1.4318,1.4076,1.4126,3101,50,0,-0.012513107305137883,-1
1995-04-21,1.4122,1.4437,1.4083999999999999,1.4408,4201,50,0,0.019963188446835645,1
1995-04-24,1.4397,1.4462,1.4156,1.4208,4231,50,0,-0.013881177123820088,-1
1995-04-25,1.4195,1.4391,1.4173,1.4257,3741,50,0,0.0034487612612612573,1
1995-04-26,1.4257,1.4365,1.4109,1.4271,4981,50,0,0.0009819737672722706,1
1995-04-27,1.4266,1.4311,1.4173,1.4187,1971,50,0,-0.005886062644523848,-1
1995-04-28,1.4178,1.424,1.4019,1.4086,3501,50,0,-0.007119193627969311,-1
1995-05-01,1.4087,1.4098,1.4018,1.4074,1471,50,0,-0.0008519096975720952,-1
1995-05-02,1.4073,1.4235,1.4057,1.4196,2331,50,0,0.008668466676140296,1
1995-05-03,1.4197,1.4277,1.4183,1.4234,1511,50,0,0.0026768103691181544,1
1995-05-04,1.4231,1.4312,1.4196,1.4259,2041,50,0,0.0017563580160180337,1
1995-05-05,1.4266,1.4348,1.4209,1.4243999999999999,2561,50,0,-0.0010519671786241025,-1
1995-05-08,1.425,1.4358,1.4238,1.4314,1761,50,0,0.004914349901713022,1
1995-05-09,1.4311,1.4337,1.4148,1.4186,2531,50,0,-0.008942294257370365,-1
1995-05-10,1.4188,1.4197,1.4038,1.4076,2061,50,0,-0.007754123784012523,-1
1995-05-11,1.4075,1.4091,1.3599,1.3634,5431,50,0,-0.03140096618357491,-1
1995-05-12,1.3633,1.3645,1.3428,1.3482,2831,50,0,-0.011148599090508915,-1
1995-05-15,1.3483,1.3644,1.3434,1.3629,2741,50,0,0.010903426791277315,1
1995-05-16,1.3623,1.3694,1.3454,1.3566,4231,50,0,-0.0046224961479198745,-1
1995-05-17,1.3563,1.3676,1.3505,1.3538000000000001,3171,50,0,-0.0020639834881320818,-1
1995-05-18,1.3533,1.3615,1.338,1.3596,4071,50,0,0.004284236962623478,1
1995-05-19,1.3597000000000001,1.3647,1.3493,1.3527,2381,50,0,-0.005075022065313295,-1
1995-05-22,1.3526,1.3607,1.3471,1.3577,2211,50,0,0.0036963110815404487,1
1995-05-23,1.3576,1.3648,1.3508,1.3542,2461,50,0,-0.002577889077115536,-1
1995-05-24,1.3541,1.362,1.3519999999999999,1.3592,1491,50,0,0.0036922168069708494,1
1995-05-25,1.3593,1.4014,1.3583,1.3976,4791,50,0,0.028251912889935227,1
1995-05-26,1.3980000000000001,1.4223,1.3961999999999999,1.4197,3051,50,0,0.015812821980538017,1
1995-05-29,1.4198,1.4235,1.4078,1.4117,2331,50,0,-0.005634993308445413,-1
1995-05-30,1.4122,1.416,1.4042,1.4046,1601,50,0,-0.005029397180704054,-1
1995-05-31,1.4049,1.4112,1.3786,1.3814,4171,50,0,-0.0165171579097253,-1
1995-06-01,1.3822,1.3935,1.3609,1.3911,5631,50,0,0.007021861879253022,1
1995-06-02,1.3915,1.4045,1.3731,1.3892,6051,50,0,-0.0013658256056358065,-1
1995-06-05,1.3891,1.3937,1.3820999999999999,1.3862999999999999,2041,50,0,-0.0020875323927440625,-1
1995-06-06,1.3860999999999999,1.3877,1.3771,1.3846,1971,50,0,-0.001226285796725013,-1
1995-06-07,1.3846,1.3921000000000001,1.3796,1.3808,2121,50,0,-0.0027444749386104084,-1
1995-06-08,1.3808,1.3908,1.374,1.3908,2361,50,0,0.007242178447276926,1
1995-06-09,1.3902999999999999,1.4001000000000001,1.3873,1.392,2391,50,0,0.0008628127696288512,1
1995-06-12,1.3921999999999999,1.3971,1.3876,1.3952,1601,50,0,0.0022988505747127963,1
1995-06-13,1.3948,1.4019,1.3832,1.3832,2581,50,0,-0.008600917431192623,-1
1995-06-14,1.3834,1.4002,1.3834,1.3981,1891,50,0,0.010772122614227886,1
1995-06-15,1.3982,1.4038,1.3832,1.3911,3411,50,0,-0.005006794935984438,-1
1995-06-16,1.3913,1.3997,1.3871,1.3986,1791,50,0,0.005391416864352072,1
1995-06-19,1.3982999999999999,1.4076,1.393,1.4015,2601,50,0,0.002073502073502098,1
1995-06-20,1.4006,1.408,1.3992,1.4071,1111,50,0,0.0039957188726365,1
1995-06-21,1.4083,1.4147,1.4022999999999999,1.4143,1881,50,0,0.005116907113922098,1
1995-06-22,1.414,1.4147,1.3959,1.3993,2291,50,0,-0.010605953475217311,-1
1995-06-23,1.3993,1.4138,1.3985,1.413,1691,50,0,0.009790609590509591,1
1995-06-26,1.413,1.413,1.4020000000000001,1.4083999999999999,1741,50,0,-0.003255484784147278,-1
1995-06-27,1.4083,1.4162,1.4060000000000001,1.4106,1811,50,0,0.0015620562340246114,1
1995-06-28,1.4106,1.417,1.3937,1.3995,3551,50,0,-0.00786899191833268,-1
1995-06-29,1.3998,1.4203999999999999,1.3987,1.4187,2451,50,0,0.013719185423365587,1
1995-06-30,1.4188,1.4189,1.4096,1.4152,1501,50,0,-0.0024670472968211232,-1
1995-07-03,1.415,1.4203999999999999,1.4134,1.419,1001,50,0,0.0026851328434143173,1
1995-07-04,1.419,1.4196,1.4117,1.4144999999999999,1131,50,0,-0.003171247357294016,-1
1995-07-05,1.4144999999999999,1.4189,1.4113,1.4184999999999999,1121,50,0,0.0028278543655002597,1
1995-07-06,1.4184999999999999,1.4197,1.4119,1.4184,1551,50,0,-7.049700387717905e-05,-1
1995-07-07,1.4186,1.4186,1.3947,1.4042,3341,50,0,-0.01001128031584897,-1
1995-07-10,1.4042,1.4076,1.3979,1.4027,1791,50,0,-0.0010682238997292703,-1
1995-07-11,1.4029,1.403,1.3881000000000001,1.3895,1641,50,0,-0.009410422756113257,-1
1995-07-12,1.3896,1.3976,1.3884,1.3957,1231,50,0,0.0044620367038503694,1
1995-07-13,1.3957,1.4106,1.3836,1.4089,4081,50,0,0.009457619832342168,1
1995-07-14,1.4091,1.4104,1.403,1.404,971,50,0,-0.0034778905529136983,-1
1995-07-17,1.404,1.4053,1.3971,1.3994,1181,50,0,-0.0032763532763532277,-1
1995-07-18,1.3998,1.4119,1.3982,1.4073,1991,50,0,0.005645276547091571,1
1995-07-19,1.4073,1.4249,1.4057,1.4224,2331,50,0,0.010729766219000902,1
1995-07-20,1.4227,1.424,1.4125,1.4147,1501,50,0,-0.005413385826771644,-1
1995-07-21,1.4146,1.4152,1.4078,1.409,921,50,0,-0.004029122782215344,-1
1995-07-24,1.4088,1.4151,1.4068,1.411,1441,50,0,0.0014194464158978626,1
1995-07-25,1.4109,1.4132,1.4012,1.4031,1621,50,0,-0.005598866052445084,-1
1995-07-26,1.4031,1.4141,1.4012,1.4094,1951,50,0,0.004490057729313657,1
1995-07-27,1.4092,1.4184,1.4088,1.414,1441,50,0,0.0032638001986660115,1
1995-07-28,1.414,1.4205999999999999,1.409,1.4168,2041,50,0,0.001980198019801982,1
1995-07-31,1.4174,1.4192,1.4098,1.4102000000000001,1161,50,0,-0.004658385093167627,-1
1995-08-01,1.4102999999999999,1.4247,1.41,1.4203999999999999,1931,50,0,0.0072330165933909285,1
1995-08-02,1.4205,1.4213,1.3945,1.3999,3301,50,0,-0.014432554210081605,-1
1995-08-03,1.3986,1.4104,1.3982,1.4066,1641,50,0,0.004786056146867779,1
1995-08-04,1.4062999999999999,1.4066,1.3973,1.3977,1001,50,0,-0.006327314090715297,-1
1995-08-07,1.3978,1.4008,1.3871,1.3879000000000001,1751,50,0,-0.007011518923946358,-1
1995-08-08,1.388,1.3924,1.3849,1.3889,1411,50,0,0.0007205130052596598,1
1995-08-09,1.389,1.3926,1.3873,1.3912,841,50,0,0.0016559867521059868,1
1995-08-10,1.3912,1.3921999999999999,1.3738000000000001,1.3773,2291,50,0,-0.00999137435307651,-1
1995-08-11,1.3776,1.3780999999999999,1.3488,1.3524,3341,50,0,-0.01807884992376385,-1
1995-08-14,1.3524,1.3662,1.3514,1.362,2001,50,0,0.00709849157054121,1
1995-08-15,1.3613,1.3673,1.3179,1.3191,5661,50,0,-0.03149779735682834,-1
1995-08-16,1.319,1.3279,1.31,1.3222,3261,50,0,0.0023500871806536594,1
1995-08-17,1.3222,1.3347,1.3139,1.3254000000000001,3841,50,0,0.002420208743004082,1
1995-08-18,1.3253,1.3322,1.3174000000000001,1.3244,2871,50,0,-0.0007544892108043433,-1
1995-08-21,1.3237,1.3302,1.3211,1.3215,1601,50,0,-0.002189670794322085,-1
1995-08-22,1.3213,1.3255,1.3136,1.3148,1731,50,0,-0.00506999621642068,-1
1995-08-23,1.3148,1.3235000000000001,1.3104,1.3195000000000001,2151,50,0,0.0035746881655005502,1
1995-08-24,1.3197,1.3281,1.3072,1.3246,3691,50,0,0.0038651004168244185,1
1995-08-25,1.3248,1.3324,1.3194,1.3295,2131,50,0,0.0036992299562130793,1
1995-08-28,1.3299,1.3397999999999999,1.3291,1.3329,1841,50,0,0.002557352388115941,1
1995-08-29,1.3329,1.3346,1.323,1.3235999999999999,1391,50,0,-0.006977267611973925,-1
1995-08-30,1.324,1.3281,1.3203,1.3227,1431,50,0,-0.0006799637352673527,-1
1995-08-31,1.3224,1.336,1.3202,1.3325,2151,50,0,0.007409087472594056,1
1995-09-01,1.3328,1.3384,1.3285,1.3384,1421,50,0,0.004427767354596712,1
1995-09-04,1.3382,1.3425,1.3346,1.3346,1221,50,0,-0.0028392109982068314,-1
1995-09-05,1.3345,1.3391,1.3316,1.3374,1211,50,0,0.0020980068934510765,1
1995-09-06,1.3373,1.3381,1.3213,1.3228,1911,50,0,-0.010916704052639448,-1
1995-09-07,1.3227,1.328,1.3166,1.3209,2101,50,0,-0.0014363471424251317,-1
1995-09-08,1.321,1.3341,1.3138,1.3316,3001,50,0,0.00810053751230222,1
1995-09-11,1.3317999999999999,1.3333,1.3253,1.3262,1041,50,0,-0.00405527185340937,-1
1995-09-12,1.3258,1.3308,1.3237,1.3277999999999999,1221,50,0,0.0012064545317447273,1
1995-09-13,1.3281,1.3294000000000001,1.3061,1.3089,2741,50,0,-0.014234071396294512,-1
1995-09-14,1.3096999999999999,1.3189,1.3,1.3155999999999999,3191,50,0,0.0051188020475207985,1
1995-09-15,1.3155000000000001,1.3179,1.3056,1.3173,2281,50,0,0.0012921860747947544,1
1995-09-18,1.3175,1.3224,1.3094000000000001,1.3188,2471,50,0,0.001138692780687789,1
1995-09-19,1.319,1.322,1.3121,1.3152,1601,50,0,-0.0027297543221110887,-1
1995-09-20,1.3147,1.3409,1.3142,1.3378999999999999,3021,50,0,0.01725973236009737,1
1995-09-21,1.3381,1.3866,1.336,1.3711,6821,50,0,0.024815008595560295,1
1995-09-22,1.3714,1.3886,1.3663,1.3728,4321,50,0,0.0012398803880095954,1
1995-09-25,1.3728,1.3794,1.363,1.3648,2481,50,0,-0.005827505827505797,-1
1995-09-26,1.3648,1.3693,1.3555,1.361,2381,50,0,-0.0027842907385697835,-1
1995-09-27,1.3608,1.3775,1.3596,1.3723,2431,50,0,0.008302718589272562,1
1995-09-28,1.3718,1.3817,1.3706,1.3782,1581,50,0,0.0042993514537637,1
1995-09-29,1.3769,1.383,1.3674,1.3696,2391,50,0,-0.006240023218691215,-1
1995-10-02,1.3687,1.3712,1.363,1.3707,1441,50,0,0.0008031542056075036,1
1995-10-03,1.3709,1.3719000000000001,1.3563,1.3583,1861,50,0,-0.009046472605238165,-1
1995-10-04,1.3578999999999999,1.3666,1.3548,1.3644,1711,50,0,0.004490907752337403,1
1995-10-05,1.3642,1.379,1.3609,1.3759000000000001,2451,50,0,0.008428613309879873,1
1995-10-06,1.3757,1.3824,1.3681,1.3719999999999999,2491,50,0,-0.002834508321825857,-1
1995-10-09,1.3725,1.3918,1.3715,1.3837,2941,50,0,0.008527696793003026,1
1995-10-10,1.3833,1.3858,1.3744,1.3793,1881,50,0,-0.0031798800317988096,-1
1995-10-11,1.3789,1.3822,1.3703,1.3709,1581,50,0,-0.006090045675342548,-1
1995-10-12,1.3712,1.3807,1.369,1.3791,1551,50,0,0.00598147202567656,1
1995-10-13,1.379,1.3808,1.3654,1.3711,2291,50,0,-0.0058008846349068,-1
1995-10-16,1.3715,1.3793,1.3715,1.3736,1351,50,0,0.001823353511778869,1
1995-10-17,1.3735,1.3856,1.3729,1.3832,1571,50,0,0.006988934187536433,1
1995-10-18,1.3832,1.3931,1.3715,1.3742,3421,50,0,-0.0065066512434932555,-1
1995-10-19,1.374,1.392,1.3739,1.3904,1981,50,0,0.011788677048464535,1
1995-10-20,1.3901,1.4015,1.3851,1.401,2191,50,0,0.007623705408515535,1
1995-10-23,1.4013,1.416,1.401,1.4094,2191,50,0,0.005995717344753793,1
1995-10-24,1.4094,1.4123,1.4014,1.4027,1511,50,0,-0.004753795941535355,-1
1995-10-25,1.4028,1.4089,1.3982,1.4045,1971,50,0,0.0012832394667428026,1
1995-10-26,1.4046,1.4115,1.3885,1.4045,4591,50,0,0.0,-1
1995-10-27,1.4043999999999999,1.4083999999999999,1.3878,1.3886,2541,50,0,-0.01132075471698113,-1
1995-10-30,1.3886,1.3942,1.3822,1.3893,2331,50,0,0.0005041048538094728,1
1995-10-31,1.3891,1.3952,1.3835,1.3875,2181,50,0,-0.0012956164975167495,-1
1995-11-01,1.3876,1.3902,1.3785,1.3803,1611,50,0,-0.005189189189189092,-1
1995-11-02,1.3803,1.381,1.3732,1.3738000000000001,911,50,0,-0.004709121205535016,-1
1995-11-03,1.3739,1.3844,1.3713,1.3793,2081,50,0,0.004003493958363524,1
1995-11-06,1.3795,1.388,1.379,1.3854,1211,50,0,0.004422533168998655,1
1995-11-07,1.3856,1.3871,1.3780999999999999,1.3813,1371,50,0,-0.002959434098455338,-1
1995-11-08,1.3812,1.3836,1.3754,1.3761,1131,50,0,-0.0037645696083399294,-1
1995-11-09,1.376,1.3924,1.3718,1.3854,3181,50,0,0.00675822977981233,1
1995-11-10,1.3856,1.3909,1.3786,1.3820000000000001,2101,50,0,-0.0024541648621335677,-1
1995-11-13,1.3817,1.3900000000000001,1.3761,1.3795,2561,50,0,-0.0018089725036181115,-1
1995-11-14,1.3793,1.3862999999999999,1.3765,1.3841999999999999,1471,50,0,0.00340703153316424,1
1995-11-15,1.3841,1.3993,1.3838,1.3900000000000001,2511,50,0,0.004190145932668976,1
1995-11-16,1.3901,1.393,1.3855,1.3919000000000001,1321,50,0,0.0013669064748200732,1
1995-11-17,1.3916,1.3975,1.3889,1.3889,1451,50,0,-0.002155327250520922,-1
1995-11-20,1.3894,1.3926,1.3735,1.3906,3701,50,0,0.001223990208078396,1
1995-11-21,1.3906,1.3911,1.3856,1.3891,951,50,0,-0.0010786710772329178,-1
1995-11-22,1.3891,1.3921000000000001,1.3832,1.3881000000000001,1681,50,0,-0.0007198905766322428,-1
1995-11-23,1.3886,1.3886,1.3822,1.3841999999999999,841,50,0,-0.0028095958504432694,-1
1995-11-24,1.3841999999999999,1.3876,1.3772,1.3776,1421,50,0,-0.004768097095795398,-1
1995-11-27,1.3777,1.3798,1.3593,1.3593,2261,50,0,-0.013283972125435528,-1
1995-11-28,1.3593,1.3676,1.358,1.3664,1211,50,0,0.005223276686529887,1
1995-11-29,1.3672,1.3679000000000001,1.3572,1.3602,1441,50,0,-0.004537470725995307,-1
1995-11-30,1.3601,1.3679000000000001,1.3485,1.3529,3161,50,0,-0.005366857815027215,-1
1995-12-01,1.3526,1.3566,1.3479,1.3554,1461,50,0,0.0018478823268532896,1
1995-12-04,1.3554,1.3667,1.3546,1.3594,2021,50,0,0.002951158329644432,1
1995-12-05,1.3593,1.3663,1.3558,1.3651,1521,50,0,0.0041930263351479535,1
1995-12-06,1.3648,1.3700999999999999,1.3518,1.353,2481,50,0,-0.008863819500402936,-1
1995-12-07,1.3532,1.3599,1.3506,1.3527,1811,50,0,-0.00022172949002219333,-1
1995-12-08,1.3526,1.3553,1.3452,1.3526,2021,50,0,-7.392622163082674e-05,-1
1995-12-11,1.3526,1.3572,1.3519,1.3554,781,50,0,0.0020700872393908387,1
1995-12-12,1.3554,1.3566,1.3486,1.3512,1181,50,0,-0.003098716246126565,-1
1995-12-13,1.3515,1.3519999999999999,1.346,1.3493,981,50,0,-0.001406157489638904,-1
1995-12-14,1.3497,1.3629,1.3458999999999999,1.3596,2411,50,0,0.007633587786259444,1
1995-12-15,1.3601,1.3607,1.3535,1.3573,1161,50,0,-0.0016916740217710613,-1
1995-12-18,1.3576,1.3702,1.3564,1.3668,1841,50,0,0.006999189567523878,1
1995-12-19,1.3663,1.3703,1.3521,1.3526,2271,50,0,-0.010389230318993303,-1
1995-12-20,1.3529,1.3629,1.3526,1.3606,1291,50,0,0.005914534969688079,1
1995-12-21,1.3596,1.361,1.357,1.3585,691,50,0,-0.0015434367190945153,-1
1995-12-22,1.3587,1.3637000000000001,1.3534,1.3611,1821,50,0,0.00191387559808609,1
1995-12-25,1.3611,1.3658000000000001,1.3596,1.3611,1241,50,0,0.0,-1
1995-12-26,1.3625,1.3691,1.3571,1.3658000000000001,2071,50,0,0.0034530894129749523,1
1995-12-27,1.3658000000000001,1.3677000000000001,1.361,1.3653,1291,50,0,-0.00036608581051411626,-1
1995-12-28,1.3653,1.3697,1.3567,1.3601,2081,50,0,-0.0038086867355159315,-1
1995-12-29,1.3596,1.3679000000000001,1.3589,1.3603,1731,50,0,0.00014704801117559896,1
1996-01-02,1.3617,1.3669,1.3601,1.3613,1321,50,0,0.0007351319561861303,1
1996-01-03,1.3611,1.3623,1.351,1.3519999999999999,1351,50,0,-0.006831704987879328,-1
1996-01-04,1.3521,1.3574,1.3413,1.3556,2871,50,0,0.002662721893491149,1
1996-01-05,1.3557000000000001,1.3641,1.3506,1.3544,2571,50,0,-0.0008852168781350311,-1
1996-01-08,1.355,1.3606,1.3532,1.3587,1111,50,0,0.003174837566449984,1
1996-01-09,1.3592,1.3652,1.3522,1.3642,2101,50,0,0.0040479870464416035,1
1996-01-10,1.3638,1.3649,1.3566,1.3596,1241,50,0,-0.0033719395982995115,-1
1996-01-11,1.3594,1.3638,1.3549,1.3558,1421,50,0,-0.002794939688143594,-1
1996-01-12,1.3557000000000001,1.3599,1.3517000000000001,1.3538000000000001,1451,50,0,-0.0014751438265229178,-1
1996-01-15,1.354,1.3561,1.3479999999999999,1.3483,1051,50,0,-0.004062638499039761,-1
1996-01-16,1.3482,1.3484,1.3323,1.3323,1631,50,0,-0.01186679522361489,-1
1996-01-17,1.3336999999999999,1.3391,1.3282,1.331,1911,50,0,-0.0009757562110636053,-1
1996-01-18,1.3309,1.3338999999999999,1.326,1.3266,1151,50,0,-0.0033057851239669533,-1
1996-01-19,1.3261,1.3281,1.3179,1.3214000000000001,1571,50,0,-0.003919794964570955,-1
1996-01-22,1.3222,1.3269,1.3145,1.3249,2211,50,0,0.0026487059179656214,1
1996-01-23,1.3254000000000001,1.3288,1.3195000000000001,1.3226,1581,50,0,-0.0017359800739678022,-1
1996-01-24,1.3227,1.3229,1.3155000000000001,1.3184,1051,50,0,-0.0031755632844396864,-1
1996-01-25,1.3183,1.3265,1.3106,1.3122,2571,50,0,-0.004702669902912571,-1
1996-01-26,1.314,1.3167,1.3088,1.3115999999999999,1341,50,0,-0.00045724737082775135,-1
1996-01-29,1.312,1.3211,1.3104,1.3192,1421,50,0,0.00579444952729502,1
1996-01-30,1.3194,1.3228,1.3115,1.3118,1501,50,0,-0.005609460278956813,-1
1996-01-31,1.3121,1.3169,1.3107,1.3151,941,50,0,0.0025156273822228847,1
1996-02-01,1.3142,1.3192,1.3084,1.316,1981,50,0,0.0006843586039084748,1
1996-02-02,1.3155999999999999,1.3215,1.3119,1.3208,1401,50,0,0.0036474164133737386,1
1996-02-05,1.3209,1.3378,1.3206,1.3322,2311,50,0,0.008631132646880646,1
1996-02-06,1.3317,1.3343,1.3272,1.3298,1231,50,0,-0.0018015313016063184,-1
1996-02-07,1.3301,1.3323,1.322,1.3226,1311,50,0,-0.005414348022259041,-1
1996-02-08,1.3228,1.3263,1.3195000000000001,1.3246,1181,50,0,0.0015121729925904326,1
1996-02-09,1.3242,1.3294000000000001,1.3209,1.3227,1551,50,0,-0.0014343952891439082,-1
1996-02-12,1.3231,1.3291,1.3227,1.3247,1121,50,0,0.0015120586678762926,1
1996-02-13,1.3247,1.3286,1.3229,1.3286,751,50,0,0.0029440628066732533,1
1996-02-14,1.3287,1.3369,1.3277999999999999,1.3336999999999999,1321,50,0,0.003838627126298233,1
1996-02-15,1.334,1.3364,1.3293,1.3328,1301,50,0,-0.0006748144260327882,-1
1996-02-16,1.3328,1.3504,1.3308,1.3504,2161,50,0,0.013205282112845218,1
1996-02-19,1.3503,1.3566,1.3468,1.3513,1861,50,0,0.000666469194312791,1
1996-02-20,1.3507,1.3526,1.3393,1.3491,2501,50,0,-0.001628061866350894,-1
1996-02-21,1.3489,1.3551,1.3442,1.3479999999999999,2091,50,0,-0.0008153583870729175,-1
1996-02-22,1.3494,1.351,1.3439999999999999,1.35,1341,50,0,0.0014836795252226587,1
1996-02-23,1.3493,1.3559,1.3414,1.3529,2541,50,0,0.0021481481481480103,1
1996-02-26,1.3535,1.3543,1.3456000000000001,1.3465,1041,50,0,-0.004730578756744763,-1
1996-02-27,1.347,1.3501,1.3444,1.3458999999999999,1031,50,0,-0.00044559970293367446,-1
1996-02-28,1.3458,1.3468,1.3305,1.3341,2091,50,0,-0.008767367560739925,-1
1996-02-29,1.3336999999999999,1.3343,1.3264,1.328,1011,50,0,-0.004572370886740118,-1
1996-03-01,1.3277999999999999,1.3295,1.3208,1.3276,1721,50,0,-0.000301204819277201,-1
1996-03-04,1.3274,1.3296999999999999,1.3224,1.3226,981,50,0,-0.0037661946369387245,-1
1996-03-05,1.3231,1.3277999999999999,1.3199,1.3272,1171,50,0,0.003477997882957773,1
1996-03-06,1.3269,1.3273,1.3208,1.3215,761,50,0,-0.0042947558770344285,-1
1996-03-07,1.3215,1.3256000000000001,1.3157,1.3239,1741,50,0,0.001816118047673232,1
1996-03-08,1.3237,1.3294000000000001,1.3108,1.3148,2831,50,0,-0.006873630938892705,-1
1996-03-11,1.3141,1.3228,1.3125,1.3195000000000001,1521,50,0,0.0035746881655005502,1
1996-03-12,1.3193,1.3281,1.3163,1.3267,1621,50,0,0.005456612353164081,1
1996-03-13,1.3263,1.3316,1.3251,1.3291,1021,50,0,0.001808999773875053,1
1996-03-14,1.3289,1.3308,1.3265,1.3288,851,50,0,-0.00022571665036486,-1
1996-03-15,1.3283,1.3338999999999999,1.3237,1.3275000000000001,1961,50,0,-0.000978326309452049,-1
1996-03-18,1.3276,1.3303,1.3231,1.3245,1131,50,0,-0.00225988700564983,-1
1996-03-19,1.3249,1.3285,1.3211,1.3272,1251,50,0,0.0020385050962625773,1
1996-03-20,1.3273,1.3289,1.3231,1.327,1131,50,0,-0.00015069318866789416,-1
1996-03-21,1.327,1.3274,1.3202,1.3213,871,50,0,-0.004295403165033962,-1
1996-03-22,1.3211,1.3284,1.3195000000000001,1.3275000000000001,1141,50,0,0.004692348444713668,1
1996-03-25,1.326,1.3281,1.322,1.3233,951,50,0,-0.0031638418079097397,-1
1996-03-26,1.3235000000000001,1.3259,1.3216,1.3227,781,50,0,-0.00045341192473358216,-1
1996-03-27,1.3223,1.3235000000000001,1.3148,1.3166,1171,50,0,-0.0046117789370228035,-1
1996-03-28,1.3166,1.328,1.3152,1.3259,1631,50,0,0.007063648792343891,1
1996-03-29,1.3256999999999999,1.3315000000000001,1.322,1.3224,1571,50,0,-0.0026397164190361533,-1
1996-04-01,1.3226,1.3232,1.3175,1.3179,671,50,0,-0.003402903811252189,-1
1996-04-02,1.3179,1.322,1.3179,1.3193,681,50,0,0.0010622960770922951,1
1996-04-03,1.3192,1.3242,1.318,1.3192,1241,50,0,-7.579777154553824e-05,-1
1996-04-04,1.3191,1.3225,1.3188,1.3212,531,50,0,0.0015160703456640334,1
1996-04-05,1.3222,1.3224,1.3171,1.3175,591,50,0,-0.002800484408113868,-1
1996-04-08,1.3203,1.3269,1.3159,1.3197,2141,50,0,0.0016698292220116429,1
1996-04-09,1.3195000000000001,1.3213,1.3043,1.3059,2041,50,0,-0.010456922027733628,-1
1996-04-10,1.306,1.3078,1.2989,1.3062,1761,50,0,0.00022972662531595134,1
1996-04-11,1.3063,1.3078,1.2998,1.3017,1141,50,0,-0.0034451079467155976,-1
1996-04-12,1.3018,1.3042,1.2982,1.2995999999999999,981,50,0,-0.0016132749481448938,-1
1996-04-15,1.3,1.3002,1.292,1.2943,1071,50,0,-0.004078177900892488,-1
1996-04-16,1.2943,1.2983,1.2932000000000001,1.2967,781,50,0,0.0018542841690489809,1
1996-04-17,1.2968,1.2998,1.2941,1.2985,971,50,0,0.001388139122387555,1
1996-04-18,1.2983,1.3062,1.2925,1.3014999999999999,2421,50,0,0.0023103581055061717,1
1996-04-19,1.3014999999999999,1.3043,1.2893,1.2893,1781,50,0,-0.009373799462158994,-1
1996-04-22,1.2897,1.291,1.2873999999999999,1.2891,661,50,0,-0.000155122934925922,-1
1996-04-23,1.2889,1.2906,1.284,1.2844,871,50,0,-0.003645954541928398,-1
1996-04-24,1.2844,1.2873999999999999,1.2835,1.2871000000000001,511,50,0,0.002102148863282638,1
1996-04-25,1.2872,1.2876,1.2742,1.2758,1541,50,0,-0.00877942661797848,-1
1996-04-26,1.2757,1.2832,1.2748,1.2814999999999999,1101,50,0,0.004467784919266249,1
1996-04-29,1.2812999999999999,1.2887,1.2793,1.2796,1711,50,0,-0.0014826375341394638,-1
1996-04-30,1.2795,1.2848,1.2737,1.2769,1961,50,0,-0.0021100343857456405,-1
1996-05-01,1.2768,1.2772999999999999,1.2716,1.2734,801,50,0,-0.0027410133918082114,-1
1996-05-02,1.2736,1.2798,1.2703,1.2786,1401,50,0,0.004083555834772934,1
1996-05-03,1.2784,1.2837,1.2775,1.2812999999999999,951,50,0,0.0021116846550914836,1
1996-05-06,1.2808,1.2836,1.2803,1.2819,551,50,0,0.00046827440880359283,1
1996-05-07,1.2823,1.2862,1.2814,1.2819,921,50,0,0.0,-1
1996-05-08,1.282,1.2915,1.2799,1.2899,1531,50,0,0.00624073640689593,1
1996-05-09,1.2906,1.292,1.2857,1.287,901,50,0,-0.0022482362973874626,-1
1996-05-10,1.2871000000000001,1.2903,1.278,1.2806,1811,50,0,-0.004972804972804945,-1
1996-05-13,1.2802,1.2806,1.2739,1.2739,711,50,0,-0.005231922536310996,-1
1996-05-14,1.2744,1.2767,1.2723,1.2752,801,50,0,0.0010204882643849444,1
1996-05-15,1.2755,1.2782,1.2737,1.2761,841,50,0,0.0007057716436638106,1
1996-05-16,1.2767,1.2797,1.2718,1.2793999999999999,1311,50,0,0.0025860042316432352,1
1996-05-17,1.2793999999999999,1.2831000000000001,1.2732999999999999,1.2748,1501,50,0,-0.0035954353603251388,-1
1996-05-20,1.2747,1.2764,1.2723,1.2739,741,50,0,-0.0007059930969562922,-1
1996-05-21,1.2687,1.2690000000000001,1.2686,1.2690000000000001,51,50,0,-0.003846455765758594,-1
1996-05-22,1.2691,1.2715,1.2662,1.2674,891,50,0,-0.0012608353033884967,-1
1996-05-23,1.2674,1.2715,1.2652999999999999,1.2688,1101,50,0,0.001104623638945812,1
1996-05-24,1.2684,1.2701,1.2659,1.2663,631,50,0,-0.001970365699873855,-1
1996-05-27,1.2661,1.2688,1.2622,1.2688,1051,50,0,0.0019742557055988375,1
1996-05-28,1.2689,1.2692,1.2617,1.2648,1091,50,0,-0.0031525851197982124,-1
1996-05-29,1.2644,1.2756,1.2635,1.2748,1381,50,0,0.007906388361796246,1
1996-05-30,1.2748,1.2807,1.2730000000000001,1.2747,1531,50,0,-7.844367743958802e-05,-1
1996-05-31,1.2747,1.2856,1.2724,1.2839,1721,50,0,0.007217384482623546,1
1996-06-03,1.2839,1.2878,1.2787,1.2806,1491,50,0,-0.0025702936365761264,-1
1996-06-04,1.2807,1.2812999999999999,1.2752,1.2772000000000001,871,50,0,-0.0026550054661875766,-1
1996-06-05,1.2772000000000001,1.2807,1.2755,1.2772999999999999,1031,50,0,7.829627309718923e-05,1
1996-06-06,1.2772999999999999,1.2829,1.2764,1.2796,1071,50,0,0.001800673295232258,1
1996-06-07,1.2796,1.2816,1.2724,1.2772000000000001,1601,50,0,-0.0018755861206626312,-1
1996-06-10,1.2730000000000001,1.2771,1.2699,1.274,1341,50,0,-0.0025054807391169387,-1
1996-06-11,1.274,1.2766,1.2718,1.2742,941,50,0,0.00015698587127155328,1
1996-06-12,1.2742,1.2769,1.2719,1.2766,761,50,0,0.001883534766912609,1
1996-06-13,1.2764,1.2814999999999999,1.2735,1.2811,1131,50,0,0.0035249882500392182,1
1996-06-14,1.2811,1.2902,1.2785,1.2819,2261,50,0,0.000624463351807103,1
1996-06-17,1.2846,1.2905,1.2818,1.2861,1591,50,0,0.0032763866136202857,1
1996-06-18,1.2861,1.2949,1.2851,1.2929,1281,50,0,0.00528730269807931,1
1996-06-19,1.2931,1.2936,1.2845,1.286,1111,50,0,-0.00533683966277354,-1
1996-06-20,1.286,1.2873999999999999,1.2821,1.283,761,50,0,-0.002332814930015692,-1
1996-06-21,1.283,1.2835,1.2737,1.2770000000000001,1361,50,0,-0.004676539360872756,-1
1996-06-24,1.2769,1.2793,1.2746,1.279,731,50,0,0.001566170712607562,1
1996-06-25,1.279,1.2814999999999999,1.2744,1.2814999999999999,1171,50,0,0.001954652071931129,1
1996-06-26,1.2817,1.2828,1.2771,1.2802,991,50,0,-0.001014436207569136,-1
1996-06-27,1.2802,1.2892000000000001,1.2793999999999999,1.2879,1191,50,0,0.006014685205436576,1
1996-06-28,1.2879,1.2882,1.2657,1.2809,3801,50,0,-0.005435204596630272,-1
1996-07-01,1.2809,1.2849,1.2596,1.2836,4791,50,0,0.002107892887813323,1
1996-07-02,1.2833999999999999,1.2845,1.2795,1.2814999999999999,811,50,0,-0.0016360236833906638,-1
1996-07-03,1.2814,1.287,1.278,1.287,1241,50,0,0.0042918454935623185,1
1996-07-04,1.287,1.2873999999999999,1.2832,1.2838,521,50,0,-0.002486402486402417,-1
1996-07-05,1.2838,1.2844,1.2767,1.28,1161,50,0,-0.0029599626109986232,-1
1996-07-08,1.2796,1.2823,1.2774,1.2823,711,50,0,0.00179687499999992,1
1996-07-09,1.2824,1.2849,1.2809,1.2812999999999999,691,50,0,-0.0007798487093504392,-1
1996-07-10,1.2812999999999999,1.2838,1.2810000000000001,1.2810000000000001,531,50,0,-0.00023413720440157437,-1
1996-07-11,1.2810000000000001,1.2876,1.2798,1.2861,1051,50,0,0.003981264637002324,1
1996-07-12,1.2863,1.2889,1.2824,1.2844,1111,50,0,-0.001321825674519883,-1
1996-07-15,1.2843,1.2907,1.2818,1.2907,1141,50,0,0.004905014014325637,1
1996-07-16,1.2908,1.3304,1.29,1.3171,5451,50,0,0.020454017199968977,1
1996-07-17,1.3176,1.3206,1.3111,1.3163,1771,50,0,-0.0006073950345455437,-1
1996-07-18,1.3164,1.3171,1.3089,1.311,1101,50,0,-0.004026437742156053,-1
1996-07-19,1.3111,1.3173,1.3077,1.3108,1891,50,0,-0.00015255530129665296,-1
1996-07-22,1.3111,1.3195000000000001,1.3085,1.3167,1641,50,0,0.004501068050045687,1
1996-07-23,1.3167,1.3206,1.3109,1.3124,1511,50,0,-0.0032657401078453052,-1
1996-07-24,1.3124,1.3189,1.311,1.312,1541,50,0,-0.0003047851264857959,-1
1996-07-25,1.312,1.328,1.3115999999999999,1.3228,2201,50,0,0.008231707317073012,1
1996-07-26,1.3228,1.3266,1.3168,1.32,1681,50,0,-0.002116722104626434,-1
1996-07-29,1.32,1.3222,1.3166,1.3204,1081,50,0,0.00030303030303024947,1
1996-07-30,1.3203,1.3254000000000001,1.3188,1.3243,921,50,0,0.0029536504089668902,1
1996-07-31,1.3243,1.3353,1.3237999999999999,1.3289,1841,50,0,0.0034735331873441133,1
1996-08-01,1.3288,1.3305,1.3242,1.3254000000000001,921,50,0,-0.002633757242832324,-1
1996-08-02,1.3254000000000001,1.3267,1.32,1.3251,1311,50,0,-0.0002263467632414029,-1
1996-08-05,1.3251,1.3291,1.3172,1.3197999999999999,1851,50,0,-0.003999698135989771,-1
1996-08-06,1.3197999999999999,1.3205,1.3144,1.3184,1081,50,0,-0.0010607667828457235,-1
1996-08-07,1.3184,1.3204,1.315,1.3167,911,50,0,-0.0012894417475728392,-1
1996-08-08,1.3165,1.3191,1.314,1.3176,911,50,0,0.0006835269993166193,1
1996-08-09,1.3178,1.3267,1.3172,1.3261,1071,50,0,0.0064511232544020025,1
1996-08-12,1.3262,1.3276,1.3224,1.3237,791,50,0,-0.0018098182640826632,-1
1996-08-13,1.3237,1.3267,1.3227,1.3246,711,50,0,0.0006799123668503881,1
1996-08-14,1.3244,1.3249,1.3124,1.3133,1391,50,0,-0.008530877245961133,-1
1996-08-15,1.3133,1.3183,1.3118,1.3171,921,50,0,0.0028934744536663892,1
1996-08-16,1.3169,1.3171,1.3085,1.3104,1071,50,0,-0.005086933414319317,-1
1996-08-19,1.3104,1.3159,1.3091,1.3142,981,50,0,0.0028998778998778896,1
1996-08-20,1.3141,1.3152,1.3111,1.3133,741,50,0,-0.0006848272713438908,-1
1996-08-21,1.3133,1.3212,1.3131,1.319,1051,50,0,0.004340211680499584,1
1996-08-22,1.3193,1.3195000000000001,1.3072,1.3106,1591,50,0,-0.006368460955269106,-1
1996-08-23,1.3105,1.3245,1.3103,1.3242,1471,50,0,0.010376926598504532,1
1996-08-26,1.3241,1.3249,1.321,1.3214000000000001,511,50,0,-0.002114484216885648,-1
1996-08-27,1.3214000000000001,1.3272,1.321,1.3221,1171,50,0,0.0005297411835931687,1
1996-08-28,1.3222,1.3267,1.3195000000000001,1.3243,1231,50,0,0.001664019363134317,1
1996-08-29,1.3237999999999999,1.326,1.3197,1.3245,1191,50,0,0.0001510231820585073,1
1996-08-30,1.3245,1.3263,1.3176999999999999,1.3189,1161,50,0,-0.004228010570026419,-1
1996-09-02,1.3189,1.3212,1.3143,1.3161,1101,50,0,-0.002122981272272284,-1
1996-09-03,1.316,1.3193,1.3115999999999999,1.3168,1461,50,0,0.000531874477623262,1
1996-09-04,1.317,1.3227,1.316,1.3218,861,50,0,0.003797083839611304,1
1996-09-05,1.3216999999999999,1.3222,1.3151,1.3157,821,50,0,-0.004614919049780619,-1
1996-09-06,1.3159,1.3185,1.3092,1.3111,1381,50,0,-0.0034962377441667414,-1
1996-09-09,1.3111,1.3135,1.3029,1.3045,1461,50,0,-0.005033940965601391,-1
1996-09-10,1.3045,1.3056,1.2934999999999999,1.2953999999999999,1511,50,0,-0.006975852817171391,-1
1996-09-11,1.2953999999999999,1.2982,1.2913999999999999,1.2948,1301,50,0,-0.0004631773969430153,-1
1996-09-12,1.2947,1.299,1.2906,1.2934999999999999,1561,50,0,-0.0010040160642570406,-1
1996-09-13,1.2934999999999999,1.2959,1.2893,1.2921,1181,50,0,-0.001082334750676317,-1
1996-09-16,1.292,1.297,1.2917,1.2948,781,50,0,0.002089621546319975,1
1996-09-17,1.2947,1.2961,1.2901,1.2917,901,50,0,-0.002394192153228225,-1
1996-09-18,1.2917,1.2993999999999999,1.2843,1.2964,2551,50,0,0.003638615777657339,1
1996-09-19,1.2959,1.2971,1.2904,1.2922,971,50,0,-0.003239740820734305,-1
1996-09-20,1.2922,1.294,1.2876,1.29,1061,50,0,-0.0017025228292834038,-1
1996-09-23,1.289,1.2944,1.2887,1.2934,701,50,0,0.0026356589147287224,1
1996-09-24,1.2931,1.3035,1.2905,1.3021,1701,50,0,0.006726457399103047,1
1996-09-25,1.3021,1.3027,1.2891,1.2903,1541,50,0,-0.009062284002764764,-1
1996-09-26,1.2901,1.2923,1.2823,1.2849,1481,50,0,-0.0041850732387817,-1
1996-09-27,1.2848,1.2857,1.2816,1.2829,631,50,0,-0.001556541365086761,-1
1996-09-30,1.2828,1.2844,1.2791000000000001,1.2837,971,50,0,0.0006235871852835473,1
1996-10-01,1.2837,1.2859,1.2804,1.2811,841,50,0,-0.002025395341590852,-1
1996-10-02,1.2810000000000001,1.2836,1.2753999999999999,1.2763,1171,50,0,-0.003746780110842174,-1
1996-10-03,1.2766,1.2804,1.2734,1.2787,1191,50,0,0.0018804356342552175,1
1996-10-04,1.2786,1.2808,1.2758,1.2767,811,50,0,-0.0015640885274106342,-1
1996-10-07,1.2764,1.2793999999999999,1.276,1.2772999999999999,591,50,0,0.0004699616198009515,1
1996-10-08,1.2774,1.2831000000000001,1.2767,1.2782,1201,50,0,0.0007046112894386614,1
1996-10-09,1.2777,1.2812999999999999,1.2770000000000001,1.2802,611,50,0,0.0015647003598810993,1
1996-10-10,1.2802,1.2818,1.2765,1.2797,1011,50,0,-0.00039056397437897683,-1
1996-10-11,1.2797,1.2811,1.2758,1.2779,881,50,0,-0.0014065796671094422,-1
1996-10-14,1.278,1.2802,1.2771,1.2792,501,50,0,0.0010172939979653517,1
1996-10-15,1.279,1.2801,1.2687,1.2703,1411,50,0,-0.0069574734208880384,-1
1996-10-16,1.2703,1.2732,1.2671000000000001,1.2705,1201,50,0,0.00015744312367149682,1
1996-10-17,1.2706,1.2735,1.2658,1.268,1281,50,0,-0.001967729240456517,-1
1996-10-18,1.268,1.2706,1.2661,1.268,901,50,0,0.0,-1
1996-10-21,1.2697,1.2749,1.2671000000000001,1.2739,1141,50,0,0.004652996845425861,1
1996-10-22,1.2738,1.2846,1.2729,1.2828,1441,50,0,0.00698641965617397,1
1996-10-23,1.2828,1.2877,1.28,1.285,1321,50,0,0.0017149984409103869,1
1996-10-24,1.2849,1.29,1.2829,1.2896,951,50,0,0.0035797665369650122,1
1996-10-25,1.29,1.29,1.2814,1.286,1321,50,0,-0.0027915632754342834,-1
1996-10-28,1.2842,1.2894999999999999,1.2824,1.2872,1121,50,0,0.0009331259720060103,1
1996-10-29,1.2872,1.2979,1.2858,1.2959,1551,50,0,0.0067588564325669065,1
1996-10-30,1.2957,1.2993000000000001,1.2927,1.2938,1131,50,0,-0.001620495408596323,-1
1996-10-31,1.2931,1.2949,1.2873,1.2887,1081,50,0,-0.003941876642448716,-1
1996-11-01,1.2886,1.2947,1.2839,1.2923,1791,50,0,0.0027935128423992595,1
1996-11-04,1.2934999999999999,1.2965,1.2889,1.2937,1501,50,0,0.0010833397817844315,1
1996-11-05,1.2937,1.2968,1.285,1.2868,1671,50,0,-0.005333539460462333,-1
1996-11-06,1.287,1.2918,1.2811,1.2896,1881,50,0,0.0021759403170658054,1
1996-11-07,1.2894999999999999,1.3035,1.2893,1.2932000000000001,2471,50,0,0.0027915632754342834,1
1996-11-08,1.2932000000000001,1.3022,1.2913000000000001,1.2929,2151,50,0,-0.00023198267862678534,-1
1996-11-11,1.3019,1.3107,1.2993999999999999,1.3017,2241,50,0,0.0068064042075954845,1
1996-11-12,1.3101,1.3138,1.2953999999999999,1.2973,2401,50,0,-0.0033801951294462063,-1
1996-11-13,1.2972000000000001,1.3014999999999999,1.2961,1.2978,1021,50,0,0.0003854158637170979,1
1996-11-14,1.2981,1.3006,1.2934999999999999,1.2971,1321,50,0,-0.0005393743257822159,-1
1996-11-15,1.297,1.2997,1.2943,1.2959,971,50,0,-0.0009251406984811528,-1
1996-11-18,1.2971,1.3049,1.2967,1.3028,1071,50,0,0.005324484913959315,1
1996-11-19,1.303,1.304,1.2907,1.2988,2241,50,0,-0.003070310101320195,-1
1996-11-20,1.299,1.3088,1.2987,1.3075,1171,50,0,0.006698490914690547,1
1996-11-21,1.3075,1.3086,1.3012000000000001,1.3059,1321,50,0,-0.001223709369024939,-1
1996-11-22,1.3059,1.307,1.2957,1.297,1371,50,0,-0.006815223217704336,-1
1996-11-25,1.2972000000000001,1.2974999999999999,1.2833999999999999,1.2842,1521,50,0,-0.00986892829606778,-1
1996-11-26,1.2841,1.2869,1.2783,1.2839,1701,50,0,-0.0002336084722005527,-1
1996-11-27,1.2839,1.2854999999999999,1.2785,1.2805,1061,50,0,-0.002648181322532972,-1
1996-11-28,1.2806,1.2817,1.2747,1.2758,921,50,0,-0.0036704412338929293,-1
1996-11-29,1.2757,1.2771,1.2703,1.2704,831,50,0,-0.004232638344568218,-1
1996-12-02,1.2717,1.2723,1.2546,1.2575,2121,50,0,-0.010154282115868996,-1
1996-12-03,1.2574,1.2604,1.2424,1.2568,3541,50,0,-0.000556660039761514,-1
1996-12-04,1.2569,1.2575,1.248,1.2532,1531,50,0,-0.0028644175684275908,-1
1996-12-05,1.2532,1.2827,1.251,1.2617,5491,50,0,0.006782636450686219,1
1996-12-06,1.2612999999999999,1.2791000000000001,1.2570999999999999,1.2639,4141,50,0,0.0017436791630340842,1
1996-12-09,1.2622,1.2648,1.2549000000000001,1.2572999999999999,1491,50,0,-0.005221932114882644,-1
1996-12-10,1.2569,1.2616,1.2553,1.2608,871,50,0,0.0027837429412234105,1
1996-12-11,1.2607,1.2747,1.2598,1.2726,1791,50,0,0.009359137055837685,1
1996-12-12,1.2725,1.2742,1.2639,1.2696,1771,50,0,-0.0023573785950022907,-1
1996-12-13,1.2699,1.2718,1.256,1.256,1771,50,0,-0.010712035286704502,-1
1996-12-16,1.2556,1.2683,1.2543,1.2683,1531,50,0,0.009792993630573177,1
1996-12-17,1.2686,1.2686,1.2612999999999999,1.2622,821,50,0,-0.00480958763699435,-1
1996-12-18,1.2624,1.2643,1.2574,1.2626,1361,50,0,0.00031690698779907045,1
1996-12-19,1.2625,1.2635,1.2517,1.2549000000000001,1601,50,0,-0.006098526849358299,-1
1996-12-20,1.2549000000000001,1.2618,1.2544,1.2605,921,50,0,0.004462506972666924,1
1996-12-23,1.2610000000000001,1.2617,1.2564,1.2581,771,50,0,-0.0019040063466877477,-1
1996-12-24,1.2582,1.2595,1.2562,1.2574,581,50,0,-0.0005563945632302003,-1
1996-12-25,1.2570000000000001,1.2574,1.2545,1.2557,451,50,0,-0.001351996182599069,-1
1996-12-26,1.2553,1.2596,1.2548,1.2591,581,50,0,0.0027076531018555006,1
1996-12-27,1.2591999999999999,1.2591999999999999,1.2541,1.2591,1011,50,0,0.0,-1
1996-12-30,1.2591,1.2596,1.2547,1.2578,851,50,0,-0.0010324835199746474,-1
1996-12-31,1.2578,1.2732,1.2572,1.2687,2111,50,0,0.00866592463030691,1
1997-01-02,1.2673,1.2715,1.2629000000000001,1.2662,1611,50,0,-0.0019705210057539,-1
1997-01-03,1.2664,1.2685,1.2469999999999999,1.2479,2451,50,0,-0.014452693097456892,-1
1997-01-06,1.2463,1.2587,1.2442,1.2502,2511,50,0,0.0018430964019553464,1
1997-01-07,1.2505,1.2583,1.248,1.2501,2021,50,0,-7.998720204771548e-05,-1
1997-01-08,1.2504,1.2516,1.2387,1.241,1641,50,0,-0.007279417646588127,-1
1997-01-09,1.2412,1.2548,1.2374,1.2401,3371,50,0,-0.0007252215954876018,-1
1997-01-10,1.2401,1.2487,1.2317,1.2335,2741,50,0,-0.005322151439399958,-1
1997-01-13,1.2335,1.237,1.2282,1.2313,1541,50,0,-0.0017835427644912194,-1
1997-01-14,1.2312,1.2341,1.2244,1.2271,1531,50,0,-0.0034110289937464566,-1
1997-01-15,1.227,1.2333,1.2226,1.2323,1611,50,0,0.004237633444706956,1
1997-01-16,1.2322,1.233,1.2247,1.2265,1091,50,0,-0.004706646108902035,-1
1997-01-17,1.2266,1.2271,1.2075,1.2091,2171,50,0,-0.014186710150835613,-1
1997-01-20,1.2091,1.2116,1.1991,1.2031,1901,50,0,-0.004962368703994691,-1
1997-01-21,1.2031,1.2099,1.1994,1.2003,1821,50,0,-0.0023273210871915806,-1
1997-01-22,1.2003,1.2021,1.1884000000000001,1.1917,1881,50,0,-0.007164875447804642,-1
1997-01-23,1.1924,1.202,1.1888,1.2009,1791,50,0,0.0077200637744399,1
1997-01-24,1.2006999999999999,1.2043,1.1929,1.2008,2271,50,0,-8.327088017323625e-05,-1
1997-01-27,1.1992,1.1995,1.1855,1.1865999999999999,1541,50,0,-0.011825449700200052,-1
1997-01-28,1.1867,1.19,1.1804999999999999,1.1889,1681,50,0,0.001938311141075566,1
1997-01-29,1.189,1.1966,1.1816,1.1895,2951,50,0,0.0005046681806710751,1
1997-01-30,1.1894,1.1985999999999999,1.1862,1.1948,1941,50,0,0.00445565363598166,1
1997-01-31,1.1948,1.2003,1.1913,1.1948,1801,50,0,0.0,-1
1997-02-03,1.1924,1.194,1.1859,1.1933,1531,50,0,-0.0012554402410446253,-1
1997-02-04,1.1932,1.1951,1.1864,1.187,1121,50,0,-0.005279477080365358,-1
1997-02-05,1.1871,1.1915,1.1839,1.1884000000000001,1391,50,0,0.0011794439764112319,1
1997-02-06,1.1883,1.1895,1.1819,1.1828,971,50,0,-0.004712218108381072,-1
1997-02-07,1.1826,1.1848,1.1673,1.1764000000000001,2881,50,0,-0.005410889414947495,-1
1997-02-10,1.1884000000000001,1.1898,1.1789,1.1793,1271,50,0,0.002465147908874421,1
1997-02-11,1.1796,1.1806,1.1634,1.164,1881,50,0,-0.012973798015772142,-1
1997-02-12,1.1632,1.1677,1.1551,1.1589,2091,50,0,-0.004381443298968946,-1
1997-02-13,1.1589,1.1662,1.1577,1.1616,1431,50,0,0.002329795495728648,1
1997-02-14,1.1611,1.1638,1.1561,1.1587,1301,50,0,-0.00249655647382907,-1
1997-02-17,1.1556,1.1577,1.1481,1.149,1261,50,0,-0.008371450763787092,-1
1997-02-18,1.1495,1.1623999999999999,1.1456,1.1585,2461,50,0,0.008268059181897325,1
1997-02-19,1.1585,1.1639,1.1501000000000001,1.151,2011,50,0,-0.006473888649115245,-1
1997-02-20,1.1514,1.1623,1.1501000000000001,1.1609,1491,50,0,0.008601216333622874,1
1997-02-21,1.1602999999999999,1.1635,1.1566,1.158,1151,50,0,-0.0024980618485658246,-1
1997-02-24,1.1594,1.1727,1.1594,1.1701,1591,50,0,0.010449050086355882,1
1997-02-25,1.1701,1.1715,1.1649,1.1703000000000001,1301,50,0,0.00017092556191800057,1
1997-02-26,1.1702,1.1726,1.1546,1.1573,2311,50,0,-0.011108262838588456,-1
1997-02-27,1.1574,1.1615,1.1535,1.1585,1491,50,0,0.001036896223969741,1
1997-02-28,1.1584,1.1623,1.1536,1.1572,1621,50,0,-0.0011221406991800409,-1
1997-03-03,1.155,1.1579,1.1507,1.1513,1071,50,0,-0.0050985136536467746,-1
1997-03-04,1.1515,1.1522999999999999,1.1398,1.1411,1461,50,0,-0.008859550073829547,-1
1997-03-05,1.1412,1.1444,1.139,1.1428,921,50,0,0.0014897905529751565,1
1997-03-06,1.1428,1.1448,1.1366,1.1405,1411,50,0,-0.0020126006300315025,-1
1997-03-07,1.1401,1.1424,1.1364,1.1413,1081,50,0,0.000701446733888611,1
1997-03-10,1.1399,1.1502,1.1398,1.1491,1161,50,0,0.0068343117497591255,1
1997-03-11,1.1491,1.1517,1.1452,1.146,991,50,0,-0.002697763467061298,-1
1997-03-12,1.1461000000000001,1.1561,1.1421999999999999,1.1551,1881,50,0,0.007940663176265295,1
1997-03-13,1.155,1.1572,1.1452,1.1465,1551,50,0,-0.007445242836118027,-1
1997-03-14,1.1468,1.1565,1.1434,1.1546,1841,50,0,0.0070649803750544304,1
1997-03-17,1.1542,1.1606,1.1528,1.1551,1471,50,0,0.0004330504070673147,1
1997-03-18,1.1551,1.1698,1.1548,1.1675,1761,50,0,0.010735001298588731,1
1997-03-19,1.1673,1.1686,1.1609,1.1625,1061,50,0,-0.004282655246252598,-1
1997-03-20,1.1625,1.1706,1.154,1.1559,2661,50,0,-0.005677419354838897,-1
1997-03-21,1.1557,1.1633,1.1548,1.1599,1281,50,0,0.00346050696427036,1
1997-03-24,1.1591,1.16,1.155,1.1579,881,50,0,-0.0017242865764289794,-1
1997-03-25,1.158,1.1611,1.1522000000000001,1.158,1781,50,0,8.636324380351112e-05,1
1997-03-26,1.1583,1.1606,1.1535,1.1588,1371,50,0,0.000690846286701241,1
1997-03-27,1.1587,1.1701,1.1576,1.1679,1581,50,0,0.007852951328960911,1
1997-03-28,1.1679,1.1694,1.1642000000000001,1.1642000000000001,671,50,0,-0.0031680794588576644,-1
1997-03-31,1.1643,1.1768,1.1631,1.1682,2351,50,0,0.0034358357670500883,1
1997-04-01,1.1682,1.1762,1.1677,1.1727,1251,50,0,0.0038520801232666546,1
1997-04-02,1.1724,1.1734,1.1654,1.1668,1041,50,0,-0.005031124754839245,-1
1997-04-03,1.1668,1.1745,1.1645,1.1714,1541,50,0,0.003942406582104763,1
1997-04-04,1.1714,1.1735,1.1592,1.1599,1711,50,0,-0.009817312617380947,-1
1997-04-07,1.1589,1.1607,1.1416,1.1423,2161,50,0,-0.015173721872575041,-1
1997-04-08,1.1425,1.144,1.1381000000000001,1.1404,971,50,0,-0.0016633108640462524,-1
1997-04-09,1.1404,1.1432,1.1322,1.1336,1521,50,0,-0.005962820063135865,-1
1997-04-10,1.1337,1.1423,1.1322,1.1383,1561,50,0,0.004146083274523704,1
1997-04-11,1.1385,1.1396,1.133,1.1360999999999999,1081,50,0,-0.00193270666783818,-1
1997-04-14,1.1363,1.139,1.1292,1.1298,1311,50,0,-0.00554528650646946,-1
1997-04-15,1.1299,1.1343,1.126,1.133,1351,50,0,0.0028323597096833186,1
1997-04-16,1.133,1.1351,1.1305,1.1311,731,50,0,-0.0016769638128861786,-1
1997-04-17,1.1312,1.1366,1.1307,1.1336,941,50,0,0.002210237821589578,1
1997-04-18,1.1334,1.1438,1.1334,1.1429,1131,50,0,0.008203952011291538,1
1997-04-21,1.144,1.1533,1.1419,1.1509,1591,50,0,0.006999737509843396,1
1997-04-22,1.1509,1.1529,1.1381999999999999,1.1394,1791,50,0,-0.009992180033017717,-1
1997-04-23,1.1392,1.144,1.1388,1.1418,781,50,0,0.002106371774618143,1
1997-04-24,1.1418,1.1434,1.1364,1.1398,1201,50,0,-0.0017516202487301014,-1
1997-04-25,1.1398,1.141,1.1309,1.1320000000000001,1241,50,0,-0.0068433058431301985,-1
1997-04-28,1.133,1.1336,1.1244,1.1292,1461,50,0,-0.002473498233215632,-1
1997-04-29,1.1291,1.1356,1.1284,1.1343,921,50,0,0.0045164718384698155,1
1997-04-30,1.134,1.1366,1.1274,1.1304,1481,50,0,-0.0034382438508331337,-1
1997-05-01,1.1302,1.1394,1.1282,1.1353,1731,50,0,0.004334748761500196,1
1997-05-02,1.1353,1.1371,1.1303,1.1308,911,50,0,-0.0039637100325904395,-1
1997-05-05,1.1315,1.1332,1.1283,1.1286,691,50,0,-0.0019455252918287869,-1
1997-05-06,1.1286,1.1374,1.1273,1.1353,1351,50,0,0.005936558568137462,1
1997-05-07,1.1353,1.1392,1.1325,1.1366,1211,50,0,0.0011450717871928084,1
1997-05-08,1.1365,1.1471,1.1349,1.1458,1511,50,0,0.00809431638219249,1
1997-05-09,1.1463,1.1623,1.145,1.1591,2181,50,0,0.011607610403211899,1
1997-05-12,1.1602000000000001,1.1728,1.1445,1.1446,4101,50,0,-0.012509705806228899,-1
1997-05-13,1.1445,1.1561,1.1444,1.1561,1181,50,0,0.01004717805346833,1
1997-05-14,1.1562000000000001,1.1569,1.1448,1.1556,2361,50,0,-0.0004324885390536437,-1
1997-05-15,1.1558,1.1604,1.1498,1.1531,1851,50,0,-0.002163378331602628,-1
1997-05-16,1.1529,1.1585,1.1475,1.1554,1951,50,0,0.001994623189662592,1
1997-05-19,1.1558,1.1585,1.1426,1.1434,1941,50,0,-0.01038601350181756,-1
1997-05-20,1.1434,1.1682,1.1426,1.1672,2741,50,0,0.020815112821409798,1
1997-05-21,1.1671,1.1698,1.1528,1.1567,2361,50,0,-0.008995887594242635,-1
1997-05-22,1.1567,1.159,1.1502,1.154,1491,50,0,-0.002334226679346574,-1
1997-05-23,1.1537,1.1587,1.1533,1.1549,961,50,0,0.0007798960138649669,1
1997-05-26,1.1621,1.1658,1.1566,1.1596,1591,50,0,0.004069616417005761,1
1997-05-27,1.1596,1.1599,1.1455,1.1468,1601,50,0,-0.011038289065194773,-1
1997-05-28,1.147,1.1577,1.1455,1.1544,1701,50,0,0.00662713637949075,1
1997-05-29,1.1546,1.155,1.1458,1.1529,1671,50,0,-0.0012993762993763758,-1
1997-05-30,1.1532,1.1545,1.144,1.1454,1321,50,0,-0.006505334374186877,-1
1997-06-02,1.1456,1.146,1.1292,1.1319,1991,50,0,-0.011786275536930346,-1
1997-06-03,1.1319,1.1355,1.1285,1.1328,1311,50,0,0.0007951232441030243,1
1997-06-04,1.1327,1.1335,1.1280000000000001,1.1324,1071,50,0,-0.0003531073446326749,-1
1997-06-05,1.1324,1.1345,1.1301,1.1317,811,50,0,-0.0006181561285766302,-1
1997-06-06,1.1315,1.1359,1.1227,1.1339,2401,50,0,0.0019439780860652789,1
1997-06-09,1.1334,1.1489,1.1322,1.1461999999999999,2061,50,0,0.010847517417761798,1
1997-06-10,1.1461000000000001,1.1477,1.1364,1.1381999999999999,1471,50,0,-0.006979584714709497,-1
1997-06-11,1.1381999999999999,1.1448,1.1374,1.1402,1281,50,0,0.0017571604287474063,1
1997-06-12,1.1395,1.1403,1.1301,1.1311,1201,50,0,-0.007981055955095684,-1
1997-06-13,1.1307,1.1324,1.1235,1.1253,1241,50,0,-0.005127751746087927,-1
1997-06-16,1.1262,1.1322,1.1245,1.1299,1171,50,0,0.004087798809206289,1
1997-06-17,1.1298,1.1313,1.1253,1.1302,1161,50,0,0.0002655102221438277,1
1997-06-18,1.1301,1.1355,1.1277,1.1283,1381,50,0,-0.00168111838612639,-1
1997-06-19,1.1280999999999999,1.1363,1.1264,1.1338,1411,50,0,0.004874590091287656,1
1997-06-20,1.1339,1.1366,1.1288,1.131,1271,50,0,-0.0024695713529722108,-1
1997-06-23,1.1291,1.1396,1.1289,1.1393,1121,50,0,0.007338638373121098,1
1997-06-24,1.1393,1.1404,1.1322,1.1345,1161,50,0,-0.004213113315193473,-1
1997-06-25,1.1345,1.1384,1.1328,1.1345,1121,50,0,0.0,-1
1997-06-26,1.1343,1.1360000000000001,1.1311,1.1335,901,50,0,-0.0008814455707361057,-1
1997-06-27,1.1336,1.1345,1.1237,1.1238,1181,50,0,-0.008557565063961214,-1
1997-06-30,1.124,1.127,1.1199,1.1213,1151,50,0,-0.002224595123687445,-1
1997-07-01,1.121,1.1244,1.1183,1.1199,1111,50,0,-0.0012485507892625591,-1
1997-07-02,1.12,1.1224,1.1137,1.1148,1221,50,0,-0.0045539780337529034,-1
1997-07-03,1.1149,1.1195,1.1136,1.1167,1001,50,0,0.0017043415859347988,1
1997-07-04,1.1179000000000001,1.1193,1.1118,1.1154,1251,50,0,-0.0011641443538999985,-1
1997-07-07,1.1132,1.1225,1.113,1.1163,1591,50,0,0.0008068854222702537,1
1997-07-08,1.1165,1.1169,1.1095,1.1104,871,50,0,-0.0052853175669622665,-1
1997-07-09,1.1104,1.1126,1.1078000000000001,1.1111,891,50,0,0.0006304034582131912,1
1997-07-10,1.111,1.12,1.1073,1.1173,1911,50,0,0.0055800558005580925,1
1997-07-11,1.1173,1.1175,1.0959,1.0982,2411,50,0,-0.017094782063903913,-1
1997-07-14,1.0969,1.1011,1.0869,1.0902,2171,50,0,-0.007284647605172112,-1
1997-07-15,1.0898,1.0963,1.0841,1.0909,2331,50,0,0.0006420840212804091,1
1997-07-16,1.0908,1.0959,1.0863,1.0906,1901,50,0,-0.0002750022916857553,-1
1997-07-17,1.0905,1.0944,1.0857,1.093,1491,50,0,0.0022006235099945037,1
1997-07-18,1.0925,1.0955,1.0865,1.0911,1661,50,0,-0.0017383348581885283,-1
1997-07-21,1.0928,1.0948,1.0872,1.0886,1101,50,0,-0.0022912656951699084,-1
1997-07-22,1.0883,1.0894,1.0717,1.0723,1941,50,0,-0.014973360279257775,-1
1997-07-23,1.0725,1.076,1.0673,1.0714,1631,50,0,-0.0008393173552179167,-1
1997-07-24,1.0713,1.0734,1.0632,1.0661,1521,50,0,-0.00494679858129532,-1
1997-07-25,1.0657,1.0682,1.0628,1.0641,921,50,0,-0.0018759966232060332,-1
1997-07-28,1.064,1.0642,1.0577,1.0619,1091,50,0,-0.0020674748613851435,-1
1997-07-29,1.0621,1.0703,1.0616,1.0651,1441,50,0,0.0030134664281005197,1
1997-07-30,1.0651,1.0674,1.06,1.0658,1411,50,0,0.0006572152849499968,1
1997-07-31,1.0658,1.0694,1.0613,1.0638,1421,50,0,-0.001876524676299507,-1
1997-08-01,1.0634,1.0636,1.0475,1.0501,1891,50,0,-0.012878360594096638,-1
1997-08-04,1.0493999999999999,1.0503,1.0443,1.0479,1051,50,0,-0.0020950385677553918,-1
1997-08-05,1.0481,1.0527,1.0386,1.0406,2071,50,0,-0.00696631357954014,-1
1997-08-06,1.0406,1.0437,1.0344,1.0398,1781,50,0,-0.0007687872381317851,-1
1997-08-07,1.0398,1.0479,1.0354,1.0459,1891,50,0,0.00586651279092143,1
1997-08-08,1.0461,1.0634,1.0424,1.0593,2881,50,0,0.012811932307103868,1
1997-08-11,1.0594,1.0599,1.0486,1.0498,1301,50,0,-0.008968186538279799,-1
1997-08-12,1.0493999999999999,1.054,1.0454,1.0488,1661,50,0,-0.0009525623928368088,-1
1997-08-13,1.0489,1.0693,1.0478,1.0653,2661,50,0,0.015732265446224192,1
1997-08-14,1.0658,1.0688,1.059,1.0627,1651,50,0,-0.002440627053412081,-1
1997-08-15,1.0627,1.0772,1.0592,1.0753,2341,50,0,0.011856591700385666,1
1997-08-18,1.0779,1.0835,1.0646,1.0654,2531,50,0,-0.00920673300474284,-1
1997-08-19,1.0653,1.0679,1.0607,1.0621,1121,50,0,-0.0030974281959825767,-1
1997-08-20,1.0622,1.0625,1.0528,1.0541,1131,50,0,-0.007532247434328232,-1
1997-08-21,1.0541,1.0658,1.052,1.0647,1701,50,0,0.010055971919172624,1
1997-08-22,1.0647,1.0827,1.0639,1.0745,2781,50,0,0.009204470742932402,1
1997-08-25,1.0762,1.0779,1.0711,1.0756000000000001,1301,50,0,0.0010237319683574775,1
1997-08-26,1.0756000000000001,1.0912,1.0715,1.0877,2731,50,0,0.011249535143175615,1
1997-08-27,1.0875,1.09,1.0784,1.0813,1701,50,0,-0.005883975360853166,-1
1997-08-28,1.081,1.0947,1.0748,1.0912,2961,50,0,0.009155645981688831,1
1997-08-29,1.091,1.0929,1.0781,1.0819,2051,50,0,-0.008522727272727182,-1
1997-09-01,1.0788,1.0834,1.0763,1.079,1401,50,0,-0.0026804695443203297,-1
1997-09-02,1.079,1.0796000000000001,1.0657,1.0667,1551,50,0,-0.011399443929564379,-1
1997-09-03,1.0668,1.0785,1.0631,1.0748,2281,50,0,0.007593512702728011,1
1997-09-04,1.0746,1.0807,1.071,1.0762,1781,50,0,0.001302567919613029,1
1997-09-05,1.0762,1.0899,1.0752,1.0846,2101,50,0,0.007805240661586943,1
1997-09-08,1.0846,1.0897000000000001,1.0796999999999999,1.0806,1601,50,0,-0.003687995574405356,-1
1997-09-09,1.0804,1.0846,1.0768,1.0793,1451,50,0,-0.0012030353507311853,-1
1997-09-10,1.0791,1.0897000000000001,1.0761,1.088,1831,50,0,0.008060780135273005,1
1997-09-11,1.0882,1.1003,1.0866,1.0988,1681,50,0,0.009926470588235148,1
1997-09-12,1.0985,1.1059,1.0931,1.1041,2001,50,0,0.0048234437568257515,1
1997-09-15,1.0995,1.1139000000000001,1.0982,1.1089,2201,50,0,0.004347432297798992,1
1997-09-16,1.1091,1.1104,1.1014,1.1061,1501,50,0,-0.0025250247993506836,-1
1997-09-17,1.1064,1.1076,1.1022,1.1037,811,50,0,-0.002169785733659002,-1
1997-09-18,1.1043,1.1101,1.0968,1.0983,2061,50,0,-0.0048926338678987324,-1
1997-09-19,1.098,1.1061,1.0968,1.1016,1501,50,0,0.003004643540016172,1
1997-09-22,1.1018,1.104,1.0885,1.0925,2171,50,0,-0.008260711692084088,-1
1997-09-23,1.0921,1.0956,1.0859,1.0913,1861,50,0,-0.0010983981693364342,-1
1997-09-24,1.0912,1.1055,1.0893,1.1039,1971,50,0,0.011545862732520895,1
1997-09-25,1.1037,1.1123,1.1005,1.1101,1721,50,0,0.005616450765467906,1
1997-09-26,1.1101,1.1193,1.1078000000000001,1.1113,2181,50,0,0.0010809836951624074,1
1997-09-29,1.111,1.1163,1.1088,1.1096,1361,50,0,-0.0015297399442094628,-1
1997-09-30,1.1096,1.1123,1.1034,1.1113,1611,50,0,0.0015320836337420207,1
1997-10-01,1.1113,1.1142,1.0994,1.1002,1851,50,0,-0.009988301988661852,-1
1997-10-02,1.1003,1.1075,1.1,1.1036,1171,50,0,0.003090347209598221,1
1997-10-03,1.1028,1.1141,1.0995,1.1132,1881,50,0,0.008698803914461761,1
1997-10-06,1.1132,1.1165,1.1085,1.1125,1531,50,0,-0.000628817822493688,-1
1997-10-07,1.1127,1.1209,1.1117,1.1133,1781,50,0,0.0007191011235954115,1
1997-10-08,1.1133,1.1199,1.1097,1.1185,1521,50,0,0.004670798526902109,1
1997-10-09,1.1188,1.1285,1.114,1.1217,2611,50,0,0.0028609745194456693,1
1997-10-10,1.1217,1.1253,1.1149,1.1172,1631,50,0,-0.004011767852366899,-1
1997-10-13,1.1169,1.1185,1.112,1.1167,1281,50,0,-0.00044754744002861724,-1
1997-10-14,1.1167,1.12,1.1129,1.1172,1371,50,0,0.0004477478284230507,1
1997-10-15,1.1172,1.1213,1.1141,1.1205,1111,50,0,0.0029538131041890736,1
1997-10-16,1.1207,1.1224,1.1181,1.1189,681,50,0,-0.001427933958054517,-1
1997-10-17,1.1191,1.1194,1.1017,1.1032,1951,50,0,-0.014031638216105091,-1
1997-10-20,1.102,1.1055,1.1003,1.1039,851,50,0,0.0006345177664976998,1
1997-10-21,1.1043,1.1056,1.0917,1.0931,1661,50,0,-0.009783494881782873,-1
1997-10-22,1.0931,1.1001,1.0913,1.0949,1581,50,0,0.0016466928917757695,1
1997-10-23,1.095,1.1087,1.0926,1.1069,2031,50,0,0.010959905014156446,1
1997-10-24,1.1067,1.108,1.0952,1.1019,2081,50,0,-0.004517119884361653,-1
1997-10-27,1.1028,1.1207,1.1027,1.1204,1841,50,0,0.016789182321444773,1
1997-10-28,1.1204,1.144,1.119,1.1192,4881,50,0,-0.001071046054980429,-1
1997-10-29,1.1196,1.133,1.1192,1.1309,1631,50,0,0.010453895639742639,1
1997-10-30,1.1313,1.1429,1.131,1.1416,1351,50,0,0.009461490847997078,1
1997-10-31,1.1415,1.1416,1.1297,1.1334,1571,50,0,-0.007182901191310376,-1
1997-11-03,1.134,1.134,1.1219999999999999,1.1269,1691,50,0,-0.005734956767248889,-1
1997-11-04,1.1266,1.138,1.1262,1.134,1621,50,0,0.006300470316798146,1
1997-11-05,1.1332,1.1398,1.1293,1.1378,1641,50,0,0.003350970017636623,1
1997-11-06,1.138,1.1394,1.1312,1.135,1341,50,0,-0.0024608894357531774,-1
1997-11-07,1.1344,1.1504,1.1326,1.1451,2491,50,0,0.008898678414096972,1
1997-11-10,1.1456,1.1487,1.137,1.1482999999999999,2071,50,0,0.0027945157628153083,1
1997-11-11,1.1482999999999999,1.1537,1.1415,1.1426,1871,50,0,-0.00496385961856638,-1
1997-11-12,1.1427,1.1475,1.133,1.1381999999999999,2451,50,0,-0.0038508664449502517,-1
1997-11-13,1.1384,1.1398,1.1313,1.1339,1251,50,0,-0.0037778949218063573,-1
1997-11-14,1.1341,1.1358,1.1273,1.1302,1311,50,0,-0.003263074345180139,-1
1997-11-17,1.1294,1.1324,1.1238,1.1305,1611,50,0,0.0002654397451777868,1
1997-11-18,1.1304,1.1345,1.1287,1.1301,1131,50,0,-0.0003538257408226553,-1
1997-11-19,1.1301,1.1326,1.1266,1.1288,1071,50,0,-0.001150340677816164,-1
1997-11-20,1.1289,1.1323,1.1225,1.1227,1341,50,0,-0.005403968816442228,-1
1997-11-21,1.1231,1.1266,1.1168,1.1253,1741,50,0,0.0023158457290459733,1
1997-11-24,1.1255,1.1309,1.1238,1.1251,1381,50,0,-0.00017773038300894495,-1
1997-11-25,1.1252,1.1273,1.117,1.1177,1311,50,0,-0.006577193138387782,-1
1997-11-26,1.1177,1.1205,1.1087,1.1122,1811,50,0,-0.004920819540126908,-1
1997-11-27,1.1121,1.1122,1.1057,1.1084,931,50,0,-0.0034166516813523007,-1
1997-11-28,1.1083,1.1125,1.1067,1.1091,1081,50,0,0.0006315409599422228,1
1997-12-01,1.1097,1.1103,1.0987,1.1013,1481,50,0,-0.0070327292399242625,-1
1997-12-02,1.1013,1.1057,1.0992,1.1006,1231,50,0,-0.0006356124580041422,-1
1997-12-03,1.1009,1.1072,1.0994,1.1046,1191,50,0,0.003634381246592877,1
1997-12-04,1.1046,1.1062,1.1022,1.1039,731,50,0,-0.0006337135614701284,-1
1997-12-05,1.1041,1.1054,1.0953,1.0976,1371,50,0,-0.005707038681040166,-1
1997-12-08,1.097,1.0985,1.0915,1.0937000000000001,1071,50,0,-0.0035532069970843905,-1
1997-12-09,1.094,1.0955,1.0893,1.0926,1101,50,0,-0.0010057602633264384,-1
1997-12-10,1.0928,1.0977,1.0897000000000001,1.0942,1461,50,0,0.0014643968515468675,1
1997-12-11,1.0942,1.1125,1.0934,1.1115,2091,50,0,0.015810637908974412,1
1997-12-12,1.111,1.111,1.0997,1.0997,1131,50,0,-0.010616284300494883,-1
1997-12-15,1.1009,1.1062,1.0987,1.1014,1451,50,0,0.0015458761480404704,1
1997-12-16,1.1011,1.1031,1.0957,1.098,1171,50,0,-0.003086980207009149,-1
1997-12-17,1.098,1.1112,1.0972,1.1024,2361,50,0,0.004007285974499064,1
1997-12-18,1.1021,1.1043,1.0983,1.1027,1141,50,0,0.0002721335268505154,1
1997-12-19,1.1027,1.1086,1.0997,1.1013,1641,50,0,-0.0012696109549288348,-1
1997-12-22,1.1006,1.1009,1.0944,1.0977999999999999,1021,50,0,-0.003178062290020933,-1
1997-12-23,1.0979,1.1034,1.0974,1.1022,771,50,0,0.004008016032064354,1
1997-12-24,1.1019,1.1042,1.1007,1.1031,581,50,0,0.0008165487207403288,1
1997-12-25,1.1034,1.1036,1.1016,1.1018,241,50,0,-0.0011784969631040143,-1
1997-12-26,1.1014,1.1046,1.1008,1.1027,631,50,0,0.0008168451624614992,1
1997-12-29,1.1039,1.1046,1.0923,1.0928,1351,50,0,-0.0089779631812823,-1
1997-12-30,1.0931,1.0947,1.0892,1.0937000000000001,1041,50,0,0.0008235724743779205,1
1997-12-31,1.094,1.0945,1.0867,1.0874,901,50,0,-0.0057602633263236225,-1
1998-01-02,1.088,1.0886,1.0826,1.0851,92,50,0,-0.0021151370240941603,-1
1998-01-05,1.0857,1.0887,1.0686,1.0719,265,50,0,-0.012164777439867214,-1
1998-01-06,1.0719,1.0752,1.0645,1.065,146,50,0,-0.0064371676462358085,-1
1998-01-07,1.0653,1.0757,1.0641,1.0711,175,50,0,0.005727699530516439,1
1998-01-08,1.0706,1.0781,1.0672,1.0739,186,50,0,0.0026141350014006193,1
1998-01-09,1.0733,1.0821,1.0716,1.0735,209,50,0,-0.000372474159605396,-1
1998-01-12,1.0727,1.08,1.0699,1.0737,193,50,0,0.0001863064741500775,1
1998-01-13,1.0735999999999999,1.0788,1.0718,1.0755,122,50,0,0.0016764459346183536,1
1998-01-14,1.0756000000000001,1.0766,1.0688,1.0746,147,50,0,-0.0008368200836819106,-1
1998-01-15,1.0739,1.0764,1.0662,1.0678,144,50,0,-0.00632793597617709,-1
1998-01-16,1.0678,1.0725,1.0659,1.0665,120,50,0,-0.00121745645251925,-1
1998-01-19,1.0674,1.0694,1.0608,1.0653,152,50,0,-0.0011251758087201802,-1
1998-01-20,1.0653,1.0656,1.0612,1.0636,72,50,0,-0.001595794611846224,-1
1998-01-21,1.0634,1.0779,1.0634,1.077,155,50,0,0.012598721323805906,1
1998-01-22,1.0775,1.0893,1.0749,1.0849,215,50,0,0.007335190343547016,1
1998-01-23,1.0849,1.1031,1.0831,1.1003,247,50,0,0.01419485666881748,1
1998-01-26,1.1064,1.1158,1.0886,1.0906,387,50,0,-0.008815777515223111,-1
1998-01-27,1.0905,1.0975,1.0899,1.0975,83,50,0,0.006326792591234032,1
1998-01-28,1.0972,1.0972,1.0782,1.0801,210,50,0,-0.015854214123006694,-1
1998-01-29,1.0796999999999999,1.0836,1.0689,1.0704,202,50,0,-0.008980649939820395,-1
1998-01-30,1.0704,1.0752,1.0657,1.0686,173,50,0,-0.0016816143497757619,-1
1998-02-02,1.0672,1.0787,1.0646,1.077,185,50,0,0.007860752386299907,1
1998-02-03,1.077,1.0813,1.0723,1.0796000000000001,155,50,0,0.0024141132776231977,1
1998-02-04,1.0796000000000001,1.0874,1.075,1.0854,191,50,0,0.005372360133382603,1
1998-02-05,1.0853,1.0962,1.084,1.0934,164,50,0,0.007370554634236193,1
1998-02-06,1.0936,1.0948,1.0796999999999999,1.0806,173,50,0,-0.011706603255899006,-1
1998-02-09,1.0796000000000001,1.0822,1.0745,1.0755,114,50,0,-0.004719600222098941,-1
1998-02-10,1.0756000000000001,1.0845,1.0756000000000001,1.0845,90,50,0,0.008368200836820217,1
1998-02-11,1.0843,1.0847,1.0728,1.0749,145,50,0,-0.008852005532503537,-1
1998-02-12,1.0748,1.0829,1.0734,1.0809,130,50,0,0.00558191459670665,1
1998-02-13,1.0813,1.0813,1.0705,1.0761,165,50,0,-0.004440743824590587,-1
1998-02-16,1.076,1.0777,1.0718,1.076,119,50,0,-9.292816652728408e-05,-1
1998-02-17,1.0759,1.079,1.0695000000000001,1.0719,151,50,0,-0.003810408921933073,-1
1998-02-18,1.0718,1.0763,1.0691,1.0739,124,50,0,0.0018658456945610524,1
1998-02-19,1.0741,1.0778,1.0713,1.0766,106,50,0,0.0025142005773348686,1
1998-02-20,1.0766,1.0785,1.072,1.0746,111,50,0,-0.0018577001671929994,-1
1998-02-23,1.0761,1.0924,1.0699,1.0886,326,50,0,0.013028103480364761,1
1998-02-24,1.0886,1.0901,1.0843,1.088,111,50,0,-0.000551166636046263,-1
1998-02-25,1.088,1.0903,1.0746,1.076,195,50,0,-0.011029411764705843,-1
1998-02-26,1.0763,1.0809,1.0735999999999999,1.0777,133,50,0,0.0015799256505577564,1
1998-02-27,1.0778,1.0823,1.0756000000000001,1.0767,124,50,0,-0.0009279020135474214,-1
1998-03-02,1.0778,1.0858,1.0775,1.0782,163,50,0,0.0013931457230427213,1
1998-03-03,1.0781,1.0826,1.0749,1.0795,141,50,0,0.0012057132257465852,1
1998-03-04,1.0876,1.094,1.0855,1.0889,158,50,0,0.008707735062529087,1
1998-03-05,1.0852,1.0951,1.077,1.0803,314,50,0,-0.007897878593075558,-1
1998-03-06,1.0751,1.0865,1.073,1.0802,220,50,0,-9.256687957048815e-05,-1
1998-03-09,1.0754,1.0853,1.0735,1.0841,150,50,0,0.003610442510646239,1
1998-03-10,1.0794,1.084,1.0761,1.0832,121,50,0,-0.0008301817175538906,-1
1998-03-11,1.077,1.0843,1.0741,1.083,145,50,0,-0.00018463810930569036,-1
1998-03-12,1.082,1.0873,1.0798,1.0849,122,50,0,0.0017543859649122862,1
1998-03-13,1.0846,1.0962,1.0804,1.0921,242,50,0,0.006636556364641999,1
1998-03-16,1.092,1.0942,1.086,1.09,145,50,0,-0.0019229008332569686,-1
1998-03-17,1.0918,1.0962,1.0873,1.0903,164,50,0,0.0002752293577981124,1
1998-03-18,1.089,1.0918,1.084,1.0869,136,50,0,-0.0031184077776759134,-1
1998-03-19,1.0862,1.089,1.0827,1.0844,109,50,0,-0.002300119606219453,-1
1998-03-20,1.0838,1.0871,1.0808,1.0855,110,50,0,0.0010143858354849655,1
1998-03-23,1.0844,1.0897000000000001,1.0812,1.0888,127,50,0,0.0030400736987563626,1
1998-03-24,1.0884,1.0896,1.0838,1.0864,97,50,0,-0.0022042615723731895,-1
1998-03-25,1.0858,1.0897000000000001,1.0828,1.0873,124,50,0,0.0008284241531664183,1
1998-03-26,1.0866,1.0931,1.0835,1.091,149,50,0,0.003402924675802499,1
1998-03-27,1.0918,1.0933,1.0849,1.0876,127,50,0,-0.0031164069660861715,-1
1998-03-30,1.0866,1.0877,1.0745,1.076,159,50,0,-0.010665685913938794,-1
1998-03-31,1.0758,1.0795,1.0721,1.0769,138,50,0,0.0008364312267656882,1
1998-04-01,1.0755,1.078,1.0714,1.0741,119,50,0,-0.002600055715479499,-1
1998-04-02,1.073,1.0772,1.0715,1.0731,114,50,0,-0.0009310120100550767,-1
1998-04-03,1.072,1.0775,1.07,1.0752,119,50,0,0.001956947162426559,1
1998-04-06,1.077,1.0808,1.0753,1.0796000000000001,85,50,0,0.0040922619047620845,1
1998-04-07,1.078,1.0821,1.0774,1.0817,58,50,0,0.0019451648758799234,1
1998-04-08,1.0805,1.0965,1.0803,1.0908,222,50,0,0.008412683738559634,1
1998-04-09,1.0915,1.0954,1.085,1.0875,169,50,0,-0.0030253025302531267,-1
1998-04-10,1.0905,1.0925,1.0874,1.0887,85,50,0,0.0011034482758620623,1
1998-04-13,1.0845,1.0893,1.0838,1.0881,75,50,0,-0.0005511160099200829,-1
1998-04-14,1.087,1.1029,1.0868,1.1002,191,50,0,0.011120301442882008,1
1998-04-15,1.098,1.1052,1.0955,1.1007,168,50,0,0.00045446282494077117,1
1998-04-16,1.099,1.101,1.0918,1.0997,178,50,0,-0.0009085127646044633,-1
1998-04-17,1.098,1.1038000000000001,1.095,1.0979,176,50,0,-0.0016368100391014329,-1
1998-04-20,1.095,1.1025,1.0928,1.1008,137,50,0,0.0026414063211583905,1
1998-04-21,1.099,1.1088,1.099,1.1054,133,50,0,0.00417877906976738,1
1998-04-22,1.103,1.1101,1.1004,1.103,195,50,0,-0.0021711597611724365,-1
1998-04-23,1.1015,1.1065,1.0967,1.1003,185,50,0,-0.002447869446962736,-1
1998-04-24,1.0985,1.1045,1.0977,1.1036,86,50,0,0.0029991820412613723,1
1998-04-27,1.102,1.109,1.0988,1.1057,168,50,0,0.001902863356288531,1
1998-04-28,1.104,1.1075,1.0995,1.1023,144,50,0,-0.003074975128877444,-1
1998-04-29,1.101,1.1041,1.095,1.1017,176,50,0,-0.0005443164292843194,-1
1998-04-30,1.101,1.1063,1.0995,1.1025,122,50,0,0.0007261504946900477,1
1998-05-01,1.101,1.114,1.101,1.1092,179,50,0,0.00607709750566876,1
1998-05-04,1.1065,1.1111,1.1039,1.1104,106,50,0,0.0010818608005771502,1
1998-05-05,1.11,1.1172,1.1064,1.116,157,50,0,0.005043227665706196,1
1998-05-06,1.1125,1.1194,1.1105,1.1171,133,50,0,0.0009856630824371937,1
1998-05-07,1.114,1.1207,1.1123,1.1148,161,50,0,-0.0020589025154417184,-1
1998-05-08,1.1135,1.1158,1.1085,1.1128,140,50,0,-0.0017940437746680749,-1
1998-05-11,1.1125,1.117,1.1048,1.1083,203,50,0,-0.00404385334291868,-1
1998-05-12,1.108,1.113,1.1067,1.109,117,50,0,0.0006315979427951035,1
1998-05-13,1.107,1.111,1.1042,1.109,117,50,0,0.0,-1
1998-05-14,1.1075,1.111,1.1033,1.1077,153,50,0,-0.0011722272317403748,-1
1998-05-15,1.106,1.109,1.1012,1.1035,132,50,0,-0.0037916403358310147,-1
1998-05-18,1.103,1.105,1.0993,1.1034,111,50,0,-9.062075215227061e-05,-1
1998-05-19,1.1019,1.107,1.1019,1.1052,70,50,0,0.0016313213703100793,1
1998-05-20,1.1065,1.1146,1.106,1.1122,116,50,0,0.006333695258776695,1
1998-05-21,1.111,1.1216,1.111,1.1187,136,50,0,0.005844272612839374,1
1998-05-22,1.117,1.1212,1.1143,1.1185,124,50,0,-0.00017877893984086235,-1
1998-05-25,1.117,1.1195,1.1117,1.1149,136,50,0,-0.003218596334376489,-1
1998-05-26,1.113,1.1173,1.1098,1.1128,149,50,0,-0.0018835770024216991,-1
1998-05-27,1.111,1.1193,1.1008,1.1067,328,50,0,-0.005481667864845385,-1
1998-05-28,1.105,1.1111,1.1012,1.107,179,50,0,0.0002710761724045163,1
1998-05-29,1.105,1.108,1.0991,1.1034,163,50,0,-0.003252032520325243,-1
1998-06-01,1.101,1.1097,1.101,1.1084,101,50,0,0.004531448250861159,1
1998-06-02,1.106,1.1095,1.1045,1.1075,86,50,0,-0.0008119812342115562,-1
1998-06-03,1.106,1.1155,1.106,1.114,111,50,0,0.005869074492099502,1
1998-06-04,1.1115,1.1188,1.1109,1.114,134,50,0,0.0,-1
1998-06-05,1.114,1.116,1.1074,1.111,143,50,0,-0.0026929982046679513,-1
1998-06-08,1.109,1.1123,1.1063,1.108,111,50,0,-0.0027002700270025715,-1
1998-06-09,1.1075,1.111,1.1051,1.1077,117,50,0,-0.0002707581227439082,-1
1998-06-10,1.107,1.109,1.0955,1.0985,186,50,0,-0.00830549787848689,-1
1998-06-11,1.097,1.1004,1.0894,1.0904,155,50,0,-0.007373691397359994,-1
1998-06-12,1.09,1.0974,1.0898,1.0942,111,50,0,0.0034849596478356837,1
1998-06-15,1.0925,1.0945,1.086,1.0895,141,50,0,-0.0042953756168891966,-1
1998-06-16,1.0885,1.1014,1.0885,1.0998,146,50,0,0.009453877925654108,1
1998-06-17,1.101,1.1088,1.0986,1.1045,170,50,0,0.004273504273504258,1
1998-06-18,1.103,1.1103,1.0995,1.1052,195,50,0,0.0006337709370756173,1
1998-06-19,1.104,1.111,1.1015,1.1067,164,50,0,0.001357220412595117,1
1998-06-22,1.105,1.107,1.0972,1.1027,174,50,0,-0.0036143489653925887,-1
1998-06-23,1.102,1.107,1.0956,1.0979,188,50,0,-0.004352951845470132,-1
1998-06-24,1.096,1.1021,1.0955,1.0993,100,50,0,0.0012751616722832537,1
1998-06-25,1.098,1.105,1.0975,1.1031,100,50,0,0.003456745201491973,1
1998-06-26,1.1005,1.1055,1.091,1.0947,233,50,0,-0.007614903453902588,-1
1998-06-29,1.093,1.097,1.0898,1.0921,136,50,0,-0.0023750799305745085,-1
1998-06-30,1.091,1.0994,1.091,1.0983,96,50,0,0.005677135793425547,1
1998-07-01,1.0959,1.098,1.087,1.0895,157,50,0,-0.008012382773377125,-1
1998-07-02,1.09,1.092,1.0847,1.0889,136,50,0,-0.0005507113354749071,-1
1998-07-03,1.0875,1.0955,1.0868,1.0885,165,50,0,-0.0003673431903755686,-1
1998-07-06,1.087,1.0958,1.087,1.0937999999999999,109,50,0,0.004869085898024705,1
1998-07-07,1.092,1.094,1.0873,1.0896,111,50,0,-0.0038398244651672853,-1
1998-07-08,1.09,1.0927,1.0853,1.087,119,50,0,-0.0023861967694566166,-1
1998-07-09,1.0885,1.0905,1.079,1.0821,167,50,0,-0.004507819687212478,-1
1998-07-10,1.0825,1.0896,1.0793,1.0893,139,50,0,0.006653728860548824,1
1998-07-13,1.0875,1.0998,1.087,1.0986,146,50,0,0.00853759294960077,1
1998-07-14,1.096,1.1011,1.094,1.097,133,50,0,-0.0014563990533406068,-1
1998-07-15,1.095,1.1002,1.093,1.0988,107,50,0,0.00164083865086595,1
1998-07-16,1.0995,1.1068,1.098,1.1062,110,50,0,0.0067346195850019885,1
1998-07-17,1.105,1.1097,1.1018,1.1075,134,50,0,0.0011751943590669889,1
1998-07-20,1.106,1.1123,1.1053,1.1084,117,50,0,0.0008126410835216369,1
1998-07-21,1.105,1.1089,1.102,1.1057,132,50,0,-0.0024359437026345576,-1
1998-07-22,1.1045,1.1072,1.1005,1.1038000000000001,128,50,0,-0.0017183684543725652,-1
1998-07-23,1.1019,1.1063,1.0994,1.1063,95,50,0,0.002264903062148882,1
1998-07-24,1.105,1.1124,1.1036,1.1096,131,50,0,0.0029829160263941112,1
1998-07-27,1.1091,1.1116,1.1043,1.1048,104,50,0,-0.004325883201153458,-1
1998-07-28,1.1035,1.1165,1.1035,1.1148,148,50,0,0.009051412020275151,1
1998-07-29,1.113,1.1175,1.1088,1.113,175,50,0,-0.0016146393972013007,-1
1998-07-30,1.112,1.1178,1.1052,1.1068,201,50,0,-0.005570530098832016,-1
1998-07-31,1.106,1.1104,1.1035,1.11,99,50,0,0.002891217925551137,1
1998-08-03,1.108,1.1105,1.1003,1.1046,171,50,0,-0.004864864864864926,-1
1998-08-04,1.103,1.115,1.1015,1.1125,176,50,0,0.0071519101937354,1
1998-08-05,1.114,1.116,1.1103,1.1128,103,50,0,0.0002696629213483348,1
1998-08-06,1.111,1.1174,1.1097,1.111,155,50,0,-0.0016175413371675162,-1
1998-08-07,1.1105,1.115,1.1059,1.1077,155,50,0,-0.002970297029703084,-1
1998-08-10,1.105,1.1105,1.1045,1.1085,86,50,0,0.0007222172068250821,1
1998-08-11,1.1065,1.1098,1.1019,1.1068,156,50,0,-0.0015336039693280012,-1
1998-08-12,1.106,1.1136,1.1022,1.1046,215,50,0,-0.0019877123238163374,-1
1998-08-13,1.0995,1.1068,1.0975,1.1056,126,50,0,0.0009053050878145008,1
1998-08-14,1.1045,1.107,1.0923,1.0952,202,50,0,-0.00940665701881327,-1
1998-08-17,1.0919,1.1013,1.0876,1.0987,207,50,0,0.003195763330898549,1
1998-08-18,1.098,1.1016,1.0936,1.0949,130,50,0,-0.0034586329298261775,-1
1998-08-19,1.0955,1.0981,1.0921,1.0973,103,50,0,0.0021919810028312448,1
1998-08-20,1.097,1.1023,1.094,1.0976,161,50,0,0.0002733983413834018,1
1998-08-21,1.095,1.1013,1.094,1.0989,108,50,0,0.0011844023323615005,1
1998-08-24,1.0955,1.1012,1.0947,1.0998,88,50,0,0.0008190008190009923,1
1998-08-25,1.0995,1.1005,1.0957,1.0982,84,50,0,-0.0014548099654483337,-1
1998-08-26,1.097,1.0996,1.0904,1.0941,156,50,0,-0.0037333818976507116,-1
1998-08-27,1.093,1.1024,1.0895,1.099,199,50,0,0.004478566858605149,1
1998-08-28,1.099,1.1243,1.097,1.123,307,50,0,0.021838034576888044,1
1998-08-31,1.1149,1.1306,1.1092,1.1306,272,50,0,0.006767586821015081,1
1998-09-01,1.129,1.1358,1.1192,1.1262,305,50,0,-0.003891738899699293,-1
1998-09-02,1.1245,1.1313,1.1208,1.1283,173,50,0,0.0018646776771442664,1
1998-09-03,1.1265,1.1478,1.1265,1.1402,290,50,0,0.010546840379331845,1
1998-09-04,1.139,1.1412,1.1293,1.1386,235,50,0,-0.0014032625855113778,-1
1998-09-07,1.1400000000000001,1.1493,1.1374,1.1411,228,50,0,0.002195678903917031,1
1998-09-08,1.137,1.1428,1.1320000000000001,1.1357,204,50,0,-0.0047322758741565885,-1
1998-09-09,1.1339,1.1449,1.1283,1.1449,223,50,0,0.008100730826802849,1
1998-09-10,1.148,1.169,1.1473,1.1672,243,50,0,0.019477683640492627,1
1998-09-11,1.164,1.1735,1.1576,1.1596,275,50,0,-0.006511309115832753,-1
1998-09-14,1.1555,1.1613,1.1485,1.1593,219,50,0,-0.0002587098999654591,-1
1998-09-15,1.158,1.1678,1.1552,1.161,223,50,0,0.0014664021392218896,1
1998-09-16,1.16,1.164,1.1528,1.1614,211,50,0,0.0003445305770886087,1
1998-09-17,1.163,1.173,1.1577,1.16,277,50,0,-0.0012054417082831836,-1
1998-09-18,1.1602999999999999,1.1656,1.1566,1.1593,171,50,0,-0.0006034482758620063,-1
1998-09-21,1.161,1.174,1.1605,1.1623999999999999,257,50,0,0.002674027430345838,1
1998-09-22,1.162,1.1701,1.1568,1.1684,203,50,0,0.005161734342739255,1
1998-09-23,1.167,1.1709,1.1586,1.17,217,50,0,0.001369394043135852,1
1998-09-24,1.171,1.1761,1.1648,1.1743999999999999,193,50,0,0.003760683760683836,1
1998-09-25,1.1735,1.184,1.1695,1.1713,269,50,0,-0.0026396457765666126,-1
1998-09-28,1.173,1.1764999999999999,1.1645,1.1753,218,50,0,0.0034150089643985027,1
1998-09-29,1.1742,1.1783,1.1708,1.1783,110,50,0,0.0025525397770780334,1
1998-09-30,1.1769,1.1801,1.1718,1.1801,135,50,0,0.0015276245438342606,1
1998-10-01,1.1777,1.1956,1.177,1.1932,218,50,0,0.011100754173375194,1
1998-10-02,1.1921,1.2082,1.188,1.1962,364,50,0,0.0025142474019441696,1
1998-10-05,1.2015,1.2112,1.1967,1.2058,248,50,0,0.008025413810399673,1
1998-10-06,1.207,1.214,1.1968,1.2092,323,50,0,0.0028197047603251146,1
1998-10-07,1.206,1.2265,1.2031,1.2182,347,50,0,0.007442937479325007,1
1998-10-08,1.217,1.2401,1.2153,1.225,417,50,0,0.0055820062387130776,1
1998-10-09,1.206,1.2218,1.204,1.2133,284,50,0,-0.009551020408163247,-1
1998-10-12,1.2115,1.219,1.1958,1.1985000000000001,335,50,0,-0.012198137311464574,-1
1998-10-13,1.2,1.211,1.1973,1.205,225,50,0,0.0054234459741342445,1
1998-10-14,1.2098,1.2119,1.1959,1.2004,227,50,0,-0.0038174273858923025,-1
1998-10-15,1.2029,1.2178,1.2015,1.2178,178,50,0,0.014495168277240955,1
1998-10-16,1.218,1.225,1.21,1.2172,293,50,0,-0.0004926917392017449,-1
1998-10-19,1.215,1.2209,1.2017,1.2045,280,50,0,-0.010433782451528262,-1
1998-10-20,1.2055,1.2095,1.1968,1.2028,228,50,0,-0.00141137401411362,-1
1998-10-21,1.2025000000000001,1.207,1.1918,1.1928,208,50,0,-0.008313934153641456,-1
1998-10-22,1.189,1.2034,1.188,1.2016,183,50,0,0.007377598926894713,1
1998-10-23,1.2,1.2063,1.196,1.2002,205,50,0,-0.0011651131824235161,-1
1998-10-26,1.194,1.1981,1.1813,1.1837,234,50,0,-0.013747708715214135,-1
1998-10-27,1.185,1.1912,1.1804000000000001,1.1901,166,50,0,0.005406775365379701,1
1998-10-28,1.1912,1.1954,1.186,1.188,157,50,0,-0.001764557600201666,-1
1998-10-29,1.1875,1.1975,1.1875,1.1902,174,50,0,0.0018518518518517713,1
1998-10-30,1.1905000000000001,1.1934,1.1847,1.1902,172,50,0,0.0,-1
1998-11-02,1.1905000000000001,1.1943,1.1861,1.1875,135,50,0,-0.002268526298101148,-1
1998-11-03,1.1865,1.1885,1.1778,1.1828,178,50,0,-0.003957894736842049,-1
1998-11-04,1.1815,1.1854,1.1731,1.1782,214,50,0,-0.003889076766993682,-1
1998-11-05,1.178,1.187,1.177,1.1826,155,50,0,0.003734510269903346,1
1998-11-06,1.182,1.185,1.1718,1.1746,191,50,0,-0.006764755623203111,-1
1998-11-09,1.173,1.1764999999999999,1.1599,1.1648,251,50,0,-0.008343265792610244,-1
1998-11-10,1.164,1.1712,1.1617,1.1699,132,50,0,0.004378434065933856,1
1998-11-11,1.168,1.1741,1.1657,1.1733,116,50,0,0.002906231301820661,1
1998-11-12,1.171,1.173,1.1582,1.167,257,50,0,-0.005369470723600056,-1
1998-11-13,1.166,1.1701,1.1614,1.1683,152,50,0,0.001113967437874841,1
1998-11-16,1.168,1.1843,1.168,1.1785,222,50,0,0.008730634254900504,1
1998-11-17,1.179,1.186,1.1764999999999999,1.1789,190,50,0,0.00033941450997021505,1
1998-11-18,1.179,1.1839,1.1724999999999999,1.1745,184,50,0,-0.003732292815336269,-1
1998-11-19,1.173,1.1778,1.1643,1.1661,202,50,0,-0.007151979565772848,-1
1998-11-20,1.166,1.171,1.1602999999999999,1.1623999999999999,179,50,0,-0.0031729697281537295,-1
1998-11-23,1.1605,1.1635,1.1485,1.1545,241,50,0,-0.006796283551273041,-1
1998-11-24,1.153,1.1567,1.1475,1.156,155,50,0,0.0012992637505411242,1
1998-11-25,1.155,1.1601,1.1522000000000001,1.1551,158,50,0,-0.0007785467128026413,-1
1998-11-26,1.1545,1.1569,1.1515,1.1553,101,50,0,0.0001731451822353236,1
1998-11-27,1.156,1.158,1.1455,1.149,181,50,0,-0.005453129057387707,-1
1998-11-30,1.148,1.164,1.148,1.16,201,50,0,0.009573542210617791,1
1998-12-01,1.1595,1.1708,1.1565,1.1662,220,50,0,0.005344827586206913,1
1998-12-02,1.163,1.1767,1.162,1.1743000000000001,182,50,0,0.006945635397016092,1
1998-12-03,1.172,1.181,1.1647,1.177,277,50,0,0.0022992421016774234,1
1998-12-04,1.1764999999999999,1.179,1.166,1.1728,224,50,0,-0.003568394222599802,-1
1998-12-07,1.1715,1.1735,1.166,1.1686,122,50,0,-0.003581173260572945,-1
1998-12-08,1.1669,1.1773,1.1663000000000001,1.1773,117,50,0,0.007444805750470573,1
1998-12-09,1.1755,1.1798,1.1729,1.1757,137,50,0,-0.0013590418754778621,-1
1998-12-10,1.1745,1.189,1.1745,1.1869,167,50,0,0.009526239686995064,1
1998-12-11,1.186,1.1933,1.183,1.1927,140,50,0,0.004886679585474729,1
1998-12-14,1.1915,1.1967,1.184,1.1922,248,50,0,-0.0004192169028256476,-1
1998-12-15,1.191,1.193,1.1818,1.1837,152,50,0,-0.007129676228820658,-1
1998-12-16,1.183,1.1896,1.1713,1.1751,288,50,0,-0.007265354397228974,-1
1998-12-17,1.177,1.1844999999999999,1.1761,1.1787,152,50,0,0.0030635690579525754,1
1998-12-18,1.1825,1.1874,1.1766,1.1812,204,50,0,0.0021209807414948045,1
1998-12-21,1.182,1.186,1.1724,1.1757,210,50,0,-0.004656281747375646,-1
1998-12-22,1.1729,1.1773,1.1705,1.1752,114,50,0,-0.000425278557455111,-1
1998-12-23,1.174,1.178,1.171,1.1739,140,50,0,-0.0011061946902655162,-1
1998-12-24,1.172,1.174,1.1663000000000001,1.173,145,50,0,-0.0007666751852797304,-1
1998-12-25,1.167,1.17,1.1663000000000001,1.1681,64,50,0,-0.00417732310315444,-1
1998-12-28,1.1662,1.1722,1.166,1.1722,65,50,0,0.003509973461176319,1
1998-12-29,1.1706,1.1779,1.1699,1.1739,128,50,0,0.0014502644599898584,1
1998-12-30,1.173,1.1773,1.165,1.1683,200,50,0,-0.004770423375074606,-1
1998-12-31,1.167,1.175,1.1632,1.1724,183,50,0,0.003509372592656268,1
1999-01-04,1.1801,1.1862,1.1769,1.1815,4128,50,0,0.007761856021835545,1
1999-01-05,1.1815,1.1835,1.175,1.1758,5357,50,0,-0.004824375793482938,-1
1999-01-06,1.1761,1.1773,1.1553,1.1623,5288,50,0,-0.011481544480353656,-1
1999-01-07,1.1623,1.1735,1.1612,1.1712,5515,50,0,0.0076572313516303225,1
1999-01-08,1.1713,1.172,1.1533,1.1585,5660,50,0,-0.010843579234972589,-1
1999-01-11,1.1575,1.161,1.1487,1.1503,5386,50,0,-0.007078118256365951,-1
1999-01-12,1.1504,1.158,1.1447,1.1555,5703,50,0,0.004520559853951056,1
1999-01-13,1.1561,1.179,1.1553,1.1681,7089,50,0,0.010904370402423202,1
1999-01-14,1.1673,1.1728,1.1614,1.1681,5917,50,0,0.0,-1
1999-01-15,1.1683,1.1749,1.1552,1.1562999999999999,6867,50,0,-0.010101874839482994,-1
1999-01-18,1.1565,1.162,1.1564,1.1605,4540,50,0,0.0036322753610655845,1
1999-01-19,1.1605,1.1642000000000001,1.1562999999999999,1.1602999999999999,6220,50,0,-0.000172339508832553,-1
1999-01-20,1.1598,1.1611,1.1539,1.1566,6201,50,0,-0.003188830474877058,-1
1999-01-21,1.1567,1.1619,1.1545,1.1601,5743,50,0,0.0030261110150440196,1
1999-01-22,1.1605,1.1626,1.1559,1.1587,5014,50,0,-0.001206792517886246,-1
1999-01-25,1.1579,1.1608,1.1547,1.1552,4290,50,0,-0.0030206265642530594,-1
1999-01-26,1.1555,1.1591,1.155,1.1562000000000001,5999,50,0,0.0008656509695292858,1
1999-01-27,1.1562000000000001,1.1565,1.1408,1.144,6397,50,0,-0.010551807645736266,-1
1999-01-28,1.1445,1.147,1.1378,1.1407,5613,50,0,-0.0028846153846152633,-1
1999-01-29,1.1407,1.1433,1.1342,1.1367,6243,50,0,-0.0035066187428771656,-1
1999-02-01,1.1383,1.1397,1.129,1.1323,6062,50,0,-0.0038708542271487234,-1
1999-02-02,1.1323,1.1365,1.1284,1.1352,6101,50,0,0.0025611587035236916,1
1999-02-03,1.1353,1.1363,1.13,1.1306,4795,50,0,-0.004052149400986527,-1
1999-02-04,1.1309,1.1346,1.1247,1.1344,5836,50,0,0.0033610472315583895,1
1999-02-05,1.1343,1.1373,1.1253,1.126,5388,50,0,-0.007404795486601001,-1
1999-02-08,1.1262,1.133,1.1219999999999999,1.1315,4637,50,0,0.004884547069271772,1
1999-02-09,1.1312,1.1345,1.1280999999999999,1.1315,4905,50,0,0.0,-1
1999-02-10,1.1314,1.1360000000000001,1.127,1.1326,5228,50,0,0.0009721608484314359,1
1999-02-11,1.1323,1.1336,1.1214,1.1218,4767,50,0,-0.009535581847077701,-1
1999-02-12,1.1219,1.1308,1.1216,1.1306,4558,50,0,0.007844535567837596,1
1999-02-15,1.1299,1.1304,1.1221,1.1224,3881,50,0,-0.0072527861312576825,-1
1999-02-16,1.1227,1.1238,1.1158,1.1211,4865,50,0,-0.0011582323592302934,-1
1999-02-17,1.1212,1.1267,1.12,1.1247,4128,50,0,0.003211131924003352,1
1999-02-18,1.1246,1.1280000000000001,1.1185,1.1198,4535,50,0,-0.004356717346848171,-1
1999-02-19,1.1197,1.1211,1.1055,1.1058,5234,50,0,-0.012502232541525271,-1
1999-02-22,1.1052,1.1064,1.0962,1.1023,4852,50,0,-0.0031651293181406137,-1
1999-02-23,1.1024,1.107,1.0941,1.1009,4760,50,0,-0.0012700716683299307,-1
1999-02-24,1.1009,1.1047,1.0926,1.1005,5038,50,0,-0.0003633390862021191,-1
1999-02-25,1.1004,1.1078999999999999,1.0983,1.1033,5172,50,0,0.002544298046342597,1
1999-02-26,1.1026,1.1047,1.0955,1.1025,5521,50,0,-0.0007250974349677364,-1
1999-03-01,1.0982,1.1025,1.0884,1.0898,5968,50,0,-0.011519274376417199,-1
1999-03-02,1.0896,1.0947,1.0857,1.0942,4875,50,0,0.004037438062029608,1
1999-03-03,1.0941,1.0946,1.0869,1.0872,5216,50,0,-0.006397367940047638,-1
1999-03-04,1.087,1.088,1.079,1.0805,5154,50,0,-0.006162619573215511,-1
1999-03-05,1.0806,1.0867,1.0786,1.0818,4319,50,0,0.0012031466913466904,1
1999-03-08,1.0821,1.0925,1.0802,1.0887,4858,50,0,0.006378258458125341,1
1999-03-09,1.0887,1.092,1.0857,1.089,5218,50,0,0.00027555800496004146,1
1999-03-10,1.0888,1.0975,1.0877,1.0943,5442,50,0,0.004866850321395777,1
1999-03-11,1.0943,1.1057,1.0798,1.1037,6162,50,0,0.008589966188430775,1
1999-03-12,1.1038000000000001,1.1041,1.0892,1.0905,5718,50,0,-0.011959771677086062,-1
1999-03-15,1.0909,1.0961,1.0885,1.0923,4370,50,0,0.0016506189821183792,1
1999-03-16,1.0922,1.102,1.0819,1.1012,4634,50,0,0.008147944703835952,1
1999-03-17,1.1006,1.1045,1.0937000000000001,1.1007,5448,50,0,-0.00045405012713395365,-1
1999-03-18,1.1009,1.107,1.0957,1.0973,5822,50,0,-0.00308894339965482,-1
1999-03-19,1.0973,1.1001,1.0877,1.0889,5286,50,0,-0.007655153558735028,-1
1999-03-22,1.0909,1.092,1.0852,1.0916,4902,50,0,0.002479566535035227,1
1999-03-23,1.0914,1.0927,1.086,1.0889,5303,50,0,-0.0024734334921215906,-1
1999-03-24,1.089,1.0962,1.0865,1.0882,5216,50,0,-0.0006428505831572728,-1
1999-03-25,1.0875,1.0909,1.0826,1.0834,4835,50,0,-0.0044109538687742145,-1
1999-03-26,1.0835,1.0868,1.0715,1.0765,5320,50,0,-0.006368838840686619,-1
1999-03-29,1.0752,1.079,1.068,1.0731,4614,50,0,-0.0031583836507199647,-1
1999-03-30,1.073,1.0775,1.0697,1.072,4124,50,0,-0.0010250675612709648,-1
1999-03-31,1.0722,1.0822,1.0686,1.0769,5157,50,0,0.0045708955223879855,1
1999-04-01,1.0767,1.0823,1.0727,1.0795,4783,50,0,0.002414337450088233,1
1999-04-02,1.0798,1.0807,1.0766,1.0794,2252,50,0,-9.263547938864747e-05,-1
1999-04-05,1.0795,1.0796999999999999,1.0703,1.071,3204,50,0,-0.0077821011673151474,-1
1999-04-06,1.071,1.0855,1.0705,1.0842,5659,50,0,0.012324929971988974,1
1999-04-07,1.0836,1.0847,1.0765,1.0768,5243,50,0,-0.006825308983582468,-1
1999-04-08,1.0769,1.0884,1.0725,1.075,5724,50,0,-0.0016716196136701278,-1
1999-04-09,1.0743,1.0815,1.0731,1.0794,5420,50,0,0.0040930232558138435,1
1999-04-12,1.0822,1.0879,1.0802,1.081,4316,50,0,0.0014823049842505043,1
1999-04-13,1.0807,1.0831,1.0745,1.0782,4870,50,0,-0.002590194264569745,-1
1999-04-14,1.0781,1.082,1.0765,1.0814,4655,50,0,0.0029679094787606886,1
1999-04-15,1.081,1.0815,1.0692,1.0695000000000001,5067,50,0,-0.01100425374514502,-1
1999-04-16,1.0693,1.0718,1.0629,1.0702,5220,50,0,0.0006545114539504571,1
1999-04-19,1.0676,1.0703,1.0591,1.0664,4960,50,0,-0.003550738179779467,-1
1999-04-20,1.066,1.0685,1.061,1.062,5328,50,0,-0.004126031507876937,-1
1999-04-21,1.0621,1.0637,1.0575,1.0586,5327,50,0,-0.003201506591337111,-1
1999-04-22,1.0589,1.066,1.056,1.0646,4906,50,0,0.005667863215567781,1
1999-04-23,1.0643,1.0685,1.0597,1.0608,4647,50,0,-0.003569415743002069,-1
1999-04-26,1.0605,1.0628,1.0574,1.0587,4477,50,0,-0.0019796380090497667,-1
1999-04-27,1.0586,1.067,1.0579,1.0659,5541,50,0,0.006800793425899787,1
1999-04-28,1.066,1.07,1.0603,1.0627,5280,50,0,-0.0030021578009195027,-1
1999-04-29,1.0628,1.064,1.0578,1.0614,5400,50,0,-0.0012232991436906815,-1
1999-04-30,1.0615,1.0635,1.0547,1.0575,4777,50,0,-0.0036743923120404753,-1
1999-05-03,1.0586,1.0603,1.0551,1.0565,3947,50,0,-0.0009456264775414835,-1
1999-05-04,1.0565,1.0635,1.0557,1.063,5043,50,0,0.006152389966871619,1
1999-05-05,1.063,1.0774,1.0617,1.0755,5348,50,0,0.01175917215428024,1
1999-05-06,1.0754,1.0827,1.0737,1.0796000000000001,6486,50,0,0.003812180381218333,1
1999-05-07,1.0795,1.0814,1.0745,1.0758,5353,50,0,-0.0035198221563542686,-1
1999-05-10,1.073,1.0833,1.0707,1.0783,5123,50,0,0.0023238520171036114,1
1999-05-11,1.0787,1.0805,1.0702,1.0715,6048,50,0,-0.006306222758045155,-1
1999-05-12,1.0714,1.0735,1.0635,1.0649,6565,50,0,-0.006159589360709261,-1
1999-05-13,1.065,1.0676,1.0602,1.0657,6992,50,0,0.0007512442482864312,1
1999-05-14,1.0662,1.0744,1.0633,1.0657,6512,50,0,0.0,-1
1999-05-17,1.0675,1.0688,1.064,1.0669,5311,50,0,0.001126020456038157,1
1999-05-18,1.0667,1.071,1.0657,1.068,5249,50,0,0.0010310244633986443,1
1999-05-19,1.0681,1.0692,1.062,1.0667,6176,50,0,-0.0012172284644195175,-1
1999-05-20,1.0665,1.0714,1.0613,1.0619,6239,50,0,-0.004499859379394344,-1
1999-05-21,1.062,1.0624,1.0544,1.0591,5077,50,0,-0.002636783124588149,-1
1999-05-24,1.0562,1.0608,1.055,1.0602,3408,50,0,0.0010386176942687175,1
1999-05-25,1.0603,1.0647,1.056,1.0617,6277,50,0,0.0014148273910583598,1
1999-05-26,1.0618,1.0627,1.0437,1.0449,6954,50,0,-0.01582367900536885,-1
1999-05-27,1.045,1.0491,1.0407,1.0427,6967,50,0,-0.002105464637764398,-1
1999-05-28,1.0427,1.0509,1.0397,1.0429,6437,50,0,0.00019180972475307811,1
1999-05-31,1.0456,1.0487,1.0412,1.0422,5011,50,0,-0.0006712052929330747,-1
1999-06-01,1.0418,1.0475,1.0416,1.0453,6647,50,0,0.0029744770677411214,1
1999-06-02,1.0452,1.0463,1.0325,1.0363,6644,50,0,-0.008609968430115633,-1
1999-06-03,1.0358,1.0417,1.0303,1.0314,7822,50,0,-0.004728360513364782,-1
1999-06-04,1.0316,1.0379,1.027,1.0376,6171,50,0,0.006011246848943275,1
1999-06-07,1.0359,1.0359,1.026,1.0289,5335,50,0,-0.00838473400154216,-1
1999-06-08,1.0288,1.0472,1.0263,1.0463,6939,50,0,0.01691126445718738,1
1999-06-09,1.0463,1.0488,1.0425,1.0467,5957,50,0,0.0003822995316831168,1
1999-06-10,1.0468,1.0523,1.0436,1.0487,7429,50,0,0.0019107671730200781,1
1999-06-11,1.0486,1.0559,1.0467,1.0513,5762,50,0,0.002479260036235331,1
1999-06-14,1.0507,1.0508,1.0406,1.042,5803,50,0,-0.008846190430894962,-1
1999-06-15,1.0425,1.0438,1.0379,1.0431,6253,50,0,0.0010556621880997152,1
1999-06-16,1.0431,1.044,1.0288,1.0305,5758,50,0,-0.012079378774805805,-1
1999-06-17,1.0305,1.0359,1.029,1.0343,5776,50,0,0.0036875303250849534,1
1999-06-18,1.0343,1.0428,1.0294,1.04,5757,50,0,0.005510973605336922,1
1999-06-21,1.0383,1.042,1.0307,1.035,6185,50,0,-0.004807692307692402,-1
1999-06-22,1.0343,1.0361,1.0293,1.0327,5901,50,0,-0.0022222222222222365,-1
1999-06-23,1.0328,1.035,1.027,1.0336,5555,50,0,0.0008715018882541337,1
1999-06-24,1.0335,1.0417,1.0305,1.0407,5814,50,0,0.006869195046439458,1
1999-06-25,1.0408,1.0477,1.0404,1.0429,6280,50,0,0.002113961756510019,1
1999-06-28,1.0397,1.0439,1.0326,1.0332,6477,50,0,-0.009300987630645352,-1
1999-06-29,1.0332,1.037,1.0314,1.0326,6500,50,0,-0.0005807200929150991,-1
1999-06-30,1.0326,1.0363,1.029,1.0362,8427,50,0,0.0034863451481697005,1
1999-07-01,1.036,1.0397,1.0218,1.0238,5280,50,0,-0.01196680177571896,-1
1999-07-02,1.0237,1.0258,1.021,1.025,6886,50,0,0.001172103926547985,1
1999-07-05,1.0248,1.0258,1.0212,1.0224,5063,50,0,-0.0025365853658535498,-1
1999-07-06,1.0225,1.026,1.0184,1.0248,5440,50,0,0.0023474178403755097,1
1999-07-07,1.025,1.0271,1.0172,1.019,5871,50,0,-0.005659640905542607,-1
1999-07-08,1.0189,1.0227,1.0147,1.0221,5963,50,0,0.003042198233562443,1
1999-07-09,1.0221,1.0244,1.0162,1.02,6332,50,0,-0.0020545934840034974,-1
1999-07-12,1.0195,1.02,1.0111,1.0148,4539,50,0,-0.005098039215686412,-1
1999-07-13,1.0146,1.0212,1.0107,1.0171,6180,50,0,0.0022664564446195357,1
1999-07-14,1.0168,1.0227,1.0126,1.0202,6111,50,0,0.0030478812309508996,1
1999-07-15,1.0201,1.0252,1.0184,1.0199,7215,50,0,-0.00029405998823761603,-1
1999-07-16,1.0197,1.0232,1.0183,1.0201,6062,50,0,0.00019609765663308742,1
1999-07-19,1.0186,1.0333,1.0122,1.0317,6606,50,0,0.011371434173120365,1
1999-07-20,1.0314,1.0437,1.0279,1.0405,5434,50,0,0.0085296113211204,1
1999-07-21,1.0403,1.0548,1.0394,1.0515,5404,50,0,0.010571840461316873,1
1999-07-22,1.0515,1.057,1.0475,1.0502,6281,50,0,-0.001236329053732832,-1
1999-07-23,1.0502,1.0546,1.0455,1.0524,6141,50,0,0.0020948390782706827,1
1999-07-26,1.0521,1.0723,1.0516,1.0643,7105,50,0,0.01130748764728251,1
1999-07-27,1.0642,1.0703,1.0607,1.0634,6986,50,0,-0.0008456262332050546,-1
1999-07-28,1.0633,1.0692,1.059,1.0667,5839,50,0,0.00310325371450082,1
1999-07-29,1.0666,1.0743,1.0653,1.0713,7008,50,0,0.0043123652385861355,1
1999-07-30,1.0711,1.0746,1.0675,1.0714,4593,50,0,9.33445346775752e-05,1
1999-08-02,1.0699,1.0711,1.0625,1.0682,6665,50,0,-0.0029867463132349226,-1
1999-08-03,1.0684,1.0702,1.0628,1.0679,6668,50,0,-0.000280846283467473,-1
1999-08-04,1.0677,1.0796000000000001,1.0672,1.0779,6577,50,0,0.009364172675344173,1
1999-08-05,1.078,1.0827,1.0742,1.0758,6250,50,0,-0.0019482326746451673,-1
1999-08-06,1.0755,1.0792,1.0721,1.0735,6452,50,0,-0.0021379438557354025,-1
1999-08-09,1.0725,1.0738,1.0682,1.0722,5150,50,0,-0.0012109920819747266,-1
1999-08-10,1.0721,1.0766,1.0699,1.0707,5660,50,0,-0.001398992725237913,-1
1999-08-11,1.0709,1.0727,1.0642,1.0657,5193,50,0,-0.004669842159334969,-1
1999-08-12,1.0657,1.0679,1.0621,1.0673,6334,50,0,0.00150136060805095,1
1999-08-13,1.0673,1.0697,1.0559,1.0567,6295,50,0,-0.009931603110652998,-1
1999-08-16,1.0576,1.0601,1.0543,1.0583,6106,50,0,0.0015141478186808666,1
1999-08-17,1.0582,1.0588,1.049,1.0511,5615,50,0,-0.006803363885476754,-1
1999-08-18,1.051,1.0561,1.0498,1.0525,5953,50,0,0.0013319379697460665,1
1999-08-19,1.0526,1.0649,1.0459,1.0635,6542,50,0,0.010451306413301609,1
1999-08-20,1.0634,1.0695000000000001,1.0627,1.0675,5803,50,0,0.003761165961448043,1
1999-08-23,1.0671,1.068,1.046,1.0493,5744,50,0,-0.01704918032786884,-1
1999-08-24,1.0492,1.0551,1.0398,1.0535,6872,50,0,0.004002668445630686,1
1999-08-25,1.0539,1.0549,1.0407,1.0431,7206,50,0,-0.00987185571903193,-1
1999-08-26,1.0432,1.0472,1.0411,1.0459,4907,50,0,0.0026843063944015366,1
1999-08-27,1.0459,1.049,1.0426,1.0465,5626,50,0,0.0005736686107657984,1
1999-08-30,1.0479,1.0498,1.0435,1.0493999999999999,5817,50,0,0.002771141901576568,1
1999-08-31,1.0496,1.0608,1.0483,1.0562,6208,50,0,0.0064798932723462155,1
1999-09-01,1.0565,1.064,1.0559,1.0578,5146,50,0,0.0015148646089755413,1
1999-09-02,1.0577,1.0729,1.0557,1.0682,5520,50,0,0.00983172622423889,1
1999-09-03,1.0684,1.0722,1.0587,1.0613,5853,50,0,-0.006459464519752989,-1
1999-09-06,1.0578,1.0621,1.057,1.0572,4970,50,0,-0.0038631866578724416,-1
1999-09-07,1.0571,1.0603,1.0517,1.0589,6499,50,0,0.0016080211880438178,1
1999-09-08,1.0588,1.0645,1.0564,1.0597,7227,50,0,0.0007555009915951594,1
1999-09-09,1.0596,1.0636,1.0525,1.0537,7052,50,0,-0.005661979805605344,-1
1999-09-10,1.0537,1.0565,1.0349,1.0368,7790,50,0,-0.016038720698491216,-1
1999-09-13,1.0357,1.0429,1.0298,1.0416,7681,50,0,0.004629629629629761,1
1999-09-14,1.0417,1.0442,1.0318,1.0357,7648,50,0,-0.005664362519201216,-1
1999-09-15,1.0358,1.0423,1.0286,1.0406,7188,50,0,0.004731099739306632,1
1999-09-16,1.0407,1.0471,1.035,1.0387,7000,50,0,-0.0018258696905631977,-1
1999-09-17,1.0392,1.0427,1.0362,1.0425,6336,50,0,0.003658419177818395,1
1999-09-20,1.0413000000000001,1.0451,1.0349,1.0367,6077,50,0,-0.005563549160671477,-1
1999-09-21,1.0368,1.0502,1.0359,1.0492,6436,50,0,0.01205749011285806,1
1999-09-22,1.0493,1.0543,1.0407,1.0434,6647,50,0,-0.00552802134959951,-1
1999-09-23,1.0435,1.0517,1.0393,1.0512,6099,50,0,0.0074755606670497965,1
1999-09-24,1.0511,1.0541,1.0421,1.043,6419,50,0,-0.007800608828006039,-1
1999-09-27,1.0436,1.048,1.0394,1.046,6387,50,0,0.0028763183125599667,1
1999-09-28,1.0459,1.057,1.0441,1.0518,6319,50,0,0.005544933078393877,1
1999-09-29,1.052,1.0657,1.0516,1.0643,5985,50,0,0.011884388667046997,1
1999-09-30,1.0642,1.0701,1.0609,1.0679,6147,50,0,0.0033825049328197743,1
1999-10-01,1.0679,1.0767,1.0636,1.073,5859,50,0,0.0047757280644253886,1
1999-10-04,1.0714,1.0776,1.0689,1.0734,5774,50,0,0.0003727865796829821,1
1999-10-05,1.0735,1.076,1.0669,1.0732,6471,50,0,-0.00018632383081795822,-1
1999-10-06,1.0731,1.0779,1.0681,1.0689,6839,50,0,-0.004006708907938861,-1
1999-10-07,1.0688,1.0748,1.0661,1.071,7213,50,0,0.0019646365422396617,1
1999-10-08,1.0711,1.072,1.0602,1.0631,6195,50,0,-0.007376283846872056,-1
1999-10-11,1.0616,1.0657,1.0608,1.0633,5769,50,0,0.00018812905653287082,1
1999-10-12,1.0632,1.0775,1.0631,1.0773,7359,50,0,0.013166556945358732,1
1999-10-13,1.0771,1.0817,1.0735999999999999,1.081,7042,50,0,0.0034345122064420863,1
1999-10-14,1.081,1.0831,1.0749,1.0773,7431,50,0,-0.0034227567067530718,-1
1999-10-15,1.0774,1.0915,1.0766,1.0878,7497,50,0,0.00974658869395717,1
1999-10-18,1.0898,1.0904,1.0803,1.0816,7081,50,0,-0.005699577128148725,-1
1999-10-19,1.0817,1.0852,1.0776,1.0827,6677,50,0,0.00101701183431957,1
1999-10-20,1.0826,1.0844,1.073,1.0765,6740,50,0,-0.005726424679043163,-1
1999-10-21,1.0765,1.0834,1.0754,1.0805,6934,50,0,0.003715745471435161,1
1999-10-22,1.0803,1.0814,1.0653,1.0693,6474,50,0,-0.010365571494678427,-1
1999-10-25,1.069,1.0705,1.0633,1.0677,6032,50,0,-0.0014963059945757307,-1
1999-10-26,1.0677,1.0697,1.0563,1.0596,6628,50,0,-0.007586400674346683,-1
1999-10-27,1.0594,1.064,1.0477,1.0524,7230,50,0,-0.00679501698754259,-1
1999-10-28,1.0524,1.0545,1.0471,1.0522,7391,50,0,-0.00019004180919801605,-1
1999-10-29,1.0523,1.0559,1.0431,1.0527,7192,50,0,0.0004751948298802322,1
1999-11-01,1.0551,1.0594,1.0484,1.0517,6890,50,0,-0.0009499382540133494,-1
1999-11-02,1.052,1.0558,1.0485,1.0523,6778,50,0,0.0005705048968336346,1
1999-11-03,1.0523,1.0535,1.0456,1.0489,7233,50,0,-0.003231017770597755,-1
1999-11-04,1.0489,1.0541,1.0344,1.0371,7576,50,0,-0.011249880827533643,-1
1999-11-05,1.037,1.0457,1.0361,1.0444,7564,50,0,0.007038858355028488,1
1999-11-08,1.0444,1.0463,1.0347,1.0383,7171,50,0,-0.0058406740712371175,-1
1999-11-09,1.0385,1.0433,1.0363,1.0401,6098,50,0,0.0017336030049119877,1
1999-11-10,1.0406,1.0455,1.0389,1.0445,7077,50,0,0.00423036246514763,1
1999-11-11,1.0444,1.0451,1.0392,1.0406,6422,50,0,-0.0037338439444710714,-1
1999-11-12,1.0407,1.0415,1.0289,1.0319,6865,50,0,-0.00836056121468376,-1
1999-11-15,1.033,1.0345,1.0297,1.0333,6203,50,0,0.001356720612462503,1
1999-11-16,1.0333,1.0357,1.0291,1.0303,6371,50,0,-0.002903319461918241,-1
1999-11-17,1.0298,1.0445,1.0297,1.041,7190,50,0,0.010385324662719464,1
1999-11-18,1.0407,1.0436,1.0265,1.0296,6537,50,0,-0.010951008645533,-1
1999-11-19,1.0299,1.0336,1.0245,1.031,6504,50,0,0.0013597513597511934,1
1999-11-22,1.0303,1.0341,1.0291,1.0317,6055,50,0,0.0006789524733270547,1
1999-11-23,1.0319,1.0336,1.0257,1.0277,5913,50,0,-0.0038770960550548184,-1
1999-11-24,1.0278,1.0285,1.0156,1.0186,7127,50,0,-0.008854724141286519,-1
1999-11-25,1.0185,1.0213,1.0164,1.0184,6506,50,0,-0.0001963479285292946,-1
1999-11-26,1.0185,1.02,1.008,1.0172,6805,50,0,-0.0011783189316573184,-1
1999-11-29,1.0157,1.0203,1.0037,1.0088,7787,50,0,-0.008257963035784632,-1
1999-11-30,1.009,1.0145,1.0042,1.0085,7943,50,0,-0.00029738302934179117,-1
1999-12-01,1.0085,1.0129,1.0047,1.0083,6459,50,0,-0.00019831432821015849,-1
1999-12-02,1.0082,1.0107,0.9996,1.0018,7377,50,0,-0.006446494098978461,-1
1999-12-03,1.0018,1.0042,0.9993,1.0031,6526,50,0,0.001297664204432003,1
1999-12-06,1.0025,1.0263,0.9991,1.0224,5440,50,0,0.019240354899810352,1
1999-12-07,1.0224,1.0297,1.0199,1.025,6206,50,0,0.0025430359937401725,1
1999-12-08,1.0251,1.0289,1.0221,1.0277,5898,50,0,0.002634146341463639,1
1999-12-09,1.0278,1.0285,1.0152,1.0215,6163,50,0,-0.0060328889753819,-1
1999-12-10,1.0217,1.0228,1.0112,1.0137,5363,50,0,-0.007635829662261395,-1
1999-12-13,1.0139,1.0161,1.0107,1.0138,4351,50,0,9.864851533980534e-05,1
1999-12-14,1.0137,1.0149,1.0027,1.0055,5209,50,0,-0.008187019135924234,-1
1999-12-15,1.0056,1.0087,1.0011,1.0071,5347,50,0,0.0015912481352562402,1
1999-12-16,1.0072,1.0192,1.0062,1.0186,5860,50,0,0.01141892562804081,1
1999-12-17,1.0176,1.0247,1.0061,1.0077,5954,50,0,-0.01070096210484972,-1
1999-12-20,1.0084,1.0145,1.0041,1.0138,6944,50,0,0.00605338890542817,1
1999-12-21,1.0136,1.0154,1.0073,1.0086,7203,50,0,-0.005129216808049009,-1
1999-12-22,1.0085,1.0111,1.0055,1.0092,6955,50,0,0.0005948839976206433,1
1999-12-23,1.0093,1.0178,1.007,1.0163,5459,50,0,0.007035275465715252,1
1999-12-24,1.0161,1.0172,1.0114,1.0131000000000001,4193,50,0,-0.0031486765718782284,-1
1999-12-27,1.0127,1.016,1.0113,1.0132,5173,50,0,9.870693909785899e-05,1
1999-12-28,1.0131000000000001,1.0142,1.0033,1.0067,5977,50,0,-0.006415317804974507,-1
1999-12-29,1.0068,1.0106,1.0035,1.0041,5482,50,0,-0.0025826959372206026,-1
1999-12-30,1.0042,1.0092,1.0017,1.0085,5781,50,0,0.004382033661985751,1
1999-12-31,1.0086,1.0106,1.0047,1.0062,2139,50,0,-0.002280614774417433,-1
2000-01-03,1.0073,1.0278,1.0054,1.0246,6642,50,0,0.0182866229377856,1
2000-01-04,1.0243,1.034,1.0213,1.0292,7339,50,0,0.004489556900253655,1
2000-01-05,1.0293,1.0402,1.0284,1.0326,6570,50,0,0.003303536727555345,1
2000-01-06,1.0325,1.0415,1.0272,1.033,7223,50,0,0.0003873716831299667,1
2000-01-07,1.0329,1.0332,1.026,1.0298,5689,50,0,-0.0030977734753144803,-1
2000-01-10,1.0286,1.0305,1.0211,1.0251,6197,50,0,-0.004563993008351308,-1
2000-01-11,1.0253,1.0341,1.0246,1.0336,6637,50,0,0.008291873963515828,1
2000-01-12,1.0337,1.037,1.0261,1.0308,6877,50,0,-0.002708978328173517,-1
2000-01-13,1.0309,1.0316,1.0237,1.026,6176,50,0,-0.004656577415599439,-1
2000-01-14,1.0261,1.0275,1.0114,1.0122,6176,50,0,-0.013450292397660824,-1
2000-01-17,1.0129,1.0148,1.0069,1.0119,5681,50,0,-0.00029638411381149865,-1
2000-01-18,1.0118,1.0154,1.0072,1.0152,6737,50,0,0.003261191817373277,1
2000-01-19,1.0152,1.0165,1.0085,1.0125,6369,50,0,-0.0026595744680852906,-1
2000-01-20,1.0126,1.0188,1.0073,1.0167,6803,50,0,0.004148148148148234,1
2000-01-21,1.0168,1.0193,1.005,1.0087,7670,50,0,-0.007868594472312362,-1
2000-01-24,1.0028,1.0077,0.9997,1.0071,6395,50,0,-0.00158620005948229,-1
2000-01-25,1.007,1.0096,0.9992,1.0012,5959,50,0,-0.005858405322212268,-1
2000-01-26,1.0012,1.0055,0.9995,1.0003,7146,50,0,-0.0008989212944467972,-1
2000-01-27,1.0007,1.003,0.9868,0.9882,7281,50,0,-0.012096371088673452,-1
2000-01-28,0.9883,0.9895,0.9736,0.9749,6886,50,0,-0.013458814005262054,-1
2000-01-31,0.9773,0.9829,0.9667,0.9711,6321,50,0,-0.0038978356754538757,-1
2000-02-01,0.9711,0.9782,0.9667,0.9713,6788,50,0,0.00020595201318096557,1
2000-02-02,0.9713,0.9808,0.9694,0.9765,6744,50,0,0.005353649747760647,1
2000-02-03,0.9767,0.9947,0.971,0.9898,7679,50,0,0.013620071684587787,1
2000-02-04,0.99,0.994,0.9747,0.984,7380,50,0,-0.005859769650434443,-1
2000-02-07,0.9832,0.9832,0.9754,0.9809,5721,50,0,-0.003150406504065062,-1
2000-02-08,0.981,0.9914,0.9786,0.9859,6799,50,0,0.005097359567743931,1
2000-02-09,0.986,0.9971,0.9856,0.9934,7469,50,0,0.0076072623998375555,1
2000-02-10,0.9934,0.9962,0.9831,0.9852,7079,50,0,-0.008254479565129813,-1
2000-02-11,0.9853,0.9886,0.9786,0.9884,6296,50,0,0.0032480714575719993,1
2000-02-14,0.9877,0.9916,0.9776,0.9785,6245,50,0,-0.010016187778227326,-1
2000-02-15,0.9781,0.9862,0.9763,0.9813,6522,50,0,0.0028615227388859577,1
2000-02-16,0.9815,0.9878,0.979,0.9863,5691,50,0,0.005095281769081916,1
2000-02-17,0.9862,0.9958,0.9837,0.988,6316,50,0,0.0017236135050187062,1
2000-02-18,0.9881,0.9902,0.9809,0.9845,5990,50,0,-0.003542510121457454,-1
2000-02-21,0.9854,0.9889,0.9843,0.9878,5385,50,0,0.003351955307262511,1
2000-02-22,0.9878,1.0081,0.9874,1.0039,6381,50,0,0.01629884592022668,1
2000-02-23,1.0038,1.0089,1.0011,1.0036,5805,50,0,-0.00029883454527335207,-1
2000-02-24,1.0035,1.0042,0.9888,0.9911,6432,50,0,-0.012455161418892025,-1
2000-02-25,0.9914,0.993,0.9722,0.9746,6567,50,0,-0.01664816870144281,-1
2000-02-28,0.9728,0.9733,0.9401,0.9708,7657,50,0,-0.003899035501744308,-1
2000-02-29,0.9707,0.9872,0.9622,0.9635,7618,50,0,-0.0075195714874329855,-1
2000-03-01,0.9635,0.9767,0.9626,0.9727,7147,50,0,0.009548521017125111,1
2000-03-02,0.9728,0.9793,0.9615,0.9633,7838,50,0,-0.009663822350159279,-1
2000-03-03,0.963,0.9678,0.9577,0.9607,7137,50,0,-0.0026990553306343035,-1
2000-03-06,0.9567,0.9672,0.9559,0.9579,6543,50,0,-0.0029145414801707847,-1
2000-03-07,0.9579,0.9624,0.9525,0.9585,7253,50,0,0.0006263701847792902,1
2000-03-08,0.9583,0.9631,0.9521,0.9615,7248,50,0,0.003129890453834161,1
2000-03-09,0.9614,0.9698,0.9595,0.9673,7221,50,0,0.00603224128965163,1
2000-03-10,0.9673,0.969,0.9599,0.9639,6822,50,0,-0.0035149384885765356,-1
2000-03-13,0.9627,0.973,0.9616,0.9645,6818,50,0,0.0006224712107065766,1
2000-03-14,0.9646,0.9692,0.959,0.9685,6763,50,0,0.004147226542249971,1
2000-03-15,0.9684,0.9714,0.964,0.9653,6754,50,0,-0.0033040784718636473,-1
2000-03-16,0.9651,0.974,0.9646,0.9704,6669,50,0,0.005283331606754427,1
2000-03-17,0.9702,0.9732,0.9657,0.9729,6354,50,0,0.0025762572135201722,1
2000-03-20,0.9725,0.9746,0.9684,0.9727,6103,50,0,-0.0002055709733785882,-1
2000-03-21,0.9729,0.974,0.9603,0.9609,6759,50,0,-0.012131181248072442,-1
2000-03-22,0.9607,0.9632,0.9573,0.9605,6754,50,0,-0.00041627640753461037,-1
2000-03-23,0.9602,0.973,0.9601,0.9715,6294,50,0,0.01145236855804277,1
2000-03-24,0.9714,0.9785,0.9672,0.9785,7121,50,0,0.0072053525476067914,1
2000-03-27,0.9774,0.979,0.9632,0.9673,6814,50,0,-0.011446090955544164,-1
2000-03-28,0.9673,0.9702,0.96,0.9604,7337,50,0,-0.007133257520934633,-1
2000-03-29,0.9605,0.961,0.9478,0.9514,7334,50,0,-0.009371095376926264,-1
2000-03-30,0.9514,0.9624,0.951,0.9612,6829,50,0,0.01030060962791679,1
2000-03-31,0.9613,0.9632,0.9528,0.9552,6829,50,0,-0.006242197253433224,-1
2000-04-03,0.9562,0.9606,0.9502,0.9538,6260,50,0,-0.0014656616415411605,-1
2000-04-04,0.9539,0.9749,0.9515,0.9618,6557,50,0,0.008387502621094667,1
2000-04-05,0.9617,0.9712,0.9594,0.9607,7361,50,0,-0.0011436889166146491,-1
2000-04-06,0.9607,0.9642,0.9565,0.9582,6469,50,0,-0.0026022691787237484,-1
2000-04-07,0.9581,0.9609,0.9537,0.9545,6598,50,0,-0.0038614068044250383,-1
2000-04-10,0.9548,0.963,0.9534,0.9624,6251,50,0,0.008276584599266723,1
2000-04-11,0.9625,0.9649,0.9562,0.9587,7217,50,0,-0.003844555278470496,-1
2000-04-12,0.9588,0.9607,0.9521,0.959,7611,50,0,0.0003129237509127414,1
2000-04-13,0.9589,0.9602,0.9513,0.953,7303,50,0,-0.006256517205422307,-1
2000-04-14,0.9528,0.9632,0.951,0.9628,7040,50,0,0.01028331584470088,1
2000-04-17,0.9648,0.9679,0.9516,0.9522,7095,50,0,-0.011009555463232235,-1
2000-04-18,0.952,0.9527,0.944,0.945,7902,50,0,-0.007561436672967936,-1
2000-04-19,0.9449,0.9491,0.9355,0.9404,6371,50,0,-0.004867724867724799,-1
2000-04-20,0.94,0.9425,0.9353,0.938,6354,50,0,-0.00255210548702689,-1
2000-04-21,0.9379,0.94,0.9362,0.9383,3446,50,0,0.0003198294243071942,1
2000-04-24,0.9382,0.9451,0.9367,0.9387,3627,50,0,0.0004263028882021125,1
2000-04-25,0.9389,0.9397,0.9163,0.9208,6525,50,0,-0.019068925109193557,-1
2000-04-26,0.921,0.9249,0.9175,0.9234,6876,50,0,0.002823631624674139,1
2000-04-27,0.9236,0.9249,0.9059,0.9106,7267,50,0,-0.013861815031405711,-1
2000-04-28,0.9106,0.9137,0.903,0.9117,6859,50,0,0.0012079947287502169,1
2000-05-01,0.912,0.9174,0.9071,0.9157,4263,50,0,0.004387408138642135,1
2000-05-02,0.9158,0.9175,0.9037,0.9099,6341,50,0,-0.006333952167740464,-1
2000-05-03,0.9097,0.9107,0.8887,0.8953,7111,50,0,-0.016045719309814355,-1
2000-05-04,0.8954,0.8973,0.8847,0.8911,7164,50,0,-0.004691164972634887,-1
2000-05-05,0.8908,0.9011,0.8903,0.8969,6683,50,0,0.00650880933677489,1
2000-05-08,0.8965,0.9045,0.8914,0.8968,7172,50,0,-0.00011149514996100507,-1
2000-05-09,0.8969,0.9093,0.8945,0.9085,6323,50,0,0.013046387154326489,1
2000-05-10,0.9083,0.9132,0.9034,0.9036,7009,50,0,-0.005393505778756191,-1
2000-05-11,0.9035,0.911,0.8988,0.9015,6997,50,0,-0.0023240371845949515,-1
2000-05-12,0.9018,0.9201,0.8979,0.9185,6754,50,0,0.01885745978924014,1
2000-05-15,0.9179,0.919,0.9066,0.9078,5379,50,0,-0.011649428415895446,-1
2000-05-16,0.9067,0.9108,0.8996,0.9004,6274,50,0,-0.008151575236836406,-1
2000-05-17,0.9004,0.903,0.8891,0.8947,6311,50,0,-0.0063305197689914605,-1
2000-05-18,0.8949,0.8971,0.8905,0.8943,6486,50,0,-0.00044707723259196364,-1
2000-05-19,0.8946,0.8998,0.8844,0.897,6694,50,0,0.0030191211003018914,1
2000-05-22,0.8974,0.9073,0.8952,0.9025,6347,50,0,0.006131549609810438,1
2000-05-23,0.9025,0.9156,0.9018,0.907,7284,50,0,0.00498614958448762,1
2000-05-24,0.9069,0.913,0.9025,0.9029,6698,50,0,-0.004520396912899627,-1
2000-05-25,0.9027,0.9134,0.8978,0.9125,6498,50,0,0.010632406689555784,1
2000-05-26,0.9127,0.9336,0.9112,0.9315,6563,50,0,0.02082191780821918,1
2000-05-29,0.9328,0.9335,0.9238,0.9269,5523,50,0,-0.004938271604938316,-1
2000-05-30,0.9269,0.9412,0.9242,0.9293,6898,50,0,0.0025892760815622307,1
2000-05-31,0.9292,0.9382,0.9266,0.937,6514,50,0,0.008285806521037387,1
2000-06-01,0.937,0.9379,0.9284,0.9316,5344,50,0,-0.005763073639274308,-1
2000-06-02,0.9318,0.9498,0.9297,0.9458,6409,50,0,0.01524259338772005,1
2000-06-05,0.9457,0.9493,0.9411,0.947,6098,50,0,0.0012687671812221524,1
2000-06-06,0.9469,0.9599,0.9449,0.9543,6177,50,0,0.007708553326293721,1
2000-06-07,0.9541,0.9627,0.953,0.9608,6668,50,0,0.006811275280310225,1
2000-06-08,0.9609,0.97,0.9508,0.9546,7102,50,0,-0.00645295587010819,-1
2000-06-09,0.9545,0.957,0.9457,0.9533,6641,50,0,-0.0013618269432222885,-1
2000-06-12,0.9537,0.9564,0.949,0.9537,5515,50,0,0.0004195950907373014,1
2000-06-13,0.9538,0.9627,0.952,0.9583,5842,50,0,0.004823319702212503,1
2000-06-14,0.9583,0.9654,0.9569,0.9572,6189,50,0,-0.0011478660127308693,-1
2000-06-15,0.9572,0.9604,0.95,0.954,6279,50,0,-0.0033430839949855073,-1
2000-06-16,0.9542,0.966,0.9496,0.9643,6156,50,0,0.010796645702306096,1
2000-06-19,0.9637,0.9693,0.9562,0.9567,6244,50,0,-0.007881364720522699,-1
2000-06-20,0.9566,0.9616,0.9529,0.954,6339,50,0,-0.002822201317027373,-1
2000-06-21,0.9542,0.9547,0.943,0.945,6267,50,0,-0.009433962264150941,-1
2000-06-22,0.9449,0.9475,0.9348,0.9359,6423,50,0,-0.009629629629629655,-1
2000-06-23,0.9358,0.9431,0.9338,0.9362,6022,50,0,0.0003205470669944699,1
2000-06-26,0.9362,0.9397,0.9296,0.9369,6131,50,0,0.00074770348216191,1
2000-06-27,0.9369,0.9471,0.9352,0.946,6078,50,0,0.009712882911730114,1
2000-06-28,0.946,0.9468,0.9398,0.9419,6037,50,0,-0.004334038054968237,-1
2000-06-29,0.9417,0.9537,0.9413,0.9512,6132,50,0,0.009873659624163977,1
2000-06-30,0.9509,0.9603,0.9504,0.9523,6581,50,0,0.0011564339781329203,1
2000-07-03,0.9524,0.9547,0.9481,0.9504,5829,50,0,-0.0019951695894151467,-1
2000-07-04,0.9505,0.9525,0.9463,0.9508,5681,50,0,0.00042087542087543284,1
2000-07-05,0.9509,0.9573,0.9508,0.9529,6204,50,0,0.002208666386201097,1
2000-07-06,0.9528,0.9599,0.9498,0.9507,6234,50,0,-0.0023087417357540163,-1
2000-07-07,0.9506,0.9528,0.9458,0.9479,6584,50,0,-0.0029451982749553185,-1
2000-07-10,0.9485,0.9556,0.9477,0.9549,5904,50,0,0.007384745226289624,1
2000-07-11,0.9549,0.9566,0.949,0.952,5826,50,0,-0.003036967221698661,-1
2000-07-12,0.952,0.953,0.9391,0.9415,6027,50,0,-0.011029411764705843,-1
2000-07-13,0.9416,0.9431,0.9327,0.9368,6702,50,0,-0.004992033988316602,-1
2000-07-14,0.9371,0.9398,0.9317,0.9383,6427,50,0,0.0016011955593511207,1
2000-07-17,0.9384,0.9401,0.9338,0.9365,6060,50,0,-0.0019183629969092841,-1
2000-07-18,0.9364,0.9367,0.9228,0.9252,6094,50,0,-0.012066203950880872,-1
2000-07-19,0.925,0.9263,0.9192,0.9246,6183,50,0,-0.0006485084306095956,-1
2000-07-20,0.9244,0.9345,0.9201,0.9335,6352,50,0,0.009625784122863967,1
2000-07-21,0.9334,0.9382,0.9312,0.9362,6375,50,0,0.0028923406534546725,1
2000-07-24,0.9364,0.9378,0.9309,0.9337,5650,50,0,-0.0026703695791497895,-1
2000-07-25,0.9337,0.9431,0.9317,0.9381,5541,50,0,0.004712434400771182,1
2000-07-26,0.9381,0.945,0.9378,0.9435,6169,50,0,0.005756315957786917,1
2000-07-27,0.9436,0.9444,0.9315,0.9318,6498,50,0,-0.012400635930047699,-1
2000-07-28,0.9318,0.9336,0.9221,0.9225,5686,50,0,-0.009980682549903364,-1
2000-07-31,0.9238,0.9294,0.9219,0.9266,5336,50,0,0.004444444444444473,1
2000-08-01,0.9267,0.9293,0.913,0.9144,5762,50,0,-0.01316641484998915,-1
2000-08-02,0.9147,0.9192,0.9113,0.9134,6135,50,0,-0.0010936132983376812,-1
2000-08-03,0.9138,0.9176,0.8998,0.9068,5971,50,0,-0.007225749945259374,-1
2000-08-04,0.9066,0.9101,0.9011,0.9081,6078,50,0,0.0014336127040139868,1
2000-08-07,0.9073,0.9112,0.9052,0.9077,5917,50,0,-0.0004404801233345301,-1
2000-08-08,0.9075,0.909,0.8984,0.9026,6206,50,0,-0.005618596452572455,-1
2000-08-09,0.9026,0.9034,0.8963,0.9009,5947,50,0,-0.0018834478174162284,-1
2000-08-10,0.901,0.9098,0.9003,0.9078,6121,50,0,0.007659007659007733,1
2000-08-11,0.9079,0.914,0.9024,0.9036,4282,50,0,-0.004626569729015317,-1
2000-08-14,0.9039,0.9071,0.9,0.9058,5645,50,0,0.00243470562195669,1
2000-08-15,0.9058,0.9141,0.9055,0.9127,5946,50,0,0.007617575623757977,1
2000-08-16,0.9127,0.9178,0.9062,0.9159,6315,50,0,0.0035060808589899572,1
2000-08-17,0.9162,0.9175,0.9115,0.9165,5871,50,0,0.0006550933508024936,1
2000-08-18,0.9163,0.9184,0.9057,0.9068,5972,50,0,-0.010583742498636028,-1
2000-08-21,0.907,0.9079,0.9008,0.9022,5341,50,0,-0.0050727834142038075,-1
2000-08-22,0.9023,0.9038,0.8945,0.8972,5805,50,0,-0.005542008423852773,-1
2000-08-23,0.8971,0.9027,0.8909,0.9024,6675,50,0,0.005795809184128364,1
2000-08-24,0.9026,0.9052,0.8992,0.9021,6013,50,0,-0.0003324468085106336,-1
2000-08-25,0.9018,0.9073,0.8974,0.9022,6371,50,0,0.00011085245538189348,1
2000-08-28,0.9024,0.9045,0.8986,0.9,4758,50,0,-0.0024384837064952425,-1
2000-08-29,0.9002,0.9023,0.8913,0.8925,5758,50,0,-0.008333333333333415,-1
2000-08-30,0.8926,0.8957,0.8867,0.8951,5829,50,0,0.002913165266106521,1
2000-08-31,0.8952,0.8971,0.8841,0.8886,5689,50,0,-0.007261758462741685,-1
2000-09-01,0.8886,0.9017,0.8875,0.9003,5912,50,0,0.013166779203241052,1
2000-09-04,0.9002,0.904,0.8964,0.8976,5367,50,0,-0.0029990003332223125,-1
2000-09-05,0.8977,0.8992,0.8849,0.8898,6151,50,0,-0.008689839572192382,-1
2000-09-06,0.8897,0.89,0.8685,0.8714,6922,50,0,-0.020678804225668812,-1
2000-09-07,0.8715,0.8763,0.8635,0.8723,7644,50,0,0.001032820748221308,1
2000-09-08,0.8723,0.8748,0.864,0.8665,6979,50,0,-0.006649088616301646,-1
2000-09-11,0.8641,0.8725,0.8565,0.8586,7712,50,0,-0.009117137911136775,-1
2000-09-12,0.8584,0.869,0.8543,0.8635,7728,50,0,0.005706964826461602,1
2000-09-13,0.8636,0.8705,0.8579,0.8602,7067,50,0,-0.003821656050955524,-1
2000-09-14,0.8599,0.8719,0.8561,0.8644,7714,50,0,0.004882585445245224,1
2000-09-15,0.8644,0.8699,0.8522,0.8522,6423,50,0,-0.014113836186950501,-1
2000-09-18,0.8521,0.8575,0.8512,0.8546,6628,50,0,0.002816240319174046,1
2000-09-19,0.8547,0.8565,0.8476,0.8514,6611,50,0,-0.0037444418441375804,-1
2000-09-20,0.8515,0.8525,0.8439,0.8491,6908,50,0,-0.002701432933991166,-1
2000-09-21,0.849,0.8619,0.8459,0.8607,6762,50,0,0.013661523966552958,1
2000-09-22,0.8608,0.9008,0.8573,0.8765,8236,50,0,0.018357151156035645,1
2000-09-25,0.8797,0.8829,0.8712,0.8744,7269,50,0,-0.0023958927552766296,-1
2000-09-26,0.8745,0.8839,0.8727,0.8832,6552,50,0,0.010064043915827936,1
2000-09-27,0.883,0.8886,0.8783,0.8834,6427,50,0,0.00022644927536230597,1
2000-09-28,0.8835,0.8865,0.8771,0.8791,6574,50,0,-0.004867557165496916,-1
2000-09-29,0.8794,0.8849,0.8748,0.8842,6347,50,0,0.00580138778295991,1
2000-10-02,0.8841,0.8858,0.8761,0.8776,5816,50,0,-0.007464374575887778,-1
2000-10-03,0.8774,0.879,0.8728,0.876,5875,50,0,-0.001823154056517784,-1
2000-10-04,0.8754,0.878,0.8717,0.8744,5159,50,0,-0.0018264840182649067,-1
2000-10-05,0.8744,0.8789,0.8678,0.8693,5960,50,0,-0.005832570905763945,-1
2000-10-06,0.8695,0.8742,0.8665,0.8682,5875,50,0,-0.001265385942712527,-1
2000-10-09,0.8685,0.8712,0.8666,0.8684,4614,50,0,0.00023036166781853495,1
2000-10-10,0.8684,0.8746,0.8659,0.8715,6098,50,0,0.003569783509903335,1
2000-10-11,0.8715,0.8768,0.864,0.8649,6446,50,0,-0.0075731497418245475,-1
2000-10-12,0.865,0.8682,0.8612,0.8626,6364,50,0,-0.002659266967279472,-1
2000-10-13,0.8627,0.866,0.8528,0.8564,6466,50,0,-0.007187572455367497,-1
2000-10-16,0.8557,0.8561,0.8459,0.8503,6547,50,0,-0.007122839794488689,-1
2000-10-17,0.8505,0.8565,0.8475,0.8542,6560,50,0,0.0045866164882981675,1
2000-10-18,0.8545,0.8573,0.8326,0.8387,6997,50,0,-0.018145633341137835,-1
2000-10-19,0.839,0.8446,0.8383,0.8427,7275,50,0,0.0047692857994514615,1
2000-10-20,0.8426,0.8483,0.8351,0.842,6876,50,0,-0.0008306633440133826,-1
2000-10-23,0.8415,0.8424,0.8346,0.8357,6467,50,0,-0.0074821852731591365,-1
2000-10-24,0.8358,0.8399,0.8344,0.8359,6912,50,0,0.00023932033026197175,1
2000-10-25,0.8359,0.8387,0.8247,0.8267,7458,50,0,-0.011006101208278496,-1
2000-10-26,0.8272,0.8326,0.8227,0.8308,7263,50,0,0.004959477440425797,1
2000-10-27,0.8309,0.8443,0.8285,0.8387,7757,50,0,0.009508907077515616,1
2000-10-30,0.8411,0.853,0.8389,0.8404,9096,50,0,0.0020269464647668656,1
2000-10-31,0.8406,0.85,0.8383,0.8484,7812,50,0,0.009519276534983412,1
2000-11-01,0.8488,0.862,0.847,0.8606,6951,50,0,0.01438000942951434,1
2000-11-02,0.8608,0.8667,0.8554,0.8581,7524,50,0,-0.002904950034859466,-1
2000-11-03,0.858,0.8796,0.8576,0.8674,8484,50,0,0.010837897680922914,1
2000-11-06,0.8662,0.8732,0.8557,0.8634,7920,50,0,-0.0046114825916532265,-1
2000-11-07,0.8632,0.8666,0.8576,0.8606,7721,50,0,-0.0032429928190872426,-1
2000-11-08,0.8607,0.8693,0.8516,0.8549,8572,50,0,-0.0066232860794794846,-1
2000-11-09,0.8551,0.8676,0.8517,0.8666,7717,50,0,0.013685811205988996,1
2000-11-10,0.8664,0.8706,0.8589,0.8606,8298,50,0,-0.006923609508423745,-1
2000-11-13,0.8621,0.8665,0.8556,0.8575,7186,50,0,-0.0036021380432256223,-1
2000-11-14,0.8574,0.8618,0.8549,0.8573,7057,50,0,-0.00023323615160364408,-1
2000-11-15,0.8576,0.8631,0.8553,0.8572,7349,50,0,-0.00011664528169830213,-1
2000-11-16,0.8575,0.8599,0.851,0.8535,6626,50,0,-0.004316378908072682,-1
2000-11-17,0.8536,0.8578,0.8472,0.8478,7227,50,0,-0.006678383128295273,-1
2000-11-20,0.8488,0.8523,0.8463,0.8506,6839,50,0,0.0033026657230479373,1
2000-11-21,0.8506,0.8536,0.8416,0.8439,7043,50,0,-0.007876792852104408,-1
2000-11-22,0.8437,0.8486,0.8411,0.8451,7198,50,0,0.0014219694276573769,1
2000-11-23,0.8448,0.846,0.8372,0.8395,6441,50,0,-0.0066264347414506375,-1
2000-11-24,0.8396,0.8459,0.8374,0.8381,7195,50,0,-0.0016676593210245283,-1
2000-11-27,0.8394,0.8542,0.8387,0.853,6743,50,0,0.017778308077795124,1
2000-11-28,0.8524,0.8582,0.8502,0.8559,6982,50,0,0.0033997655334114807,1
2000-11-29,0.8561,0.8661,0.8555,0.8583,7275,50,0,0.002804065895548602,1
2000-11-30,0.8583,0.8738,0.8567,0.8724,8194,50,0,0.016427822439706308,1
2000-12-01,0.8727,0.8798,0.8701,0.8792,7850,50,0,0.007794589637780902,1
2000-12-04,0.8787,0.8932,0.8754,0.8845,8733,50,0,0.006028207461328483,1
2000-12-05,0.8844,0.8908,0.8783,0.8799,7585,50,0,-0.0052006783493498965,-1
2000-12-06,0.8799,0.8927,0.877,0.8915,8007,50,0,0.013183316285941604,1
2000-12-07,0.8914,0.8976,0.8852,0.8889,8521,50,0,-0.002916432978126715,-1
2000-12-08,0.8888,0.8916,0.8809,0.8878,8243,50,0,-0.0012374845314433447,-1
2000-12-11,0.8813,0.8864,0.8749,0.8784,6951,50,0,-0.010587970263572943,-1
2000-12-12,0.8784,0.884,0.8752,0.88,7667,50,0,0.0018214936247724633,1
2000-12-13,0.8802,0.8828,0.8715,0.8773,8646,50,0,-0.0030681818181818032,-1
2000-12-14,0.8775,0.8933,0.8752,0.8927,8430,50,0,0.017553858429271818,1
2000-12-15,0.8927,0.9002,0.8902,0.8957,8791,50,0,0.0033605914640977286,1
2000-12-18,0.8946,0.9017,0.8921,0.8959,8247,50,0,0.0002232890476721039,1
2000-12-19,0.8958,0.8969,0.8879,0.8956,8330,50,0,-0.0003348588012055398,-1
2000-12-20,0.8952,0.91,0.8947,0.9094,8345,50,0,0.015408664582402976,1
2000-12-21,0.9094,0.9171,0.9059,0.9165,8706,50,0,0.0078073455025291505,1
2000-12-22,0.9164,0.9262,0.9143,0.9232,8181,50,0,0.007310420076377611,1
2000-12-25,0.923,0.928,0.9197,0.926,2356,50,0,0.003032928942807711,1
2000-12-26,0.9255,0.9327,0.9234,0.9306,6139,50,0,0.00496760259179263,1
2000-12-27,0.9308,0.934,0.9273,0.9313,8440,50,0,0.0007522028798625513,1
2000-12-28,0.9314,0.932,0.9247,0.9298,7338,50,0,-0.0016106517770858586,-1
2000-12-29,0.9299,0.943,0.928,0.9424,7297,50,0,0.013551301355130274,1
2001-01-01,0.9421,0.9429,0.939,0.9412,247,50,0,-0.0012733446519523905,-1
2001-01-02,0.941,0.9519,0.9367,0.9507,7985,50,0,0.010093497662558404,1
2001-01-03,0.9508,0.9573,0.9262,0.9276,8465,50,0,-0.02429788576838121,-1
2001-01-04,0.9276,0.952,0.9269,0.951,9556,50,0,0.025226390685640254,1
2001-01-05,0.951,0.9596,0.9463,0.9575,9625,50,0,0.006834910620399537,1
2001-01-08,0.9584,0.9592,0.9462,0.9474,8211,50,0,-0.010548302872062654,-1
2001-01-09,0.9476,0.948,0.9383,0.9443,8239,50,0,-0.003272113151783773,-1
2001-01-10,0.9443,0.9467,0.9362,0.9371,8253,50,0,-0.0076246955416711115,-1
2001-01-11,0.9373,0.9553,0.9366,0.9525,7942,50,0,0.016433678369437654,1
2001-01-12,0.9525,0.958,0.9468,0.9519,8363,50,0,-0.0006299212598425141,-1
2001-01-15,0.9524,0.9527,0.9409,0.9432,7500,50,0,-0.009139615505830423,-1
2001-01-16,0.9434,0.9443,0.9372,0.9423,7880,50,0,-0.000954198473282486,-1
2001-01-17,0.9424,0.9448,0.9288,0.9363,7939,50,0,-0.006367398917542233,-1
2001-01-18,0.9359,0.9464,0.9352,0.9426,8367,50,0,0.006728612624158803,1
2001-01-19,0.9427,0.9504,0.9332,0.9342,8008,50,0,-0.008911521323997418,-1
2001-01-22,0.9347,0.9405,0.9268,0.9385,8033,50,0,0.004602868764718382,1
2001-01-23,0.9388,0.9452,0.9343,0.9347,8180,50,0,-0.004049014384656435,-1
2001-01-24,0.9347,0.9373,0.9209,0.9241,7839,50,0,-0.011340537070717804,-1
2001-01-25,0.9241,0.9252,0.9115,0.9247,8558,50,0,0.0006492803809110548,1
2001-01-26,0.9248,0.9317,0.9198,0.9246,7480,50,0,-0.00010814318157237324,-1
2001-01-29,0.9239,0.9262,0.9161,0.9172,7446,50,0,-0.008003460956089059,-1
2001-01-30,0.9173,0.9282,0.9143,0.9263,7622,50,0,0.009921500218055046,1
2001-01-31,0.9264,0.9379,0.9252,0.9377,7819,50,0,0.01230702796070382,1
2001-02-01,0.9376,0.9445,0.9365,0.9371,8397,50,0,-0.0006398634957874849,-1
2001-02-02,0.9369,0.942,0.9317,0.9362,7491,50,0,-0.0009604097748372453,-1
2001-02-05,0.9353,0.9441,0.9353,0.9381,7937,50,0,0.0020294808801537556,1
2001-02-06,0.9381,0.9387,0.9281,0.9313,7543,50,0,-0.007248694169065151,-1
2001-02-07,0.9314,0.935,0.9258,0.9289,8062,50,0,-0.0025770428433373738,-1
2001-02-08,0.9287,0.9301,0.915,0.9181,8298,50,0,-0.011626655183550327,-1
2001-02-09,0.9182,0.9275,0.9132,0.9243,7978,50,0,0.006753077006862007,1
2001-02-12,0.9255,0.933,0.9247,0.9323,7017,50,0,0.008655198528616292,1
2001-02-13,0.9325,0.9331,0.9171,0.9206,7495,50,0,-0.012549608495119657,-1
2001-02-14,0.9208,0.922,0.9165,0.9181,8038,50,0,-0.002715620247664474,-1
2001-02-15,0.9182,0.9196,0.9026,0.9056,6549,50,0,-0.013615074610608957,-1
2001-02-16,0.9056,0.9178,0.9048,0.9148,8025,50,0,0.010159010600706786,1
2001-02-19,0.9131,0.9236,0.9121,0.9213,7431,50,0,0.007105378224748549,1
2001-02-20,0.9213,0.9241,0.9049,0.9107,7689,50,0,-0.011505481384999516,-1
2001-02-21,0.9106,0.9184,0.9057,0.9098,8456,50,0,-0.0009882507960907727,-1
2001-02-22,0.9097,0.9131,0.9014,0.9036,8634,50,0,-0.006814684546054162,-1
2001-02-23,0.9033,0.9208,0.9027,0.9193,8076,50,0,0.017374944665781378,1
2001-02-26,0.9174,0.9187,0.9077,0.9106,8217,50,0,-0.009463722397476393,-1
2001-02-27,0.91,0.9211,0.9082,0.9185,7800,50,0,0.008675598506479254,1
2001-02-28,0.9186,0.9259,0.916,0.9235,8356,50,0,0.005443658138268859,1
2001-03-01,0.9234,0.9322,0.9224,0.9308,8122,50,0,0.007904710341093635,1
2001-03-02,0.9309,0.9382,0.9287,0.9363,7929,50,0,0.0059088955737001125,1
2001-03-05,0.9364,0.9367,0.9266,0.9267,7426,50,0,-0.010253123998718361,-1
2001-03-06,0.9267,0.9349,0.9252,0.9339,6781,50,0,0.0077695046940757795,1
2001-03-07,0.9341,0.9373,0.9264,0.9294,7975,50,0,-0.004818503051718492,-1
2001-03-08,0.9294,0.9341,0.9272,0.9323,7669,50,0,0.003120292661932478,1
2001-03-09,0.9322,0.9375,0.9294,0.9331,7446,50,0,0.0008580928885553174,1
2001-03-12,0.9321,0.9344,0.9257,0.9296,9699,50,0,-0.0037509377344336903,-1
2001-03-13,0.9292,0.9304,0.9126,0.914,8645,50,0,-0.016781411359724552,-1
2001-03-14,0.9139,0.9214,0.9079,0.9107,9532,50,0,-0.0036105032822757455,-1
2001-03-15,0.911,0.9132,0.8952,0.8986,10543,50,0,-0.013286482925222387,-1
2001-03-16,0.8991,0.9005,0.8915,0.897,9776,50,0,-0.0017805475183618746,-1
2001-03-19,0.897,0.9021,0.8932,0.8992,9348,50,0,0.0024526198439240865,1
2001-03-20,0.8991,0.9127,0.8987,0.9115,8454,50,0,0.013678825622775781,1
2001-03-21,0.9116,0.9126,0.893,0.8957,9269,50,0,-0.017334064728469434,-1
2001-03-22,0.8958,0.8968,0.8834,0.8876,8249,50,0,-0.009043206430724648,-1
2001-03-23,0.8876,0.8969,0.8853,0.889,7714,50,0,0.001577287066246047,1
2001-03-26,0.8897,0.8975,0.8884,0.8971,8777,50,0,0.009111361079864988,1
2001-03-27,0.8969,0.8993,0.8897,0.8932,8180,50,0,-0.004347341433508012,-1
2001-03-28,0.8932,0.895,0.8845,0.8869,8326,50,0,-0.007053291536050166,-1
2001-03-29,0.8868,0.8887,0.8797,0.8824,8785,50,0,-0.0050738527455181925,-1
2001-03-30,0.8824,0.8873,0.8749,0.8755,9444,50,0,-0.007819582955575721,-1
2001-04-02,0.8743,0.8837,0.8732,0.8795,8573,50,0,0.004568817818389581,1
2001-04-03,0.8796,0.8991,0.8796,0.8975,8531,50,0,0.02046617396247874,1
2001-04-04,0.8975,0.9052,0.8934,0.9016,9026,50,0,0.004568245125348147,1
2001-04-05,0.9014,0.9093,0.8941,0.8971,9310,50,0,-0.004991126885536712,-1
2001-04-06,0.8969,0.9051,0.8923,0.904,9217,50,0,0.007691450228514141,1
2001-04-09,0.9042,0.905,0.896,0.8966,8770,50,0,-0.008185840707964687,-1
2001-04-10,0.8967,0.8994,0.8865,0.889,9078,50,0,-0.008476466651795578,-1
2001-04-11,0.889,0.8917,0.8809,0.8881,9026,50,0,-0.0010123734533183937,-1
2001-04-12,0.8882,0.8945,0.8836,0.8928,8794,50,0,0.005292196824681961,1
2001-04-13,0.8922,0.8937,0.8879,0.8882,5368,50,0,-0.005152329749103957,-1
2001-04-16,0.8886,0.8904,0.8828,0.8888,6280,50,0,0.0006755235307362994,1
2001-04-17,0.8889,0.8912,0.8775,0.8836,8615,50,0,-0.005850585058505886,-1
2001-04-18,0.8835,0.8899,0.8706,0.8841,9457,50,0,0.0005658669081032297,1
2001-04-19,0.8841,0.8988,0.8807,0.8977,9518,50,0,0.01538287524035753,1
2001-04-20,0.8978,0.9048,0.8952,0.9029,8869,50,0,0.005792581040436673,1
2001-04-23,0.9015,0.9083,0.8946,0.8971,9014,50,0,-0.006423745708273421,-1
2001-04-24,0.8973,0.9021,0.893,0.8945,8769,50,0,-0.0028982276223387116,-1
2001-04-25,0.8944,0.9004,0.8908,0.8979,8538,50,0,0.003801006148686392,1
2001-04-26,0.8975,0.9045,0.8946,0.9033,8753,50,0,0.00601403274306711,1
2001-04-27,0.9032,0.9055,0.8887,0.8922,8766,50,0,-0.012288276320159386,-1
2001-04-30,0.8914,0.8928,0.885,0.8892,8026,50,0,-0.00336247478143914,-1
2001-05-01,0.8893,0.8942,0.8855,0.8934,7763,50,0,0.0047233468286098645,1
2001-05-02,0.8933,0.8953,0.8884,0.894,8395,50,0,0.000671591672263272,1
2001-05-03,0.8938,0.8979,0.8881,0.8898,8944,50,0,-0.004697986577181235,-1
2001-05-04,0.8896,0.9009,0.8891,0.8926,8600,50,0,0.003146774556079812,1
2001-05-07,0.8926,0.8937,0.8896,0.8905,7883,50,0,-0.002352677571140438,-1
2001-05-08,0.8906,0.8916,0.8823,0.8852,8466,50,0,-0.00595171252105553,-1
2001-05-09,0.8854,0.8869,0.881,0.8864,8365,50,0,0.0013556258472662286,1
2001-05-10,0.8864,0.8924,0.8782,0.8816,8451,50,0,-0.005415162454873501,-1
2001-05-11,0.8817,0.8821,0.8736,0.8752,8447,50,0,-0.007259528130671544,-1
2001-05-14,0.876,0.8761,0.8725,0.874,7504,50,0,-0.0013711151736746086,-1
2001-05-15,0.8742,0.8799,0.8731,0.8785,8058,50,0,0.005148741418764313,1
2001-05-16,0.878,0.8868,0.8743,0.8832,8741,50,0,0.005350028457598244,1
2001-05-17,0.8832,0.8881,0.8791,0.8826,8680,50,0,-0.0006793478260869179,-1
2001-05-18,0.8827,0.8832,0.8754,0.8817,8105,50,0,-0.0010197144799456437,-1
2001-05-21,0.8799,0.882,0.874,0.8766,7738,50,0,-0.005784280367471917,-1
2001-05-22,0.8764,0.8776,0.8626,0.8654,8422,50,0,-0.012776637006616576,-1
2001-05-23,0.8654,0.8665,0.8547,0.8551,8773,50,0,-0.01190201063092211,-1
2001-05-24,0.8556,0.8613,0.8494,0.8573,8917,50,0,0.002572798503098994,1
2001-05-25,0.8572,0.8629,0.8536,0.8614,8111,50,0,0.004782456549632608,1
2001-05-28,0.8602,0.8609,0.8576,0.8602,6988,50,0,-0.0013930810308800945,-1
2001-05-29,0.8603,0.8614,0.8527,0.8561,8001,50,0,-0.0047663334108346556,-1
2001-05-30,0.8558,0.8592,0.8535,0.8551,8135,50,0,-0.0011680878402056116,-1
2001-05-31,0.8551,0.857,0.8439,0.8446,8323,50,0,-0.012279265582972654,-1
2001-06-01,0.8455,0.8497,0.8431,0.8481,8097,50,0,0.004143973478569762,1
2001-06-04,0.8468,0.854,0.844,0.8461,7572,50,0,-0.0023582124749439437,-1
2001-06-05,0.8462,0.8549,0.8424,0.8544,7855,50,0,0.009809715163692445,1
2001-06-06,0.8545,0.8569,0.8445,0.8468,7721,50,0,-0.008895131086142372,-1
2001-06-07,0.8469,0.852,0.8456,0.8514,7540,50,0,0.005432215399149731,1
2001-06-08,0.8515,0.852,0.8457,0.8508,7527,50,0,-0.0007047216349542751,-1
2001-06-11,0.85,0.8542,0.841,0.8446,7416,50,0,-0.007287259050305583,-1
2001-06-12,0.8442,0.854,0.8414,0.8533,7830,50,0,0.010300734075301854,1
2001-06-13,0.8532,0.8568,0.851,0.8552,7649,50,0,0.0022266494784952684,1
2001-06-14,0.8554,0.8635,0.8486,0.8624,7708,50,0,0.00841908325537899,1
2001-06-15,0.8628,0.8674,0.8599,0.8615,8066,50,0,-0.0010435992578849973,-1
2001-06-18,0.8629,0.8644,0.8575,0.8605,7590,50,0,-0.0011607661056297625,-1
2001-06-19,0.8605,0.8608,0.8525,0.8539,7595,50,0,-0.007669959325973363,-1
2001-06-20,0.8535,0.8558,0.8495,0.8554,7854,50,0,0.0017566459772808685,1
2001-06-21,0.8554,0.8586,0.8512,0.8547,7980,50,0,-0.0008183306055646877,-1
2001-06-22,0.8548,0.8579,0.851,0.8576,7423,50,0,0.003393003393003413,1
2001-06-25,0.8568,0.8628,0.8564,0.8589,7915,50,0,0.0015158582089551675,1
2001-06-26,0.859,0.8653,0.8583,0.8637,8192,50,0,0.005588543485854025,1
2001-06-27,0.8638,0.8661,0.8581,0.8595,8223,50,0,-0.004862799583188582,-1
2001-06-28,0.8595,0.8616,0.843,0.844,9594,50,0,-0.018033740546829602,-1
2001-06-29,0.8443,0.8508,0.8435,0.8497,9030,50,0,0.006753554502369807,1
2001-07-02,0.8503,0.8506,0.8439,0.8473,9082,50,0,-0.0028245263034011314,-1
2001-07-03,0.8478,0.8509,0.8454,0.8477,9782,50,0,0.0004720878083321889,1
2001-07-04,0.8477,0.8502,0.8429,0.8464,9655,50,0,-0.0015335614014391208,-1
2001-07-05,0.8463,0.8481,0.8354,0.8387,9869,50,0,-0.009097353497164562,-1
2001-07-06,0.8393,0.848,0.8346,0.848,9197,50,0,0.011088589483724709,1
2001-07-09,0.8469,0.8524,0.8444,0.8496,9323,50,0,0.0018867924528302993,1
2001-07-10,0.8501,0.8575,0.8487,0.8555,9234,50,0,0.00694444444444442,1
2001-07-11,0.8557,0.8644,0.8532,0.8582,8884,50,0,0.0031560490940969466,1
2001-07-12,0.858,0.8585,0.8504,0.8538,8469,50,0,-0.005127010020974043,-1
2001-07-13,0.8538,0.8562,0.8507,0.8545,7541,50,0,0.0008198641368002413,1
2001-07-16,0.854,0.8593,0.8521,0.8523,7414,50,0,-0.002574605032182653,-1
2001-07-17,0.8527,0.861,0.8488,0.8594,8302,50,0,0.008330400093863766,1
2001-07-18,0.8593,0.8744,0.8568,0.8737,9413,50,0,0.016639515941354377,1
2001-07-19,0.8738,0.8782,0.868,0.8721,9835,50,0,-0.0018312922055625513,-1
2001-07-20,0.872,0.8788,0.8702,0.8714,9169,50,0,-0.0008026602453847786,-1
2001-07-23,0.8705,0.8722,0.8649,0.869,8986,50,0,-0.0027541886619233402,-1
2001-07-24,0.8693,0.8772,0.8685,0.8733,9078,50,0,0.00494821634062137,1
2001-07-25,0.8734,0.8815,0.8714,0.8802,9503,50,0,0.007901064926142176,1
2001-07-26,0.8803,0.8825,0.8746,0.8779,8809,50,0,-0.0026130424903431093,-1
2001-07-27,0.8779,0.8808,0.8721,0.8776,8306,50,0,-0.0003417245699965932,-1
2001-07-30,0.8777,0.8778,0.8721,0.8741,8155,50,0,-0.003988149498632687,-1
2001-07-31,0.8742,0.878,0.8722,0.8763,8461,50,0,0.0025168744994852332,1
2001-08-01,0.8762,0.8833,0.8754,0.8808,9465,50,0,0.005135227661759778,1
2001-08-02,0.8812,0.8843,0.8784,0.8833,8745,50,0,0.002838328792007294,1
2001-08-03,0.8836,0.8878,0.8776,0.8843,8493,50,0,0.0011321181931394086,1
2001-08-06,0.883,0.8834,0.8784,0.8812,7299,50,0,-0.0035055976478570727,-1
2001-08-07,0.8813,0.8816,0.8749,0.8782,8855,50,0,-0.0034044484793464003,-1
2001-08-08,0.8782,0.8809,0.8737,0.8804,8886,50,0,0.0025051241175131356,1
2001-08-09,0.8804,0.8943,0.8799,0.8921,8202,50,0,0.013289413902771496,1
2001-08-10,0.8921,0.8962,0.8909,0.893,8983,50,0,0.0010088555094720508,1
2001-08-13,0.8937,0.9008,0.892,0.8971,9124,50,0,0.004591265397536404,1
2001-08-14,0.897,0.9038,0.8935,0.9027,8878,50,0,0.006242336417344729,1
2001-08-15,0.9026,0.9152,0.9018,0.9138,9856,50,0,0.012296444001329343,1
2001-08-16,0.9138,0.9202,0.9092,0.9115,9893,50,0,-0.002516962136134837,-1
2001-08-17,0.9116,0.9184,0.91,0.9181,9078,50,0,0.0072408118486013695,1
2001-08-20,0.9176,0.9204,0.9109,0.9137,9175,50,0,-0.004792506262934371,-1
2001-08-21,0.9139,0.9185,0.9077,0.9178,9454,50,0,0.004487249644303359,1
2001-08-22,0.9178,0.9241,0.9121,0.9131,9453,50,0,-0.005120941381564492,-1
2001-08-23,0.9132,0.9169,0.9098,0.9147,8693,50,0,0.001752272478370287,1
2001-08-24,0.9144,0.9167,0.9076,0.9148,8928,50,0,0.00010932546190001169,1
2001-08-27,0.9145,0.9146,0.9083,0.9118,9158,50,0,-0.003279405334499219,-1
2001-08-28,0.9117,0.9138,0.9026,0.9134,9358,50,0,0.001754770783066295,1
2001-08-29,0.9127,0.9152,0.9081,0.9082,8552,50,0,-0.005693015108386268,-1
2001-08-30,0.9084,0.9187,0.9055,0.9163,9131,50,0,0.008918740365558175,1
2001-08-31,0.9163,0.92,0.9066,0.9125,9515,50,0,-0.004147113390810864,-1
2001-09-03,0.9094,0.9105,0.9055,0.9078,7638,50,0,-0.005150684931506722,-1
2001-09-04,0.9076,0.9079,0.8847,0.8883,9475,50,0,-0.02148050231328491,-1
2001-09-05,0.8885,0.8914,0.8843,0.8868,9294,50,0,-0.0016886187098952288,-1
2001-09-06,0.8865,0.8969,0.8824,0.8952,10076,50,0,0.009472259810554773,1
2001-09-07,0.8957,0.9077,0.8928,0.9076,9636,50,0,0.013851653261840902,1
2001-09-10,0.906,0.9082,0.8971,0.8984,9048,50,0,-0.01013662406346405,-1
2001-09-11,0.8982,0.9171,0.8954,0.9109,10890,50,0,0.013913624220837084,1
2001-09-12,0.9108,0.9151,0.9007,0.907,10113,50,0,-0.0042814798550884214,-1
2001-09-13,0.9071,0.9127,0.9046,0.9109,9576,50,0,0.004299889746416818,1
2001-09-14,0.9108,0.9251,0.908,0.9205,9492,50,0,0.01053902733560208,1
2001-09-17,0.9236,0.9335,0.9172,0.9244,10296,50,0,0.004236827810972343,1
2001-09-18,0.9249,0.9284,0.9186,0.9268,9954,50,0,0.0025962786672435456,1
2001-09-19,0.9266,0.9326,0.9228,0.9263,9000,50,0,-0.000539490720759539,-1
2001-09-20,0.9264,0.9296,0.9228,0.9273,9001,50,0,0.0010795638562020038,1
2001-09-21,0.9275,0.9275,0.9084,0.9144,9345,50,0,-0.0139113555483662,-1
2001-09-24,0.9134,0.9204,0.9103,0.9165,8124,50,0,0.0022965879265091083,1
2001-09-25,0.9164,0.925,0.9145,0.9232,8801,50,0,0.007310420076377611,1
2001-09-26,0.9231,0.9247,0.9195,0.923,9525,50,0,-0.00021663778162905878,-1
2001-09-27,0.9228,0.9234,0.9159,0.9178,9406,50,0,-0.005633802816901512,-1
2001-09-28,0.918,0.9185,0.9078,0.9114,9633,50,0,-0.006973196774896495,-1
2001-10-01,0.9103,0.9179,0.9059,0.9169,9105,50,0,0.006034671933289548,1
2001-10-02,0.917,0.9197,0.9132,0.9182,9265,50,0,0.001417820918311774,1
2001-10-03,0.9181,0.9235,0.9125,0.9142,9896,50,0,-0.004356349379220248,-1
2001-10-04,0.9141,0.9187,0.911,0.9181,9129,50,0,0.004266024939838076,1
2001-10-05,0.9182,0.921,0.9156,0.9187,9041,50,0,0.0006535235813092122,1
2001-10-08,0.9191,0.9246,0.9165,0.9204,8258,50,0,0.001850440840317935,1
2001-10-09,0.9202,0.9228,0.9123,0.9132,8943,50,0,-0.00782268578878742,-1
2001-10-10,0.9133,0.916,0.9099,0.9102,8553,50,0,-0.003285151116951379,-1
2001-10-11,0.9106,0.9127,0.8989,0.9025,8912,50,0,-0.008459679191386571,-1
2001-10-12,0.9028,0.9126,0.901,0.9113,8790,50,0,0.009750692520775761,1
2001-10-15,0.9117,0.9141,0.9059,0.9078,8864,50,0,-0.00384066717875553,-1
2001-10-16,0.9079,0.9114,0.9038,0.9079,8632,50,0,0.00011015642211931187,1
2001-10-17,0.9079,0.9093,0.9009,0.9029,9234,50,0,-0.00550721445093072,-1
2001-10-18,0.9033,0.9057,0.8996,0.9035,9148,50,0,0.0006645254180972504,1
2001-10-19,0.9034,0.9036,0.8965,0.899,7939,50,0,-0.004980630879911407,-1
2001-10-22,0.8985,0.9004,0.8896,0.8911,8611,50,0,-0.008787541713014435,-1
2001-10-23,0.8911,0.893,0.8867,0.8907,8873,50,0,-0.0004488834025361266,-1
2001-10-24,0.8904,0.8946,0.8898,0.8937,8191,50,0,0.003368137420006745,1
2001-10-25,0.8938,0.8981,0.8878,0.8923,8243,50,0,-0.0015665212039834842,-1
2001-10-26,0.8924,0.8953,0.8903,0.8923,8355,50,0,0.0,-1
2001-10-29,0.8922,0.9061,0.8921,0.9051,8770,50,0,0.014344951249579685,1
2001-10-30,0.9053,0.9104,0.9033,0.9045,9138,50,0,-0.0006629101756712164,-1
2001-10-31,0.9047,0.908,0.8985,0.9002,8913,50,0,-0.0047540077390823,-1
2001-11-01,0.9003,0.9121,0.8992,0.9022,9266,50,0,0.0022217285047767543,1
2001-11-02,0.9023,0.9075,0.9006,0.904,8902,50,0,0.001995123032586976,1
2001-11-05,0.9015,0.9021,0.8942,0.8972,9206,50,0,-0.007522123893805355,-1
2001-11-06,0.8973,0.8997,0.894,0.8944,8565,50,0,-0.0031208203299153414,-1
2001-11-07,0.8944,0.9049,0.8937,0.8979,9490,50,0,0.003913237924865864,1
2001-11-08,0.8978,0.8997,0.8906,0.8926,8743,50,0,-0.0059026617663437975,-1
2001-11-09,0.8924,0.8953,0.8888,0.8934,8706,50,0,0.0008962581223392885,1
2001-11-12,0.8944,0.9016,0.8911,0.8938,6199,50,0,0.000447727781508922,1
2001-11-13,0.8939,0.8944,0.879,0.8812,9886,50,0,-0.01409711344819875,-1
2001-11-14,0.8812,0.8846,0.877,0.8827,9180,50,0,0.0017022242396731446,1
2001-11-15,0.8827,0.8855,0.88,0.8817,8694,50,0,-0.0011328877308258711,-1
2001-11-16,0.8819,0.8867,0.8808,0.8843,8813,50,0,0.0029488488147895175,1
2001-11-19,0.8843,0.8855,0.8764,0.8781,8939,50,0,-0.0070111952957141455,-1
2001-11-20,0.8782,0.8845,0.8778,0.8831,8521,50,0,0.005694112287894404,1
2001-11-21,0.8832,0.884,0.8753,0.878,8769,50,0,-0.0057751104065224546,-1
2001-11-22,0.8783,0.8796,0.8761,0.8779,8134,50,0,-0.0001138952164009277,-1
2001-11-23,0.8783,0.8814,0.8735,0.8782,8026,50,0,0.0003417245699965932,1
2001-11-26,0.8778,0.8835,0.8775,0.8805,8207,50,0,0.0026189933955818034,1
2001-11-27,0.8804,0.8839,0.8769,0.8832,8727,50,0,0.003066439522998232,1
2001-11-28,0.8831,0.8886,0.8816,0.8877,9238,50,0,0.005095108695652328,1
2001-11-29,0.8879,0.8921,0.8855,0.8877,8958,50,0,0.0,-1
2001-11-30,0.8873,0.8983,0.8847,0.8956,9836,50,0,0.008899402951447533,1
2001-12-03,0.8956,0.897,0.8889,0.8913,9340,50,0,-0.004801250558284953,-1
2001-12-04,0.8912,0.8923,0.8885,0.8907,9543,50,0,-0.0006731740154829469,-1
2001-12-05,0.8906,0.8943,0.8846,0.888,9822,50,0,-0.0030313236780060704,-1
2001-12-06,0.8879,0.8954,0.8864,0.8945,8664,50,0,0.007319819819819662,1
2001-12-07,0.8948,0.895,0.8884,0.8918,9019,50,0,-0.0030184460592509454,-1
2001-12-10,0.8894,0.892,0.884,0.8908,8715,50,0,-0.0011213276519399518,-1
2001-12-11,0.8909,0.8936,0.8881,0.8926,8642,50,0,0.002020655590480258,1
2001-12-12,0.8925,0.8988,0.892,0.8978,9347,50,0,0.005825677795205042,1
2001-12-13,0.8977,0.8993,0.8919,0.8925,8892,50,0,-0.005903319224771719,-1
2001-12-14,0.8927,0.9055,0.8921,0.9026,9620,50,0,0.011316526610644306,1
2001-12-17,0.9035,0.9083,0.9017,0.9019,10426,50,0,-0.0007755373365830875,-1
2001-12-18,0.9019,0.9045,0.8993,0.9033,9279,50,0,0.0015522785231179004,1
2001-12-19,0.9033,0.9035,0.8951,0.9008,9800,50,0,-0.0027676298018376455,-1
2001-12-20,0.901,0.9012,0.896,0.8991,10137,50,0,-0.001887211367673225,-1
2001-12-21,0.8991,0.9019,0.8854,0.8889,10527,50,0,-0.011344678011344644,-1
2001-12-24,0.8888,0.891,0.8741,0.879,8892,50,0,-0.011137360782990213,-1
2001-12-25,0.8791,0.8826,0.8767,0.8791,2818,50,0,0.00011376564277587597,1
2001-12-26,0.8791,0.8823,0.8765,0.8804,8177,50,0,0.0014787851211466307,1
2001-12-27,0.8803,0.8873,0.8774,0.8836,9975,50,0,0.0036347114947752335,1
2001-12-28,0.8836,0.8861,0.8788,0.8853,9302,50,0,0.001923947487550759,1
2001-12-31,0.8841,0.8924,0.8824,0.8896,8816,50,0,0.004857110583982749,1
2002-01-01,0.8897,0.8913,0.8863,0.8895,566,50,0,-0.00011241007194240371,-1
2002-01-02,0.8896,0.9069,0.8883,0.9033,9726,50,0,0.015514333895446875,1
2002-01-03,0.9032,0.9061,0.8974,0.8993,10100,50,0,-0.004428207682940388,-1
2002-01-04,0.8992,0.9003,0.8938,0.8948,9387,50,0,-0.005003891915934533,-1
2002-01-07,0.895,0.8998,0.8881,0.8934,9600,50,0,-0.0015645954403219475,-1
2002-01-08,0.8934,0.8939,0.8882,0.8933,9875,50,0,-0.00011193194537717499,-1
2002-01-09,0.8933,0.8954,0.8864,0.8912,9451,50,0,-0.0023508339863427263,-1
2002-01-10,0.8912,0.8941,0.89,0.8914,9056,50,0,0.00022441651705573662,1
2002-01-11,0.8914,0.8934,0.8895,0.8922,8679,50,0,0.0008974646623289839,1
2002-01-14,0.8945,0.8956,0.8914,0.8942,9560,50,0,0.00224164985429276,1
2002-01-15,0.8942,0.8947,0.882,0.8836,9784,50,0,-0.011854171326325158,-1
2002-01-16,0.8835,0.8847,0.8802,0.8836,9686,50,0,0.0,-1
2002-01-17,0.8836,0.8854,0.8793,0.8812,9475,50,0,-0.0027161611588955026,-1
2002-01-18,0.8814,0.8853,0.8795,0.8845,8688,50,0,0.003744893327281007,1
2002-01-21,0.884,0.8869,0.8824,0.8833,8420,50,0,-0.0013566986998303499,-1
2002-01-22,0.8834,0.8877,0.8811,0.8867,9779,50,0,0.0038492018566738118,1
2002-01-23,0.8864,0.8892,0.8765,0.8774,9736,50,0,-0.010488327506484763,-1
2002-01-24,0.8774,0.8796,0.8752,0.8777,9454,50,0,0.0003419193070435256,1
2002-01-25,0.8777,0.8788,0.8631,0.8644,9663,50,0,-0.015153241426455577,-1
2002-01-28,0.8645,0.8666,0.857,0.8619,10320,50,0,-0.002892179546506224,-1
2002-01-29,0.8618,0.8661,0.8592,0.8652,9262,50,0,0.0038287504350853485,1
2002-01-30,0.8652,0.8677,0.8599,0.8623,9309,50,0,-0.0033518261673601835,-1
2002-01-31,0.8621,0.8647,0.8576,0.8592,9119,50,0,-0.003595036530209872,-1
2002-02-01,0.8593,0.8644,0.8562,0.8622,8789,50,0,0.0034916201117318746,1
2002-02-04,0.8615,0.8713,0.8605,0.8698,8505,50,0,0.008814660171653887,1
2002-02-05,0.8698,0.8734,0.8651,0.8673,8673,50,0,-0.0028742239595309638,-1
2002-02-06,0.8672,0.8708,0.8633,0.8673,8695,50,0,0.0,-1
2002-02-07,0.867,0.8719,0.8645,0.8704,8574,50,0,0.003574311080364323,1
2002-02-08,0.8703,0.8756,0.8699,0.8722,8198,50,0,0.0020680147058824705,1
2002-02-11,0.8708,0.8803,0.8705,0.8764,8441,50,0,0.0048154093097914075,1
2002-02-12,0.8767,0.8802,0.874,0.8765,8164,50,0,0.00011410314924686915,1
2002-02-13,0.8767,0.8772,0.8703,0.8716,8433,50,0,-0.005590416428978839,-1
2002-02-14,0.8715,0.8749,0.868,0.8737,9269,50,0,0.002409362092703038,1
2002-02-15,0.8741,0.8746,0.8694,0.873,8488,50,0,-0.000801190339933644,-1
2002-02-18,0.8732,0.8744,0.8699,0.8708,7018,50,0,-0.0025200458190148822,-1
2002-02-19,0.8706,0.8784,0.8663,0.8763,8274,50,0,0.006316031235645392,1
2002-02-20,0.8763,0.8785,0.8687,0.8698,8804,50,0,-0.007417551066986161,-1
2002-02-21,0.8695,0.8722,0.8679,0.8704,8512,50,0,0.0006898137502873158,1
2002-02-22,0.8704,0.8779,0.868,0.8752,8655,50,0,0.005514705882353033,1
2002-02-25,0.8753,0.8759,0.8687,0.869,8066,50,0,-0.0070840950639853295,-1
2002-02-26,0.8691,0.8724,0.8615,0.8637,8845,50,0,-0.0060989643268124505,-1
2002-02-27,0.8638,0.8669,0.8625,0.866,8801,50,0,0.0026629616765079245,1
2002-02-28,0.8661,0.8699,0.8623,0.8695,9183,50,0,0.004041570438799047,1
2002-03-01,0.8693,0.8697,0.8629,0.8658,8907,50,0,-0.004255319148936176,-1
2002-03-04,0.8647,0.8717,0.8631,0.8698,8653,50,0,0.00462000462000467,1
2002-03-05,0.8699,0.8731,0.8648,0.8719,9111,50,0,0.0024143481260059385,1
2002-03-06,0.8717,0.8777,0.8693,0.8765,8851,50,0,0.005275834384677047,1
2002-03-07,0.8764,0.8843,0.8739,0.8815,9974,50,0,0.005704506560182621,1
2002-03-08,0.8815,0.8819,0.872,0.8734,9161,50,0,-0.009188882586500302,-1
2002-03-11,0.8737,0.8774,0.8732,0.8752,7926,50,0,0.0020609113808105484,1
2002-03-12,0.8755,0.8768,0.8703,0.8757,8379,50,0,0.0005712979890311054,1
2002-03-13,0.8757,0.8786,0.8724,0.8756,8493,50,0,-0.00011419435879866935,-1
2002-03-14,0.8757,0.8845,0.8753,0.8826,9307,50,0,0.007994518044769361,1
2002-03-15,0.8827,0.887,0.8807,0.883,8915,50,0,0.0004532064355313725,1
2002-03-18,0.8812,0.8833,0.8782,0.8824,8377,50,0,-0.0006795016987543034,-1
2002-03-19,0.8822,0.8847,0.8795,0.8819,8725,50,0,-0.0005666364460561457,-1
2002-03-20,0.882,0.8862,0.8787,0.8857,8622,50,0,0.004308878557659712,1
2002-03-21,0.8856,0.8862,0.8805,0.8825,8579,50,0,-0.0036129614993791748,-1
2002-03-22,0.8828,0.883,0.8749,0.878,8364,50,0,-0.005099150141642972,-1
2002-03-25,0.8773,0.8785,0.8752,0.8766,8498,50,0,-0.0015945330296126548,-1
2002-03-26,0.8768,0.8798,0.8731,0.8766,9340,50,0,0.0,-1
2002-03-27,0.8767,0.8773,0.8719,0.8725,8799,50,0,-0.00467716176135069,-1
2002-03-28,0.8724,0.8746,0.8698,0.8712,8949,50,0,-0.0014899713467049214,-1
2002-03-29,0.8714,0.8731,0.8704,0.8719,5372,50,0,0.0008034894398532,1
2002-04-01,0.8716,0.8824,0.8714,0.8804,7661,50,0,0.009748824406468515,1
2002-04-02,0.8806,0.8817,0.8772,0.8795,8819,50,0,-0.0010222626079054997,-1
2002-04-03,0.8794,0.8831,0.8774,0.8812,8538,50,0,0.001932916429789655,1
2002-04-04,0.8809,0.8859,0.8764,0.8776,9317,50,0,-0.004085338175215503,-1
2002-04-05,0.8776,0.8818,0.8772,0.8785,7746,50,0,0.0010255241567911355,1
2002-04-08,0.8791,0.8795,0.8735,0.8748,8109,50,0,-0.004211724530449601,-1
2002-04-09,0.8749,0.8818,0.8733,0.8808,8970,50,0,0.006858710562414272,1
2002-04-10,0.8811,0.8827,0.8786,0.8805,8811,50,0,-0.00034059945504094635,-1
2002-04-11,0.8806,0.885,0.8788,0.882,8642,50,0,0.0017035775127769437,1
2002-04-12,0.882,0.8829,0.8774,0.8809,8410,50,0,-0.0012471655328798459,-1
2002-04-15,0.8797,0.8826,0.8788,0.8795,7784,50,0,-0.0015892836871381766,-1
2002-04-16,0.8795,0.8842,0.8789,0.8824,8239,50,0,0.0032973280272883265,1
2002-04-17,0.8823,0.8913,0.8817,0.8904,9116,50,0,0.009066183136899442,1
2002-04-18,0.8905,0.8922,0.8856,0.8908,9333,50,0,0.00044923629829307643,1
2002-04-19,0.8907,0.8929,0.8878,0.8922,8133,50,0,0.0015716210148180032,1
2002-04-22,0.8894,0.8909,0.8867,0.8896,8041,50,0,-0.00291414481058061,-1
2002-04-23,0.8895,0.8906,0.8858,0.8887,7457,50,0,-0.0010116906474818554,-1
2002-04-24,0.8886,0.8934,0.8873,0.8927,8157,50,0,0.00450095645324633,1
2002-04-25,0.8925,0.8994,0.8915,0.8977,8741,50,0,0.005600985773496214,1
2002-04-26,0.8976,0.9026,0.896,0.9015,8403,50,0,0.00423303999108815,1
2002-04-29,0.9013,0.9049,0.9007,0.9032,7971,50,0,0.0018857459789241027,1
2002-04-30,0.9032,0.9045,0.8988,0.9005,8079,50,0,-0.002989371124889284,-1
2002-05-01,0.9005,0.9089,0.899,0.9063,7840,50,0,0.006440866185452476,1
2002-05-02,0.9063,0.9083,0.901,0.903,8282,50,0,-0.0036411784177424744,-1
2002-05-03,0.9031,0.9178,0.9024,0.9173,8721,50,0,0.015836101882613418,1
2002-05-06,0.9164,0.9188,0.9133,0.9179,7816,50,0,0.0006540935353755994,1
2002-05-07,0.9181,0.9193,0.9114,0.9143,9154,50,0,-0.003921995860115546,-1
2002-05-08,0.9144,0.9147,0.9036,0.9049,8743,50,0,-0.010281089357978779,-1
2002-05-09,0.9049,0.9116,0.9037,0.9097,8544,50,0,0.005304453530776687,1
2002-05-10,0.9097,0.9153,0.9084,0.914,8917,50,0,0.004726833021875487,1
2002-05-13,0.9129,0.9171,0.9094,0.9121,8426,50,0,-0.0020787746170678467,-1
2002-05-14,0.912,0.9123,0.901,0.903,8727,50,0,-0.009976976208749044,-1
2002-05-15,0.9028,0.913,0.8994,0.9122,9334,50,0,0.010188261351051997,1
2002-05-16,0.9121,0.9144,0.9085,0.9118,8359,50,0,-0.00043850032887515766,-1
2002-05-17,0.9117,0.9224,0.9112,0.9211,9437,50,0,0.010199605176573812,1
2002-05-20,0.9206,0.9232,0.918,0.9208,8414,50,0,-0.000325697535555447,-1
2002-05-21,0.9207,0.9223,0.9161,0.9194,9574,50,0,-0.001520417028670673,-1
2002-05-22,0.9193,0.928,0.9179,0.9259,10163,50,0,0.007069828148792645,1
2002-05-23,0.9258,0.9273,0.918,0.9214,9443,50,0,-0.004860136083810307,-1
2002-05-24,0.9215,0.9233,0.9161,0.9203,8750,50,0,-0.0011938354677664131,-1
2002-05-27,0.9205,0.9226,0.9182,0.9209,7755,50,0,0.0006519613169619909,1
2002-05-28,0.9211,0.9311,0.9197,0.9286,9025,50,0,0.00836138560104227,1
2002-05-29,0.9285,0.9372,0.9271,0.9354,9628,50,0,0.0073228516045660275,1
2002-05-30,0.9354,0.9416,0.9347,0.9366,9733,50,0,0.0012828736369467908,1
2002-05-31,0.9366,0.9402,0.9283,0.9337,9048,50,0,-0.0030963057868887978,-1
2002-06-03,0.933,0.9423,0.9302,0.9405,8787,50,0,0.007282853164828129,1
2002-06-04,0.9406,0.9455,0.9387,0.9392,9416,50,0,-0.0013822434875065959,-1
2002-06-05,0.9392,0.942,0.9351,0.9393,9144,50,0,0.00010647359454862837,1
2002-06-06,0.9392,0.9482,0.9336,0.9472,9261,50,0,0.008410518471202,1
2002-06-07,0.9474,0.949,0.9426,0.9426,9574,50,0,-0.00485641891891897,-1
2002-06-10,0.9431,0.9484,0.9387,0.9441,8381,50,0,0.0015913430935710071,1
2002-06-11,0.9441,0.9497,0.9403,0.9481,8949,50,0,0.00423683931786889,1
2002-06-12,0.9482,0.9508,0.9425,0.9433,9241,50,0,-0.005062757093133641,-1
2002-06-13,0.9435,0.9477,0.9395,0.943,9036,50,0,-0.0003180324393089462,-1
2002-06-14,0.9431,0.9524,0.9413,0.9454,9295,50,0,0.0025450689289501227,1
2002-06-17,0.9451,0.9469,0.9411,0.9446,8368,50,0,-0.0008462026655384758,-1
2002-06-18,0.9447,0.9528,0.9435,0.9526,9627,50,0,0.008469193309337264,1
2002-06-19,0.9528,0.9582,0.9515,0.9573,9230,50,0,0.004933865211001587,1
2002-06-20,0.9577,0.9669,0.9556,0.9644,9045,50,0,0.0074166927817820305,1
2002-06-21,0.9645,0.9722,0.963,0.9705,8922,50,0,0.006325176275404409,1
2002-06-24,0.9699,0.9817,0.9678,0.9705,9413,50,0,0.0,-1
2002-06-25,0.9705,0.9803,0.9661,0.9793,10109,50,0,0.009067490984028703,1
2002-06-26,0.9794,0.9947,0.9786,0.9824,11389,50,0,0.00316552639640566,1
2002-06-27,0.9824,0.9902,0.9808,0.9882,10186,50,0,0.005903908794788082,1
2002-06-28,0.9878,0.9992,0.9837,0.9911,10367,50,0,0.0029346286176887837,1
2002-07-01,0.9914,0.9973,0.9861,0.9913,9002,50,0,0.00020179598425995593,1
2002-07-02,0.9912,0.9922,0.9797,0.9864,9648,50,0,-0.00494300413598292,-1
2002-07-03,0.9863,0.9864,0.9767,0.9805,9228,50,0,-0.005981346309813507,-1
2002-07-04,0.9803,0.982,0.9749,0.9788,9039,50,0,-0.001733809280979104,-1
2002-07-05,0.9786,0.9788,0.9714,0.973,8972,50,0,-0.0059256232120964425,-1
2002-07-08,0.9745,0.9917,0.9741,0.9911,9978,50,0,0.018602261048304314,1
2002-07-09,0.9906,0.9956,0.9871,0.993,9925,50,0,0.0019170618504691372,1
2002-07-10,0.993,0.9971,0.9858,0.989,10078,50,0,-0.004028197381671705,-1
2002-07-11,0.9891,0.9941,0.9832,0.9879,9898,50,0,-0.0011122345803842304,-1
2002-07-12,0.9879,0.9926,0.985,0.9906,9545,50,0,0.0027330701488004205,1
2002-07-15,0.9916,1.0091,0.9913,1.0033,9650,50,0,0.012820512820512775,1
2002-07-16,1.0036,1.015,1.0031,1.0124,10783,50,0,0.009070068773048723,1
2002-07-17,1.0124,1.0164,1.0032,1.0068,10904,50,0,-0.005531410509679979,-1
2002-07-18,1.0069,1.0122,1.0039,1.0121,10073,50,0,0.005264203416766033,1
2002-07-19,1.0119,1.021,1.0102,1.0117,10716,50,0,-0.0003952178638474413,-1
2002-07-22,1.0112,1.0135,1.0054,1.0079,10635,50,0,-0.0037560541662547964,-1
2002-07-23,1.0077,1.0081,0.9844,0.9891,10701,50,0,-0.018652644111519012,-1
2002-07-24,0.9895,0.9983,0.9873,0.9952,10230,50,0,0.006167222727732291,1
2002-07-25,0.9953,1.0064,0.9939,1.0037,9117,50,0,0.00854099678456599,1
2002-07-26,1.0035,1.007,0.9852,0.9859,10547,50,0,-0.01773438278370032,-1
2002-07-29,0.9873,0.9891,0.977,0.9811,10098,50,0,-0.004868647935896142,-1
2002-07-30,0.9812,0.9894,0.9778,0.9832,9530,50,0,0.0021404545917846907,1
2002-07-31,0.9832,0.9857,0.9759,0.9774,9837,50,0,-0.005899104963384749,-1
2002-08-01,0.9772,0.9859,0.9726,0.9844,9706,50,0,0.007161857990587217,1
2002-08-02,0.9846,0.9919,0.9835,0.9859,10502,50,0,0.001523770824867876,1
2002-08-05,0.9865,0.9876,0.9795,0.9801,9723,50,0,-0.005882949589207875,-1
2002-08-06,0.9805,0.9808,0.9621,0.9661,10720,50,0,-0.014284256708499199,-1
2002-08-07,0.9664,0.9765,0.9642,0.9746,10036,50,0,0.008798261049580924,1
2002-08-08,0.9746,0.9774,0.964,0.967,10306,50,0,-0.007798071003488616,-1
2002-08-09,0.9668,0.9742,0.9653,0.9698,9709,50,0,0.002895553257497463,1
2002-08-12,0.9702,0.9801,0.9689,0.9786,10094,50,0,0.009074035883687381,1
2002-08-13,0.9786,0.9849,0.9752,0.9846,9632,50,0,0.006131207847946074,1
2002-08-14,0.9846,0.9894,0.9763,0.9773,10092,50,0,-0.007414178346536793,-1
2002-08-15,0.9772,0.985,0.9746,0.9825,9358,50,0,0.00532078174562578,1
2002-08-16,0.9824,0.9871,0.9783,0.987,8795,50,0,0.004580152671755711,1
2002-08-19,0.9844,0.9873,0.975,0.9773,8714,50,0,-0.009827760891590764,-1
2002-08-20,0.9775,0.9809,0.973,0.9777,9202,50,0,0.0004092909035098291,1
2002-08-21,0.9783,0.9851,0.9751,0.9799,9104,50,0,0.0022501789915105874,1
2002-08-22,0.98,0.9808,0.9671,0.9692,9026,50,0,-0.010919481579753088,-1
2002-08-23,0.9691,0.9735,0.9664,0.9724,8813,50,0,0.0033016921172102087,1
2002-08-26,0.9732,0.9742,0.9684,0.9717,8413,50,0,-0.0007198683669272787,-1
2002-08-27,0.9714,0.9842,0.9702,0.9829,7550,50,0,0.01152619121127918,1
2002-08-28,0.9829,0.9837,0.978,0.9787,8894,50,0,-0.004273069488249015,-1
2002-08-29,0.9787,0.9888,0.9773,0.9837,8943,50,0,0.0051088178195566325,1
2002-08-30,0.9836,0.9866,0.9793,0.9815,8530,50,0,-0.0022364542035172574,-1
2002-09-02,0.9824,0.9857,0.9796,0.9847,8329,50,0,0.0032603158430972723,1
2002-09-03,0.9833,0.9977,0.983,0.9967,8721,50,0,0.01218645272671881,1
2002-09-04,0.9966,0.9975,0.9903,0.9923,8977,50,0,-0.004414568074646352,-1
2002-09-05,0.9923,0.9993,0.9886,0.9916,9406,50,0,-0.0007054318250527825,-1
2002-09-06,0.9915,0.9957,0.9804,0.9808,9936,50,0,-0.010891488503428803,-1
2002-09-09,0.9817,0.9831,0.978,0.9797,8828,50,0,-0.0011215334420880962,-1
2002-09-10,0.9797,0.9844,0.9721,0.9751,9107,50,0,-0.0046953148923140064,-1
2002-09-11,0.975,0.9771,0.9698,0.9759,9180,50,0,0.000820428673982132,1
2002-09-12,0.9761,0.9825,0.9739,0.9814,10341,50,0,0.005635823342555746,1
2002-09-13,0.9811,0.9841,0.9702,0.9713,10240,50,0,-0.010291420419808461,-1
2002-09-16,0.9708,0.973,0.9664,0.9687,9991,50,0,-0.0026768248738804346,-1
2002-09-17,0.9688,0.9751,0.9608,0.9736,10600,50,0,0.0050583255909981695,1
2002-09-18,0.9737,0.9798,0.9685,0.9772,9958,50,0,0.00369761709120775,1
2002-09-19,0.9768,0.9876,0.9762,0.9874,10676,50,0,0.010437986082685313,1
2002-09-20,0.9872,0.9878,0.9783,0.9826,9211,50,0,-0.004861251772331432,-1
2002-09-23,0.9808,0.9859,0.9751,0.978,9047,50,0,-0.004681457358029717,-1
2002-09-24,0.978,0.984,0.9759,0.9824,9619,50,0,0.0044989775051125225,1
2002-09-25,0.9826,0.9856,0.9755,0.9767,10031,50,0,-0.00580211726384372,-1
2002-09-26,0.9764,0.9812,0.9727,0.9769,9411,50,0,0.0002047711682195974,1
2002-09-27,0.977,0.9813,0.9748,0.9792,8801,50,0,0.002354386324086466,1
2002-09-30,0.9811,0.9901,0.9805,0.9865,9001,50,0,0.007455065359477153,1
2002-10-01,0.9866,0.9895,0.9821,0.9826,8705,50,0,-0.003953370501773912,-1
2002-10-02,0.9823,0.9873,0.9809,0.9862,8891,50,0,0.0036637492367188607,1
2002-10-03,0.9864,0.9912,0.9857,0.9874,9007,50,0,0.0012167917258163463,1
2002-10-04,0.9875,0.9884,0.9781,0.9794,8356,50,0,-0.00810208628721898,-1
2002-10-07,0.9788,0.9841,0.9777,0.9825,8501,50,0,0.003165203185623744,1
2002-10-08,0.9825,0.9846,0.9765,0.9795,8721,50,0,-0.003053435114503844,-1
2002-10-09,0.9792,0.9915,0.9778,0.9901,9953,50,0,0.010821847881572255,1
2002-10-10,0.9901,0.9931,0.9847,0.9863,9951,50,0,-0.003837996162003865,-1
2002-10-11,0.9866,0.9882,0.9833,0.9875,7614,50,0,0.0012166683564838188,1
2002-10-14,0.9874,0.9895,0.9854,0.9875,7636,50,0,0.0,-1
2002-10-15,0.9875,0.9889,0.9791,0.9816,9793,50,0,-0.00597468354430386,-1
2002-10-16,0.9819,0.9838,0.9798,0.9811,9895,50,0,-0.0005093724531377575,-1
2002-10-17,0.9811,0.9811,0.9697,0.9709,9784,50,0,-0.010396493731525847,-1
2002-10-18,0.9708,0.9745,0.9697,0.9725,8717,50,0,0.0016479555052013595,1
2002-10-21,0.9722,0.9765,0.9687,0.9733,8649,50,0,0.0008226221079692397,1
2002-10-22,0.9734,0.9803,0.972,0.9774,8760,50,0,0.004212473029898245,1
2002-10-23,0.9777,0.9801,0.9747,0.9754,8501,50,0,-0.002046245140167824,-1
2002-10-24,0.9754,0.9788,0.9724,0.9773,8842,50,0,0.0019479188025424143,1
2002-10-25,0.9775,0.9798,0.9755,0.9763,8516,50,0,-0.0010232272587741287,-1
2002-10-28,0.9762,0.9851,0.9725,0.9844,8725,50,0,0.00829663013418025,1
2002-10-29,0.9844,0.9868,0.9805,0.9828,9283,50,0,-0.001625355546525875,-1
2002-10-30,0.9828,0.9854,0.9815,0.9847,8433,50,0,0.0019332519332520004,1
2002-10-31,0.9844,0.9912,0.9835,0.9906,9331,50,0,0.005991672590636821,1
2002-11-01,0.9904,1.0006,0.9888,0.9966,9550,50,0,0.006056935190793533,1
2002-11-04,0.9964,0.9988,0.9931,0.9986,8110,50,0,0.0020068231988761287,1
2002-11-05,0.9984,1.0043,0.9969,0.9991,9139,50,0,0.0005007009813737806,1
2002-11-06,0.9989,1.0052,0.994,1.0047,9345,50,0,0.005605044540085924,1
2002-11-07,1.0049,1.0101,0.9989,1.0088,10262,50,0,0.004080820145317077,1
2002-11-08,1.0088,1.0154,1.0073,1.0134,8635,50,0,0.004559873116574353,1
2002-11-11,1.0127,1.0173,1.0092,1.0101,8569,50,0,-0.003256364712847959,-1
2002-11-12,1.0101,1.0138,1.0065,1.0122,9982,50,0,0.0020790020790020236,1
2002-11-13,1.0122,1.013,1.0045,1.0086,9712,50,0,-0.003556609365738095,-1
2002-11-14,1.0084,1.0102,1.0029,1.0041,9719,50,0,-0.004461629982153381,-1
2002-11-15,1.0039,1.0102,1.001,1.0098,9400,50,0,0.00567672542575437,1
2002-11-18,1.0102,1.0123,1.0061,1.0093,9725,50,0,-0.0004951475539710648,-1
2002-11-19,1.0093,1.0143,1.0007,1.0032,9276,50,0,-0.006043792727633002,-1
2002-11-20,1.0032,1.0049,0.999,1.0011,9614,50,0,-0.002093301435406647,-1
2002-11-21,1.0012,1.0044,0.9976,1.0025,9090,50,0,0.0013984616921385307,1
2002-11-22,1.0026,1.0038,0.9961,0.9969,8738,50,0,-0.005586034912718141,-1
2002-11-25,0.9968,0.9971,0.9893,0.9917,8957,50,0,-0.005216170127394948,-1
2002-11-26,0.9915,0.9941,0.9895,0.9937,9083,50,0,0.0020167389331451346,1
2002-11-27,0.9937,0.9945,0.9877,0.9907,8909,50,0,-0.003019019824896829,-1
2002-11-28,0.9906,0.9962,0.9893,0.9937,8149,50,0,0.0030281619057233033,1
2002-11-29,0.9937,0.9959,0.9917,0.9938,7557,50,0,0.00010063399416315733,1
2002-12-02,0.9928,0.9985,0.986,0.9969,9000,50,0,0.0031193399074260775,1
2002-12-03,0.9968,1.0002,0.9951,0.9965,9362,50,0,-0.00040124385595341483,-1
2002-12-04,0.9968,1.0034,0.9962,1.0014,9288,50,0,0.0049172102358254755,1
2002-12-05,1.0018,1.0026,0.997,1.0003,8914,50,0,-0.001098462152985924,-1
2002-12-06,1.0004,1.0129,0.9998,1.0091,9588,50,0,0.008797360791762632,1
2002-12-09,1.0101,1.0121,1.0067,1.0109,9288,50,0,0.001783767713804174,1
2002-12-10,1.011,1.0141,1.0071,1.0076,8670,50,0,-0.0032644178454840356,-1
2002-12-11,1.0076,1.0103,1.0059,1.0086,8899,50,0,0.00099245732433495,1
2002-12-12,1.0084,1.0196,1.0074,1.0183,9447,50,0,0.009617291294864216,1
2002-12-13,1.0186,1.0262,1.0166,1.0242,9335,50,0,0.005793970342728105,1
2002-12-16,1.023,1.0251,1.0194,1.0223,9381,50,0,-0.0018551064245264648,-1
2002-12-17,1.0226,1.0335,1.0209,1.0272,10125,50,0,0.004793113567445939,1
2002-12-18,1.0271,1.029,1.0225,1.0284,9756,50,0,0.001168224299065601,1
2002-12-19,1.0284,1.0291,1.0207,1.0271,10025,50,0,-0.0012640995721510118,-1
2002-12-20,1.0268,1.0278,1.024,1.0274,9317,50,0,0.00029208450978490674,1
2002-12-23,1.0264,1.032,1.0218,1.0266,8705,50,0,-0.0007786645902279066,-1
2002-12-24,1.0265,1.0328,1.0253,1.0303,7938,50,0,0.003604130138320727,1
2002-12-25,1.0303,1.0329,1.0281,1.0321,3201,50,0,0.0017470639619527883,1
2002-12-26,1.0325,1.0383,1.0316,1.0368,6884,50,0,0.004553822304040223,1
2002-12-27,1.0366,1.0447,1.0359,1.0443,9201,50,0,0.00723379629629628,1
2002-12-30,1.0419,1.0495,1.0406,1.0476,8911,50,0,0.003160011490950909,1
2002-12-31,1.0476,1.0507,1.0454,1.0489,7821,50,0,0.0012409316533026349,1
2003-01-01,1.0492,1.0503,1.0467,1.048,601,50,0,-0.0008580417580321686,-1
2003-01-02,1.0479,1.05,1.0335,1.0366,8880,50,0,-0.010877862595419896,-1
2003-01-03,1.0362,1.044,1.034,1.0428,9109,50,0,0.005981092031641877,1
2003-01-06,1.042,1.0497,1.0416,1.0447,9405,50,0,0.0018220176448024983,1
2003-01-07,1.0444,1.0457,1.0395,1.0405,9297,50,0,-0.0040202929070546345,-1
2003-01-08,1.0409,1.0536,1.0359,1.0501,9379,50,0,0.009226333493512762,1
2003-01-09,1.0499,1.0543,1.0453,1.0488,9769,50,0,-0.0012379773354919132,-1
2003-01-10,1.0488,1.0588,1.0473,1.0573,9570,50,0,0.008104500381388213,1
2003-01-13,1.0579,1.0586,1.0526,1.054,9403,50,0,-0.003121157665752272,-1
2003-01-14,1.054,1.06,1.0535,1.0556,9788,50,0,0.0015180265654648473,1
2003-01-15,1.0555,1.0594999999999999,1.0502,1.0553,9565,50,0,-0.0002841985600607888,-1
2003-01-16,1.0553,1.0629,1.0542,1.0613,9453,50,0,0.005685587036861506,1
2003-01-17,1.0613,1.0682,1.0604,1.0673,10047,50,0,0.005653443889569454,1
2003-01-20,1.0658,1.0692,1.0632,1.0691,9768,50,0,0.0016864986414317773,1
2003-01-21,1.0684,1.0735999999999999,1.0631,1.0725,11317,50,0,0.003180245065943277,1
2003-01-22,1.0723,1.0745,1.0683,1.0728,11757,50,0,0.0002797202797202303,1
2003-01-23,1.0727,1.078,1.0705,1.0746,9913,50,0,0.001677852348993314,1
2003-01-24,1.0745,1.0857,1.074,1.0831,10759,50,0,0.007909919970221502,1
2003-01-27,1.0839,1.091,1.0782,1.0847,10076,50,0,0.0014772412519619138,1
2003-01-28,1.0846,1.085,1.0782,1.0821,9967,50,0,-0.002396976122430061,-1
2003-01-29,1.0825,1.0901,1.0808,1.0826,10919,50,0,0.0004620645042048288,1
2003-01-30,1.0827,1.0841,1.0728,1.0822,10338,50,0,-0.00036948087936450325,-1
2003-01-31,1.0823,1.0834,1.0722,1.0771,9527,50,0,-0.004712622435779079,-1
2003-02-03,1.0789,1.0802,1.0691,1.0788,10672,50,0,0.0015783121344350448,1
2003-02-04,1.0788,1.0908,1.0765,1.089,10813,50,0,0.009454949944382562,1
2003-02-05,1.0887,1.0937999999999999,1.0735999999999999,1.0788,10272,50,0,-0.009366391184572942,-1
2003-02-06,1.0786,1.0865,1.0762,1.0834,9719,50,0,0.004263997033741029,1
2003-02-07,1.0834,1.0841,1.0729,1.0821,9053,50,0,-0.0011999261583901522,-1
2003-02-10,1.0817,1.0831,1.0707,1.0718,9409,50,0,-0.00951852878661863,-1
2003-02-11,1.0716,1.0762,1.0664,1.0737,10221,50,0,0.0017727187908191944,1
2003-02-12,1.0737,1.0772,1.0703,1.0709,9674,50,0,-0.0026078047871845866,-1
2003-02-13,1.0711,1.0861,1.0703,1.0841,10781,50,0,0.01232608086656084,1
2003-02-14,1.0841,1.0853,1.076,1.0793,10042,50,0,-0.00442763582695338,-1
2003-02-17,1.0773,1.0779,1.0672,1.0722,9128,50,0,-0.006578337811544377,-1
2003-02-18,1.0722,1.0759,1.0676,1.0688,9975,50,0,-0.0031710501772057587,-1
2003-02-19,1.0685,1.0768,1.0664,1.0749,9849,50,0,0.005707335329341312,1
2003-02-20,1.0747,1.0836999999999999,1.0738,1.082,10107,50,0,0.0066052656061030834,1
2003-02-21,1.0821,1.085,1.075,1.0767,9570,50,0,-0.004898336414048132,-1
2003-02-24,1.0723,1.081,1.0706,1.079,9519,50,0,0.0021361567753319655,1
2003-02-25,1.0786,1.0824,1.0742,1.0757,10090,50,0,-0.003058387395736717,-1
2003-02-26,1.0757,1.0814,1.073,1.0789,9349,50,0,0.002974807102351873,1
2003-02-27,1.0789,1.0839,1.0735,1.0748,9879,50,0,-0.0038001668365927888,-1
2003-02-28,1.0747,1.081,1.0734,1.0806,9318,50,0,0.005396352809825089,1
2003-03-03,1.0779,1.0903,1.0768,1.0894,9642,50,0,0.008143623912641118,1
2003-03-04,1.0894,1.0969,1.0874,1.0955,9858,50,0,0.005599412520653546,1
2003-03-05,1.0958,1.1005,1.0946,1.0967,10246,50,0,0.00109539023277061,1
2003-03-06,1.0967,1.1011,1.0924,1.0969,10209,50,0,0.00018236527765114197,1
2003-03-07,1.0966,1.1069,1.0966,1.1007,9991,50,0,0.003464308505789049,1
2003-03-10,1.1006,1.1069,1.1004,1.1052,9274,50,0,0.004088307440719419,1
2003-03-11,1.1051,1.1087,1.1003,1.1043,9400,50,0,-0.0008143322475568926,-1
2003-03-12,1.1041,1.106,1.0982,1.0991,10172,50,0,-0.004708865344562274,-1
2003-03-13,1.0992,1.0995,1.0766,1.0795,10655,50,0,-0.017832772268219554,-1
2003-03-14,1.0793,1.0823,1.0691,1.0748,9680,50,0,-0.004353867531264433,-1
2003-03-17,1.0783,1.0845,1.0589,1.0618,10726,50,0,-0.012095273539262985,-1
2003-03-18,1.0615,1.0656,1.0543,1.0647,11007,50,0,0.002731211150875712,1
2003-03-19,1.0644,1.0657,1.0546,1.0573,10435,50,0,-0.006950314642622413,-1
2003-03-20,1.0575,1.0674,1.053,1.0618,10925,50,0,0.004256124089662583,1
2003-03-21,1.0617,1.0618,1.0502,1.0529,10511,50,0,-0.008381992842343311,-1
2003-03-24,1.0586,1.0676,1.0566,1.0652,9788,50,0,0.01168202108462335,1
2003-03-25,1.0651,1.0723,1.0632,1.0658,10480,50,0,0.0005632745024410912,1
2003-03-26,1.0659,1.0704,1.0622,1.0698,9817,50,0,0.003753049352599014,1
2003-03-27,1.0701,1.0747,1.0674,1.069,10267,50,0,-0.0007478033277249496,-1
2003-03-28,1.0691,1.0805,1.0668,1.0781,9663,50,0,0.008512628624883112,1
2003-03-31,1.0796999999999999,1.0934,1.078,1.0922,10419,50,0,0.013078564140617699,1
2003-04-01,1.0916,1.0926,1.0868,1.0918,9127,50,0,-0.0003662332906060328,-1
2003-04-02,1.092,1.0961,1.075,1.0769,10926,50,0,-0.013647188129694232,-1
2003-04-03,1.0769,1.0794,1.0686,1.0759,10656,50,0,-0.0009285913269568846,-1
2003-04-04,1.0759,1.0772,1.0684,1.0734,10575,50,0,-0.0023236360256531086,-1
2003-04-07,1.0672,1.0704,1.0559,1.0688,10362,50,0,-0.004285448108813039,-1
2003-04-08,1.0689,1.0726,1.0642,1.0724,10120,50,0,0.0033682634730538563,1
2003-04-09,1.0723,1.0785,1.0675,1.0773,10133,50,0,0.004569190600522077,1
2003-04-10,1.0774,1.0832,1.0758,1.0787,10105,50,0,0.001299545159194393,1
2003-04-11,1.0787,1.0792,1.0693,1.0756000000000001,9568,50,0,-0.0028738296097152727,-1
2003-04-14,1.0745,1.0814,1.0717,1.0772,9873,50,0,0.0014875418371140814,1
2003-04-15,1.0772,1.0824,1.0734,1.0804,10010,50,0,0.002970664686223534,1
2003-04-16,1.0803,1.0923,1.0783,1.091,9773,50,0,0.00981118104405776,1
2003-04-17,1.091,1.0977,1.0867,1.0882,10162,50,0,-0.0025664527956003047,-1
2003-04-18,1.0882,1.09,1.0868,1.0879,6126,50,0,-0.0002756846167983884,-1
2003-04-21,1.0898,1.0909,1.0821,1.086,7535,50,0,-0.001746484051842967,-1
2003-04-22,1.0859,1.1004,1.0848,1.0975,9227,50,0,0.01058931860036827,1
2003-04-23,1.0973,1.0984,1.092,1.0954,9271,50,0,-0.0019134396355352523,-1
2003-04-24,1.0948,1.1049,1.0944,1.1034,9527,50,0,0.007303268212525138,1
2003-04-25,1.1034,1.1051,1.096,1.1037,9580,50,0,0.00027188689505153185,1
2003-04-28,1.1037,1.1078000000000001,1.0975,1.0987,9246,50,0,-0.004530216544350707,-1
2003-04-29,1.0986,1.1087,1.093,1.1076,9327,50,0,0.008100482388276875,1
2003-04-30,1.1077,1.1191,1.1063,1.1183,10332,50,0,0.009660527266161179,1
2003-05-01,1.1182,1.1288,1.1154,1.1238,9221,50,0,0.0049181793794150774,1
2003-05-02,1.1237,1.1275,1.1188,1.123,9419,50,0,-0.0007118704395798758,-1
2003-05-05,1.1227,1.1305,1.1204,1.1289,11875,50,0,0.005253784505788062,1
2003-05-06,1.1295,1.1456,1.1275,1.1443,13569,50,0,0.013641598015767586,1
2003-05-07,1.1438,1.1444,1.1329,1.1352,13404,50,0,-0.007952460019225782,-1
2003-05-08,1.1352,1.1513,1.131,1.1486,13744,50,0,0.011804087385482775,1
2003-05-09,1.148,1.1541,1.1437,1.1489,13577,50,0,0.0002611875326483659,1
2003-05-12,1.1531,1.1629,1.1522999999999999,1.1566,12713,50,0,0.006702062842719236,1
2003-05-13,1.1566,1.1572,1.1463,1.1537,12862,50,0,-0.0025073491267508796,-1
2003-05-14,1.1537,1.1541,1.1467,1.1473,11043,50,0,-0.005547369333448904,-1
2003-05-15,1.1474,1.1491,1.1371,1.138,10184,50,0,-0.008105987971759876,-1
2003-05-16,1.1381999999999999,1.1597,1.1371,1.1597,9720,50,0,0.019068541300527375,1
2003-05-19,1.1673,1.1741,1.1622,1.1648,10975,50,0,0.004397689057515031,1
2003-05-20,1.1649,1.1721,1.1602000000000001,1.1714,11442,50,0,0.005666208791208716,1
2003-05-21,1.1717,1.1749,1.1625,1.1641,11426,50,0,-0.0062318593136418965,-1
2003-05-22,1.1641,1.1732,1.162,1.1693,10811,50,0,0.004466970191564279,1
2003-05-23,1.1694,1.1846,1.1665,1.1842,10421,50,0,0.012742666552638227,1
2003-05-26,1.1832,1.1878,1.1799,1.1862,8578,50,0,0.0016889039013681106,1
2003-05-27,1.1858,1.1931,1.181,1.1815,10743,50,0,-0.003962232338560079,-1
2003-05-28,1.1814,1.1851,1.1706,1.1755,10866,50,0,-0.005078290308929367,-1
2003-05-29,1.1754,1.1918,1.1691,1.1909,11621,50,0,0.013100808166737643,1
2003-05-30,1.1905999999999999,1.1919,1.1741,1.1785,11374,50,0,-0.010412293223612368,-1
2003-06-02,1.172,1.1772,1.1652,1.1771,11579,50,0,-0.0011879507848960857,-1
2003-06-03,1.1767,1.1783,1.1686,1.174,11317,50,0,-0.0026335910287996755,-1
2003-06-04,1.1741,1.1751,1.1632,1.164,10935,50,0,-0.008517887563884163,-1
2003-06-05,1.1639,1.189,1.1631,1.1843,11770,50,0,0.017439862542955265,1
2003-06-06,1.1844000000000001,1.1881,1.1684,1.1701,11132,50,0,-0.011990205184497116,-1
2003-06-09,1.1708,1.1791,1.1659,1.1716,11364,50,0,0.00128194171438345,1
2003-06-10,1.1716,1.1746,1.1666,1.1671,10563,50,0,-0.0038409013315123808,-1
2003-06-11,1.167,1.1785,1.1659,1.1756,11016,50,0,0.007283009168023158,1
2003-06-12,1.1756,1.181,1.1705,1.1764999999999999,10864,50,0,0.0007655665192241035,1
2003-06-13,1.1763,1.1882,1.1736,1.1874,10577,50,0,0.009264768380790489,1
2003-06-16,1.1876,1.1932,1.1818,1.1822,10596,50,0,-0.004379316152939294,-1
2003-06-17,1.1822,1.1869,1.1769,1.1781,10043,50,0,-0.0034681103028252336,-1
2003-06-18,1.1783,1.1807,1.1663000000000001,1.1682,9946,50,0,-0.008403361344537785,-1
2003-06-19,1.1684,1.1743000000000001,1.1583,1.1723,11401,50,0,0.00350967300119831,1
2003-06-20,1.1723,1.1738,1.1552,1.1605,10953,50,0,-0.010065682845687762,-1
2003-06-23,1.1579,1.1608,1.1509,1.1551,11339,50,0,-0.004653166738474823,-1
2003-06-24,1.155,1.1584,1.1477,1.1516,10231,50,0,-0.00303004068911783,-1
2003-06-25,1.1515,1.1625,1.1494,1.1533,11089,50,0,0.001476207016325226,1
2003-06-26,1.1534,1.1546,1.1414,1.1418,10675,50,0,-0.00997138645625606,-1
2003-06-27,1.1419,1.147,1.1399,1.1425,10052,50,0,0.0006130670870556632,1
2003-06-30,1.143,1.1537,1.1400000000000001,1.1524,9587,50,0,0.008665207877461834,1
2003-07-01,1.1522999999999999,1.1613,1.1507,1.1567,9568,50,0,0.003731343283582156,1
2003-07-02,1.1568,1.1572,1.1506,1.1532,9870,50,0,-0.003025849399152847,-1
2003-07-03,1.1531,1.1543,1.1432,1.1498,9806,50,0,-0.002948317724592475,-1
2003-07-04,1.1498,1.15,1.1446,1.1494,8639,50,0,-0.00034788658897200175,-1
2003-07-07,1.148,1.1484,1.1309,1.1316,10506,50,0,-0.015486340699495393,-1
2003-07-08,1.1317,1.1356,1.1258,1.1317,12139,50,0,8.837044892184842e-05,1
2003-07-09,1.1318,1.137,1.1305,1.1351,11305,50,0,0.0030043297693735926,1
2003-07-10,1.1351,1.1396,1.131,1.1383,11447,50,0,0.002819134877984464,1
2003-07-11,1.138,1.1381000000000001,1.1275,1.1280999999999999,11256,50,0,-0.008960730914521875,-1
2003-07-14,1.1289,1.1312,1.1242,1.1284,10681,50,0,0.0002659338711108461,1
2003-07-15,1.1282,1.1341,1.1155,1.1179000000000001,11501,50,0,-0.009305210918114093,-1
2003-07-16,1.1176,1.1236,1.1112,1.1223,11557,50,0,0.003935951337328936,1
2003-07-17,1.1221,1.1253,1.1155,1.1216,11496,50,0,-0.0006237191481779369,-1
2003-07-18,1.1216,1.1309,1.1172,1.1272,11123,50,0,0.004992867332382245,1
2003-07-21,1.125,1.1360000000000001,1.1242,1.1348,10754,50,0,0.006742370475514514,1
2003-07-22,1.1349,1.1377,1.1307,1.133,11087,50,0,-0.0015861825872400814,-1
2003-07-23,1.133,1.1495,1.1316,1.1485,11007,50,0,0.01368049426301865,1
2003-07-24,1.1485,1.1514,1.1423,1.1473,10559,50,0,-0.001044841097083249,-1
2003-07-25,1.1474,1.1553,1.1444,1.1513,10683,50,0,0.003486446439466606,1
2003-07-28,1.1497,1.1522999999999999,1.1452,1.1489,10444,50,0,-0.0020846000173716517,-1
2003-07-29,1.1487,1.1543,1.143,1.144,11188,50,0,-0.004264949081730474,-1
2003-07-30,1.1441,1.1456,1.1336,1.1358,11013,50,0,-0.007167832167832122,-1
2003-07-31,1.1357,1.1367,1.1225,1.1233,11114,50,0,-0.0110054587075189,-1
2003-08-01,1.1234,1.1285,1.1134,1.1276,10795,50,0,0.0038280067657794348,1
2003-08-04,1.1284,1.1378,1.1261,1.1355,10462,50,0,0.00700603050727211,1
2003-08-05,1.1356,1.1403,1.1307,1.1389,10296,50,0,0.0029942756494936162,1
2003-08-06,1.1389,1.143,1.1327,1.1336,10124,50,0,-0.004653613135481627,-1
2003-08-07,1.1337,1.1419,1.1319,1.1376,10305,50,0,0.003528581510232831,1
2003-08-08,1.1376,1.1384,1.1286,1.1307,9789,50,0,-0.006065400843881741,-1
2003-08-11,1.1306,1.1383,1.1264,1.1362,9049,50,0,0.004864243389051115,1
2003-08-12,1.1362,1.1377,1.1273,1.1278,9674,50,0,-0.007393064601302735,-1
2003-08-13,1.1279,1.1334,1.1218,1.1317,10613,50,0,0.0034580599397056044,1
2003-08-14,1.1317,1.1342,1.1226,1.1276,10418,50,0,-0.003622868251303313,-1
2003-08-15,1.1275,1.1291,1.1241,1.1264,10498,50,0,-0.0010642071656614682,-1
2003-08-18,1.1267,1.1272,1.1126,1.1149,9223,50,0,-0.010209517045454586,-1
2003-08-19,1.1149,1.1155,1.1053,1.1145,9923,50,0,-0.00035877657188976286,-1
2003-08-20,1.1143,1.115,1.1081,1.1122,9686,50,0,-0.0020637056976222645,-1
2003-08-21,1.112,1.1125,1.0884,1.0928,10109,50,0,-0.01744290595216691,-1
2003-08-22,1.0929,1.0948,1.0835,1.0887,10043,50,0,-0.0037518301610541815,-1
2003-08-25,1.0869,1.0923,1.0844,1.0848,9679,50,0,-0.003582254064480539,-1
2003-08-26,1.0851,1.0911,1.0788,1.0862,10296,50,0,0.0012905604719763986,1
2003-08-27,1.0862,1.0935,1.0831,1.0873,10606,50,0,0.0010127048425703222,1
2003-08-28,1.0872,1.0917,1.0809,1.0883,10189,50,0,0.0009197093718384952,1
2003-08-29,1.0884,1.1,1.0871,1.0985,10087,50,0,0.009372415694201885,1
2003-09-01,1.099,1.1019,1.0953,1.0963,9051,50,0,-0.0020027309968138063,-1
2003-09-02,1.0961,1.0968,1.0799,1.0808,10654,50,0,-0.014138465748426587,-1
2003-09-03,1.0808,1.0875,1.0762,1.0842,11335,50,0,0.003145817912657334,1
2003-09-04,1.0841,1.0953,1.0809,1.094,10566,50,0,0.009038922707987451,1
2003-09-05,1.0941,1.1114,1.0914,1.1112,10484,50,0,0.015722120658135275,1
2003-09-08,1.1098,1.1132,1.1047,1.1071,10333,50,0,-0.0036897048236140817,-1
2003-09-09,1.1071,1.1243,1.1055,1.1228,10297,50,0,0.014181194110739703,1
2003-09-10,1.1228,1.1239,1.1162,1.1205,10142,50,0,-0.0020484503028144196,-1
2003-09-11,1.1206,1.1275,1.1154,1.1203,10459,50,0,-0.00017849174475681462,-1
2003-09-12,1.1203,1.1327,1.1135,1.1292,9954,50,0,0.007944300633758727,1
2003-09-15,1.1262,1.1313,1.1244,1.1285,9742,50,0,-0.0006199078993976981,-1
2003-09-16,1.1285,1.1322,1.1154,1.1172,9278,50,0,-0.010013291980505157,-1
2003-09-17,1.1171,1.1303,1.1138,1.1284,9835,50,0,0.010025062656641603,1
2003-09-18,1.1283,1.1346,1.1226,1.1249,10483,50,0,-0.0031017369727047717,-1
2003-09-19,1.1248,1.1394,1.1238,1.1384,9756,50,0,0.012001066761490042,1
2003-09-22,1.1452,1.1508,1.1414,1.1461999999999999,11354,50,0,0.006851721714687065,1
2003-09-23,1.1463,1.1529,1.1433,1.1435,9963,50,0,-0.002355609841214412,-1
2003-09-24,1.1436,1.1507,1.1427,1.1488,10106,50,0,0.004634892872759089,1
2003-09-25,1.1489,1.1537,1.1458,1.1473,10521,50,0,-0.0013057103064066933,-1
2003-09-26,1.147,1.1502,1.1439,1.1478,9738,50,0,0.000435805804933187,1
2003-09-29,1.1459,1.1641,1.1394,1.162,10569,50,0,0.012371493291514213,1
2003-09-30,1.1616,1.1739,1.1572,1.1658,12003,50,0,0.00327022375215158,1
2003-10-01,1.1653,1.1739,1.1643,1.1731,10442,50,0,0.006261794475896476,1
2003-10-02,1.1731,1.1771,1.1662,1.1685,11330,50,0,-0.003921234336373702,-1
2003-10-03,1.1686,1.1724,1.1551,1.1582,10473,50,0,-0.008814719726144782,-1
2003-10-06,1.1574,1.1726,1.1531,1.1714,10230,50,0,0.011396995337592974,1
2003-10-07,1.1713,1.1815,1.1697,1.1773,10618,50,0,0.005036708212395435,1
2003-10-08,1.1773,1.1843,1.1764999999999999,1.1821,10571,50,0,0.004077125626433364,1
2003-10-09,1.1821,1.1865,1.1685,1.1745,10780,50,0,-0.006429236105236269,-1
2003-10-10,1.1745,1.1851,1.1703000000000001,1.1799,10077,50,0,0.0045977011494251485,1
2003-10-13,1.1809,1.1819,1.1652,1.1714,9594,50,0,-0.007204000339011696,-1
2003-10-14,1.1713,1.1767,1.1582,1.1733,11410,50,0,0.0016219907802630384,1
2003-10-15,1.1732,1.1748,1.1588,1.1616,11206,50,0,-0.009971874200971675,-1
2003-10-16,1.1616,1.1698,1.1569,1.1599,10916,50,0,-0.001463498622589543,-1
2003-10-17,1.1599,1.1687,1.1544,1.1679,10255,50,0,0.006897146305715918,1
2003-10-20,1.1703999999999999,1.1718,1.1602000000000001,1.1627,10855,50,0,-0.004452435996232462,-1
2003-10-21,1.1626,1.1703999999999999,1.1617,1.1671,10219,50,0,0.0037842951750235443,1
2003-10-22,1.1668,1.183,1.165,1.1807,10453,50,0,0.011652814668837275,1
2003-10-23,1.1809,1.1847,1.1755,1.1798,10645,50,0,-0.0007622596764632616,-1
2003-10-24,1.1797,1.186,1.1762,1.1786,10405,50,0,-0.0010171215460246241,-1
2003-10-27,1.1773,1.1787,1.1719,1.1739,10408,50,0,-0.003987782114373117,-1
2003-10-28,1.1739,1.1746,1.1657,1.1676,10970,50,0,-0.005366726296958779,-1
2003-10-29,1.1677,1.1723,1.1658,1.1667,10255,50,0,-0.0007708119218909903,-1
2003-10-30,1.1667,1.1759,1.1611,1.1627,10607,50,0,-0.003428473472186555,-1
2003-10-31,1.1626,1.166,1.1562999999999999,1.1586,10093,50,0,-0.0035262750494537975,-1
2003-11-03,1.1582,1.1623,1.1428,1.1466,9551,50,0,-0.01035732780942522,-1
2003-11-04,1.1466,1.1515,1.1427,1.1494,9197,50,0,0.0024420024420024333,1
2003-11-05,1.1493,1.1501000000000001,1.1413,1.1438,9210,50,0,-0.00487210718635811,-1
2003-11-06,1.1439,1.1468,1.1389,1.1414,10069,50,0,-0.0020982689281342504,-1
2003-11-07,1.1411,1.1545,1.1376,1.152,10355,50,0,0.00928684072192043,1
2003-11-10,1.1503,1.1538,1.1461000000000001,1.147,9762,50,0,-0.004340277777777679,-1
2003-11-11,1.147,1.1533,1.1444,1.1519,9485,50,0,0.004272013949433218,1
2003-11-12,1.1514,1.1663000000000001,1.1506,1.163,10333,50,0,0.009636253146974694,1
2003-11-13,1.1629,1.1749,1.1629,1.1735,10653,50,0,0.009028374892519286,1
2003-11-14,1.1735,1.1806,1.1728,1.1784,10807,50,0,0.004175543246697888,1
2003-11-17,1.1814,1.1852,1.1724,1.1748,10728,50,0,-0.003054989816700493,-1
2003-11-18,1.1747,1.1978,1.1735,1.1965,11013,50,0,0.018471229145386348,1
2003-11-19,1.1968,1.1981,1.1873,1.1892,11454,50,0,-0.00610112829084819,-1
2003-11-20,1.1893,1.1968,1.1881,1.1911,10647,50,0,0.0015977127480659714,1
2003-11-21,1.1911,1.1941,1.1856,1.1925,10279,50,0,0.0011753840987320796,1
2003-11-24,1.1912,1.1921,1.1759,1.1773,9705,50,0,-0.012746331236897168,-1
2003-11-25,1.1773,1.1823,1.1754,1.18,10498,50,0,0.002293383164868601,1
2003-11-26,1.18,1.195,1.1772,1.1932,10731,50,0,0.011186440677966258,1
2003-11-27,1.1928,1.1944,1.1886,1.1916,8817,50,0,-0.001340931947703683,-1
2003-11-28,1.1916,1.2019,1.1899,1.1998,9677,50,0,0.006881503860355798,1
2003-12-01,1.1988,1.2044,1.1935,1.1971,10994,50,0,-0.002250375062510357,-1
2003-12-02,1.1968,1.2116,1.1943,1.2106,10826,50,0,0.011277253362292017,1
2003-12-03,1.2106,1.2131,1.2064,1.2118,11116,50,0,0.0009912440112340715,1
2003-12-04,1.2117,1.2159,1.2028,1.2083,11001,50,0,-0.0028882653903284927,-1
2003-12-05,1.2085,1.2187999999999999,1.2062,1.2187999999999999,10865,50,0,0.008689894893652239,1
2003-12-08,1.2167,1.2242,1.2151,1.223,10487,50,0,0.0034460124712833995,1
2003-12-09,1.2227999999999999,1.2278,1.2186,1.2248999999999999,10480,50,0,0.001553556827473157,1
2003-12-10,1.2248999999999999,1.2268,1.2151,1.2213,11277,50,0,-0.0029390154298308824,-1
2003-12-11,1.2212,1.2237,1.2114,1.2226,11133,50,0,0.0010644395316465882,1
2003-12-12,1.2227000000000001,1.2309,1.2208,1.2276,10328,50,0,0.004089645018812371,1
2003-12-15,1.2133,1.2327,1.2132,1.2315,11397,50,0,0.003176930596285432,1
2003-12-16,1.2314,1.2365,1.2302,1.2333,11095,50,0,0.0014616321559075551,1
2003-12-17,1.2334,1.2424,1.2296,1.2404,10930,50,0,0.005756912348982235,1
2003-12-18,1.24,1.2443,1.2359,1.2423,11001,50,0,0.00153176394711374,1
2003-12-19,1.2421,1.2435,1.2344,1.2382,9880,50,0,-0.0033003300330033403,-1
2003-12-22,1.2382,1.2449,1.2349999999999999,1.2408,10095,50,0,0.00209982232272643,1
2003-12-23,1.2404,1.2429999999999999,1.2384,1.2405,9442,50,0,-0.00024177949709858204,-1
2003-12-24,1.2407,1.2473,1.2395,1.2448,8770,50,0,0.003466344216041861,1
2003-12-25,1.2449,1.2464,1.2437,1.2449,3671,50,0,8.033419023134591e-05,1
2003-12-26,1.245,1.2472,1.2421,1.2422,6712,50,0,-0.0021688489035263103,-1
2003-12-29,1.2433,1.2511999999999999,1.2426,1.2492,9377,50,0,0.005635163419739353,1
2003-12-30,1.2492,1.2565,1.2478,1.2549000000000001,9395,50,0,0.004562920268972093,1
2003-12-31,1.255,1.2649,1.2511999999999999,1.2588,9089,50,0,0.0031078173559644373,1
2004-01-01,1.2591999999999999,1.2606,1.2533,1.2565,1124,40,0,-0.0018271369558309214,-1
2004-01-02,1.2570000000000001,1.2631000000000001,1.2523,1.2596,9752,40,0,0.002467170712296074,1
2004-01-05,1.2609,1.2698,1.2608,1.2677,11043,40,0,0.006430612892981857,1
2004-01-06,1.2677,1.2814,1.2667,1.2728,10817,40,0,0.004023033840814039,1
2004-01-07,1.2727,1.2747,1.2621,1.2628,10996,40,0,-0.007856693903205536,-1
2004-01-08,1.2631999999999999,1.2786,1.256,1.2776,11462,40,0,0.011719987329743553,1
2004-01-09,1.2778,1.287,1.2703,1.282,11115,40,0,0.003443957420162791,1
2004-01-12,1.2842,1.2901,1.2735,1.2738,10988,40,0,-0.006396255850233956,-1
2004-01-13,1.274,1.28,1.2711999999999999,1.2771,11663,40,0,0.002590673575129321,1
2004-01-14,1.2766,1.2791000000000001,1.2628,1.2647,11698,40,0,-0.00970949808159105,-1
2004-01-15,1.2647,1.2674,1.256,1.2591,11548,40,0,-0.00442792757175603,-1
2004-01-16,1.2591,1.2610999999999999,1.2351,1.2395,11397,40,0,-0.015566674608847642,-1
2004-01-19,1.2383,1.2427,1.2333,1.236,10596,40,0,-0.0028237192416297185,-1
2004-01-20,1.2356,1.2601,1.2345,1.2599,11405,40,0,0.019336569579287977,1
2004-01-21,1.2601,1.2675,1.2548,1.2639,11671,40,0,0.0031748551472339237,1
2004-01-22,1.2643,1.2752,1.2633,1.2730000000000001,11207,40,0,0.007199936703853327,1
2004-01-23,1.2731,1.2779,1.2562,1.2586,10895,40,0,-0.011311861743912188,-1
2004-01-26,1.258,1.2617,1.2456,1.2469999999999999,11662,40,0,-0.009216589861751223,-1
2004-01-27,1.2469000000000001,1.2665,1.2437,1.2643,11714,40,0,0.013873295910184602,1
2004-01-28,1.2643,1.2648,1.241,1.2429999999999999,12759,40,0,-0.01684726726251684,-1
2004-01-29,1.2422,1.2532,1.2362,1.2407,12111,40,0,-0.001850362027353114,-1
2004-01-30,1.2408,1.2495,1.2349999999999999,1.2467,11891,40,0,0.004835979688885272,1
2004-02-02,1.2481,1.2490999999999999,1.2391,1.2441,10340,40,0,-0.002085505735140769,-1
2004-02-03,1.2442,1.2601,1.2416,1.2546,11802,40,0,0.008439836026042924,1
2004-02-04,1.2548,1.2565,1.249,1.2538,12184,40,0,-0.0006376534353578212,-1
2004-02-05,1.2538,1.264,1.252,1.2557,11999,40,0,0.0015153932046578777,1
2004-02-06,1.2556,1.2727,1.2511999999999999,1.2705,11789,40,0,0.01178625467866512,1
2004-02-09,1.2619,1.2764,1.2606,1.2695,12458,40,0,-0.0007870916961825181,-1
2004-02-10,1.27,1.2791000000000001,1.2667,1.2684,13030,40,0,-0.0008664828672706459,-1
2004-02-11,1.2685,1.2849,1.2647,1.2844,12719,40,0,0.012614317250078777,1
2004-02-12,1.2844,1.2848,1.2786,1.2817,12373,40,0,-0.002102148863282416,-1
2004-02-13,1.2819,1.2894,1.2715,1.2732999999999999,11656,40,0,-0.006553795740032897,-1
2004-02-16,1.2728,1.2793,1.2718,1.2765,9962,40,0,0.002513154794628214,1
2004-02-17,1.2771,1.2878,1.2755,1.2854,10143,40,0,0.006972189580885413,1
2004-02-18,1.2854999999999999,1.293,1.266,1.2708,11030,40,0,-0.011358332036720209,-1
2004-02-19,1.27,1.2747,1.2647,1.2736,10650,40,0,0.002203336480957052,1
2004-02-20,1.2739,1.2769,1.2493,1.2541,10884,40,0,-0.015310929648241212,-1
2004-02-23,1.2517,1.2596,1.245,1.2577,10380,40,0,0.0028705844828962324,1
2004-02-24,1.2576,1.2716,1.2522,1.2686,10491,40,0,0.008666613659855216,1
2004-02-25,1.2683,1.2709,1.2476,1.2493,10495,40,0,-0.015213621314835168,-1
2004-02-26,1.2489,1.2517,1.2382,1.2439,10620,40,0,-0.004322420555511131,-1
2004-02-27,1.244,1.251,1.2371,1.2495,10339,40,0,0.004501969611705237,1
2004-03-01,1.2481,1.2544,1.2426,1.2461,10045,40,0,-0.0027210884353742193,-1
2004-03-02,1.2463,1.2463,1.2195,1.2213,10209,40,0,-0.019902094534948955,-1
2004-03-03,1.2214,1.222,1.2056,1.2193,11388,40,0,-0.001637599279456281,-1
2004-03-04,1.2194,1.2243,1.2134,1.2191,10858,40,0,-0.000164028540966088,-1
2004-03-05,1.2186,1.2433,1.2174,1.2361,10499,40,0,0.013944713313099655,1
2004-03-08,1.2366,1.2418,1.2337,1.2398,9784,40,0,0.002993285332901996,1
2004-03-09,1.2399,1.2463,1.2274,1.2311,10683,40,0,-0.007017260848523943,-1
2004-03-10,1.2311,1.2342,1.2198,1.2223,10926,40,0,-0.007148078953781334,-1
2004-03-11,1.2225,1.2389000000000001,1.2162,1.2345,11572,40,0,0.009981183015626227,1
2004-03-12,1.2345,1.2361,1.2173,1.2221,10671,40,0,-0.010044552450384714,-1
2004-03-15,1.221,1.2319,1.22,1.2264,10542,40,0,0.0035185336715488624,1
2004-03-16,1.2265,1.2375,1.223,1.2272,10688,40,0,0.000652315720808927,1
2004-03-17,1.2269,1.2292,1.2177,1.2232,10282,40,0,-0.0032594524119947677,-1
2004-03-18,1.223,1.2438,1.2221,1.2388,11372,40,0,0.012753433616742749,1
2004-03-19,1.2389999999999999,1.241,1.2256,1.2283,10325,40,0,-0.008475944462382867,-1
2004-03-22,1.2274,1.2403,1.2222,1.2346,10059,40,0,0.005129040136774288,1
2004-03-23,1.2345,1.2372,1.2264,1.2351,9985,40,0,0.00040498947027400867,1
2004-03-24,1.2353,1.237,1.2109,1.2122,10630,40,0,-0.018541008825196492,-1
2004-03-25,1.2121,1.2203,1.2096,1.2119,11069,40,0,-0.0002474839135455653,-1
2004-03-26,1.212,1.2215,1.207,1.2123,10371,40,0,0.0003300602359930238,1
2004-03-29,1.2118,1.2171,1.2046000000000001,1.216,10079,40,0,0.0030520498226511705,1
2004-03-30,1.216,1.2229,1.2151,1.217,10193,40,0,0.000822368421052655,1
2004-03-31,1.2173,1.2325,1.2169,1.2316,10538,40,0,0.01199671322925222,1
2004-04-01,1.2314,1.2391,1.2253,1.2365,10193,40,0,0.00397856446898337,1
2004-04-02,1.2364,1.2374,1.2102,1.2133,10165,40,0,-0.01876263647391818,-1
2004-04-05,1.2112,1.2131,1.1983,1.2003,10662,40,0,-0.010714580070881219,-1
2004-04-06,1.2002,1.2145,1.1979,1.2141,11547,40,0,0.011497125718570311,1
2004-04-07,1.214,1.22,1.205,1.2172,10209,40,0,0.002553331686022675,1
2004-04-08,1.2171,1.2221,1.2059,1.2083,9720,40,0,-0.007311863292803311,-1
2004-04-09,1.2084,1.2116,1.2065,1.2091,6764,40,0,0.000662087229992725,1
2004-04-12,1.2086000000000001,1.21,1.2054,1.2079,8554,40,0,-0.000992473740799027,-1
2004-04-13,1.2081,1.2084,1.1904,1.1936,12321,40,0,-0.011838728371553975,-1
2004-04-14,1.1936,1.1977,1.1868,1.1955,12609,40,0,0.0015918230563003455,1
2004-04-15,1.1954,1.1996,1.1892,1.1977,13025,40,0,0.0018402342116268233,1
2004-04-16,1.1978,1.2049,1.1922,1.1999,12372,40,0,0.0018368539701094644,1
2004-04-19,1.2016,1.2081,1.2001,1.2006000000000001,9527,40,0,0.0005833819484957203,1
2004-04-20,1.2006000000000001,1.2013,1.1841,1.185,9979,40,0,-0.012993503248375893,-1
2004-04-21,1.1846,1.1917,1.1815,1.1835,10011,40,0,-0.0012658227848101333,-1
2004-04-22,1.1834,1.1917,1.1778,1.1909,10077,40,0,0.006252640473172866,1
2004-04-23,1.1909,1.1945000000000001,1.1796,1.1843,9810,40,0,-0.005542027038374475,-1
2004-04-26,1.1801,1.1886,1.1759,1.1862,9188,40,0,0.001604323228911575,1
2004-04-27,1.186,1.1949,1.1832,1.1926,9335,40,0,0.005395380205698963,1
2004-04-28,1.1926,1.1948,1.1822,1.1848,10483,40,0,-0.006540332047627051,-1
2004-04-29,1.1851,1.1987,1.1803,1.1963,12956,40,0,0.009706279540850682,1
2004-04-30,1.1963,1.2016,1.1917,1.1985999999999999,11929,40,0,0.0019225946668894878,1
2004-05-03,1.1996,1.2005,1.192,1.1941,11439,40,0,-0.003754380110128408,-1
2004-05-04,1.1941,1.2123,1.1926,1.2105,12013,40,0,0.013734193116154314,1
2004-05-05,1.211,1.2182,1.2096,1.2159,12801,40,0,0.004460966542751077,1
2004-05-06,1.216,1.2177,1.2062,1.2071,13247,40,0,-0.007237437289250748,-1
2004-05-07,1.2069,1.2147999999999999,1.1875,1.1893,12652,40,0,-0.01474608565984592,-1
2004-05-10,1.1881,1.1898,1.1811,1.1827,12852,40,0,-0.005549482889094404,-1
2004-05-11,1.1832,1.1893,1.1787,1.1865,12223,40,0,0.003212987232603437,1
2004-05-12,1.1865,1.1945000000000001,1.1834,1.1907,12863,40,0,0.003539823008849474,1
2004-05-13,1.1905999999999999,1.1933,1.177,1.1809,13347,40,0,-0.008230452674897193,-1
2004-05-14,1.1806,1.1905000000000001,1.178,1.189,12103,40,0,0.006859175205351953,1
2004-05-17,1.1891,1.2063,1.1878,1.2022,13255,40,0,0.011101766190075635,1
2004-05-18,1.2019,1.2042,1.1928,1.1952,12835,40,0,-0.005822658459490815,-1
2004-05-19,1.1951,1.2046999999999999,1.1936,1.2021,12966,40,0,0.005773092369477872,1
2004-05-20,1.202,1.202,1.1894,1.1965,12948,40,0,-0.004658514266699942,-1
2004-05-21,1.1962,1.2074,1.1952,1.1996,12097,40,0,0.002590890096113796,1
2004-05-24,1.1993,1.2027,1.1932,1.201,12106,40,0,0.0011670556852285685,1
2004-05-25,1.2005,1.213,1.1985000000000001,1.2102,12741,40,0,0.007660283097418619,1
2004-05-26,1.2102,1.2147000000000001,1.2077,1.2116,12837,40,0,0.001156833581226202,1
2004-05-27,1.2115,1.2293,1.2086999999999999,1.2268,13031,40,0,0.012545394519643427,1
2004-05-28,1.227,1.23,1.2201,1.2215,12467,40,0,-0.00432018258884892,-1
2004-05-31,1.224,1.2248,1.2177,1.2192,11815,40,0,-0.0018829308227589214,-1
2004-06-01,1.2197,1.2269,1.2155,1.2244,13310,40,0,0.004265091863516979,1
2004-06-02,1.2241,1.231,1.2205,1.2209,12305,40,0,-0.002858542959816912,-1
2004-06-03,1.2212,1.2255,1.2169,1.2218,12880,40,0,0.000737161110655915,1
2004-06-04,1.2219,1.2333,1.2136,1.2286,12604,40,0,0.005565559011294852,1
2004-06-07,1.23,1.2342,1.2291,1.2321,11942,40,0,0.0028487709588149723,1
2004-06-08,1.2319,1.2356,1.2245,1.2259,12465,40,0,-0.00503205908611315,-1
2004-06-09,1.2258,1.2278,1.2027,1.2028,13154,40,0,-0.01884329880088087,-1
2004-06-10,1.2026,1.2121,1.2022,1.2114,12165,40,0,0.007149983372131574,1
2004-06-11,1.2117,1.2117,1.1965,1.2009,12319,40,0,-0.00866765725606733,-1
2004-06-14,1.1974,1.2091,1.1953,1.2056,12795,40,0,0.0039137313681405494,1
2004-06-15,1.2054,1.2174,1.2027,1.2162,12397,40,0,0.008792302587923073,1
2004-06-16,1.2164,1.2173,1.198,1.2006999999999999,11939,40,0,-0.012744614372636187,-1
2004-06-17,1.2011,1.2081,1.1992,1.2046000000000001,12020,40,0,0.0032481052719248726,1
2004-06-18,1.2046000000000001,1.2151,1.1972,1.2142,11884,40,0,0.007969450439979875,1
2004-06-21,1.2144,1.2151,1.2076,1.2112,12201,40,0,-0.0024707626420688023,-1
2004-06-22,1.2112,1.2136,1.2065,1.212,11981,40,0,0.0006605019815058011,1
2004-06-23,1.2114,1.2196,1.2063,1.209,12389,40,0,-0.0024752475247523664,-1
2004-06-24,1.2093,1.2193,1.204,1.2185,12332,40,0,0.007857733664185185,1
2004-06-25,1.2183,1.2193,1.2105,1.2181,12048,40,0,-0.0003282724661468617,-1
2004-06-28,1.2178,1.2232,1.2122,1.2184,11372,40,0,0.0002462851982596437,1
2004-06-29,1.2187000000000001,1.2195,1.2068,1.2081,11503,40,0,-0.008453709783322383,-1
2004-06-30,1.2081,1.2208,1.2066,1.2186,11958,40,0,0.008691333498882514,1
2004-07-01,1.2187999999999999,1.2213,1.213,1.2159,11694,40,0,-0.0022156573116690614,-1
2004-07-02,1.2156,1.2331,1.2141,1.2321,11772,40,0,0.013323464100666094,1
2004-07-05,1.2328000000000001,1.2339,1.2269,1.2285,11085,40,0,-0.0029218407596786067,-1
2004-07-06,1.2284,1.2333,1.2263,1.2292,11883,40,0,0.0005698005698007158,1
2004-07-07,1.2288000000000001,1.2393,1.2273,1.2368999999999999,12215,40,0,0.006264236902050024,1
2004-07-08,1.2366,1.2409,1.2339,1.2395,10953,40,0,0.0021020292667153218,1
2004-07-09,1.2392,1.2426,1.2368999999999999,1.2418,11055,40,0,0.001855586930213704,1
2004-07-12,1.2411,1.244,1.2383,1.241,11315,40,0,-0.0006442261233692292,-1
2004-07-13,1.241,1.2415,1.2299,1.2336,11463,40,0,-0.005962933118452973,-1
2004-07-14,1.2337,1.2425,1.2317,1.2387,11195,40,0,0.004134241245136172,1
2004-07-15,1.2385,1.2393,1.2326,1.2356,11157,40,0,-0.002502623718414365,-1
2004-07-16,1.2356,1.2462,1.2327,1.2454,11079,40,0,0.007931369375202335,1
2004-07-19,1.2451,1.2464,1.2398,1.2446,10378,40,0,-0.0006423638991489566,-1
2004-07-20,1.2442,1.2457,1.2299,1.2331,11091,40,0,-0.009239916439016449,-1
2004-07-21,1.2328000000000001,1.2353,1.221,1.2279,11571,40,0,-0.004217014029681332,-1
2004-07-22,1.2278,1.2296,1.2232,1.2256,11555,40,0,-0.0018731167033145812,-1
2004-07-23,1.2259,1.2269,1.2088,1.2095,10827,40,0,-0.013136422976501305,-1
2004-07-26,1.2103,1.2174,1.2089,1.2149,11630,40,0,0.004464654816039637,1
2004-07-27,1.2149,1.2193,1.2035,1.2058,11759,40,0,-0.007490328422092407,-1
2004-07-28,1.2058,1.2083,1.1999,1.2058,12287,40,0,0.0,-1
2004-07-29,1.2055,1.2099,1.199,1.2043,12632,40,0,-0.0012439873942611257,-1
2004-07-30,1.204,1.2122,1.2001,1.2019,12215,40,0,-0.001992858922195473,-1
2004-08-02,1.2069,1.2096,1.2019,1.2025000000000001,11448,40,0,0.0004992095848241895,1
2004-08-03,1.2025000000000001,1.2079,1.1994,1.2051,10854,40,0,0.00216216216216214,1
2004-08-04,1.2048,1.2071,1.1968,1.205,11037,40,0,-8.298066550493921e-05,-1
2004-08-05,1.2053,1.2076,1.2019,1.2059,10445,40,0,0.0007468879668048878,1
2004-08-06,1.2058,1.2294,1.2042,1.2283,11900,40,0,0.01857533792188404,1
2004-08-09,1.2287,1.2293,1.2245,1.2266,11389,40,0,-0.0013840267035740705,-1
2004-08-10,1.2267000000000001,1.2323,1.2221,1.2227999999999999,11031,40,0,-0.0030979944562204986,-1
2004-08-11,1.2229,1.2252,1.2195,1.2225,10858,40,0,-0.0002453385672227526,-1
2004-08-12,1.2227000000000001,1.2296,1.2215,1.2248999999999999,11356,40,0,0.001963190184049113,1
2004-08-13,1.225,1.2381,1.2175,1.2377,11763,40,0,0.010449832639399359,1
2004-08-16,1.2379,1.2385,1.2314,1.2359,10501,40,0,-0.0014543104144785213,-1
2004-08-17,1.236,1.2391,1.231,1.2348,10484,40,0,-0.0008900396472206751,-1
2004-08-18,1.2349999999999999,1.2368000000000001,1.2284,1.2338,10460,40,0,-0.0008098477486231381,-1
2004-08-19,1.2335,1.2382,1.2332,1.2368000000000001,10820,40,0,0.002431512400713265,1
2004-08-20,1.2368999999999999,1.2385,1.2278,1.2319,10504,40,0,-0.003961836998706447,-1
2004-08-23,1.2313,1.2322,1.2131,1.2139,10723,40,0,-0.014611575614903782,-1
2004-08-24,1.214,1.217,1.2058,1.2082,11081,40,0,-0.004695609193508532,-1
2004-08-25,1.2079,1.2119,1.2052,1.2085,11293,40,0,0.0002483032610494096,1
2004-08-26,1.2084,1.2119,1.2049,1.2105,10833,40,0,0.001654944145635051,1
2004-08-27,1.2102,1.2138,1.2004,1.2015,10764,40,0,-0.0074349442379181285,-1
2004-08-30,1.2012,1.2071,1.1985999999999999,1.2053,8409,40,0,0.0031627132750728926,1
2004-08-31,1.2052,1.2196,1.2043,1.2182,8997,40,0,0.010702729610885253,1
2004-09-01,1.2181,1.2224,1.2144,1.2191,9260,40,0,0.0007387949433590446,1
2004-09-02,1.2191,1.2202,1.214,1.2169,10286,40,0,-0.0018046099581658925,-1
2004-09-03,1.2166,1.2197,1.2041,1.2061,10736,40,0,-0.00887501027200277,-1
2004-09-06,1.2062,1.2082,1.2046000000000001,1.2065,7881,40,0,0.0003316474587513607,1
2004-09-07,1.2066,1.2114,1.2054,1.2104,8741,40,0,0.003232490675507682,1
2004-09-08,1.2107,1.2195,1.2026,1.2184,9503,40,0,0.006609385327164485,1
2004-09-09,1.2175,1.2239,1.2158,1.2233,9187,40,0,0.004021667760998104,1
2004-09-10,1.2233,1.2311,1.2196,1.2269,9766,40,0,0.002942859478459958,1
2004-09-13,1.2268,1.2288999999999999,1.2223,1.226,8435,40,0,-0.000733556117043066,-1
2004-09-14,1.2262,1.2297,1.2224,1.2247,9362,40,0,-0.0010603588907015515,-1
2004-09-15,1.2248,1.2264,1.2134,1.2152,9293,40,0,-0.007757001714705503,-1
2004-09-16,1.215,1.2205,1.212,1.2185,8873,40,0,0.0027156023699801413,1
2004-09-17,1.2186,1.2225,1.2156,1.217,8557,40,0,-0.0012310217480507868,-1
2004-09-20,1.2174,1.2183,1.2125,1.2172,8284,40,0,0.0001643385373870654,1
2004-09-21,1.2174,1.2348,1.2167,1.233,8862,40,0,0.012980611238909034,1
2004-09-22,1.233,1.2334,1.2224,1.2263,9193,40,0,-0.005433901054339163,-1
2004-09-23,1.2263,1.2335,1.2253,1.2267000000000001,9358,40,0,0.0003261844573108075,1
2004-09-24,1.2265,1.2364,1.2237,1.2276,8791,40,0,0.0007336757153337814,1
2004-09-27,1.2283,1.2319,1.2246,1.2299,8491,40,0,0.0018735744542195398,1
2004-09-28,1.2293,1.2349,1.228,1.2325,9011,40,0,0.002113993007561543,1
2004-09-29,1.2326,1.2344,1.2288000000000001,1.2332,8576,40,0,0.0005679513184584373,1
2004-09-30,1.2332,1.2446,1.2313,1.2428,9267,40,0,0.007784625364904096,1
2004-10-01,1.2429000000000001,1.244,1.2383,1.2402,8607,40,0,-0.0020920502092049986,-1
2004-10-04,1.2401,1.2402,1.2256,1.2285,8818,40,0,-0.009433962264150941,-1
2004-10-05,1.2286,1.2332,1.2263,1.2309,9101,40,0,0.0019536019536021687,1
2004-10-06,1.2311,1.2325,1.2246,1.2282,9021,40,0,-0.0021935169388254128,-1
2004-10-07,1.2282,1.2316,1.2271,1.2286,8559,40,0,0.00032567985670084454,1
2004-10-08,1.2285,1.2435,1.2282,1.2408,9058,40,0,0.009930001627869167,1
2004-10-11,1.2417,1.2424,1.2368000000000001,1.2385,7781,40,0,-0.001853642811089573,-1
2004-10-12,1.2385,1.2393,1.2287,1.2328000000000001,8543,40,0,-0.004602341542187971,-1
2004-10-13,1.2327,1.2358,1.2224,1.234,8499,40,0,0.0009733939000646785,1
2004-10-14,1.2338,1.2421,1.2321,1.2383,9655,40,0,0.0034846029173418724,1
2004-10-15,1.2383,1.2507,1.2353,1.2477,9591,40,0,0.007591052249051211,1
2004-10-18,1.2477,1.2536,1.2461,1.2490999999999999,8501,40,0,0.0011220645988618827,1
2004-10-19,1.2492,1.2529,1.2451,1.2517,9063,40,0,0.002081498679048943,1
2004-10-20,1.2517,1.2631000000000001,1.2494,1.2583,9312,40,0,0.0052728289526244865,1
2004-10-21,1.2581,1.2652999999999999,1.2570999999999999,1.2612999999999999,9720,40,0,0.002384169117062518,1
2004-10-22,1.2612,1.2692,1.2596,1.2686,8940,40,0,0.005787679378419064,1
2004-10-25,1.272,1.2831000000000001,1.2709,1.2803,10261,40,0,0.009222765253034781,1
2004-10-26,1.2805,1.2844,1.2726,1.2747,9770,40,0,-0.004373974849644635,-1
2004-10-27,1.275,1.2816,1.2692,1.2702,9903,40,0,-0.00353024240997879,-1
2004-10-28,1.2701,1.2768,1.2631000000000001,1.2742,9856,40,0,0.003149110376318598,1
2004-10-29,1.2744,1.28,1.2705,1.2787,9191,40,0,0.003531627687961114,1
2004-11-01,1.2818,1.2833,1.2716,1.2753,8969,40,0,-0.0026589504965980337,-1
2004-11-02,1.2753,1.2758,1.2663,1.2744,9186,40,0,-0.0007057163020466328,-1
2004-11-03,1.2743,1.2832,1.2655,1.2826,10437,40,0,0.006434400502197013,1
2004-11-04,1.2827,1.2899,1.2789,1.2871000000000001,9382,40,0,0.0035084983627009514,1
2004-11-05,1.287,1.298,1.2759,1.2974,10005,40,0,0.008002486209307769,1
2004-11-08,1.2969,1.2988,1.2905,1.2912,9229,40,0,-0.004778788345922824,-1
2004-11-09,1.2913000000000001,1.2941,1.2881,1.2897,9279,40,0,-0.0011617100371745792,-1
2004-11-10,1.2898,1.3006,1.2848,1.289,9917,40,0,-0.000542761882608489,-1
2004-11-11,1.2887,1.292,1.2857,1.2908,8403,40,0,0.001396431342125748,1
2004-11-12,1.2908,1.299,1.2879,1.297,9040,40,0,0.0048032228075611805,1
2004-11-15,1.297,1.3,1.2916,1.2948,9012,40,0,-0.0016962220508865977,-1
2004-11-16,1.2948,1.2997,1.2919,1.2959,9267,40,0,0.0008495520543714274,1
2004-11-17,1.2957,1.305,1.2951,1.3037,9105,40,0,0.006018982946214946,1
2004-11-18,1.3043,1.3075999999999999,1.2939,1.2944,8946,40,0,-0.007133542993019937,-1
2004-11-19,1.2942,1.307,1.2937,1.3054000000000001,8979,40,0,0.008498145859085371,1
2004-11-22,1.3039,1.3053,1.3011,1.3041,8259,40,0,-0.0009958633369082648,-1
2004-11-23,1.3041,1.3107,1.2974999999999999,1.3085,9153,40,0,0.0033739743884670936,1
2004-11-24,1.3087,1.3192,1.308,1.3187,8788,40,0,0.007795185326709975,1
2004-11-25,1.3187,1.3286,1.3162,1.3275000000000001,8446,40,0,0.0066732387957837425,1
2004-11-26,1.3274,1.3331,1.3182,1.3296999999999999,9248,40,0,0.001657250470809668,1
2004-11-29,1.328,1.3306,1.3229,1.327,8811,40,0,-0.00203053320297808,-1
2004-11-30,1.327,1.3336000000000001,1.323,1.3289,9274,40,0,0.0014318010550113947,1
2004-12-01,1.3289,1.3363,1.3274,1.334,9055,40,0,0.0038377605538415516,1
2004-12-02,1.334,1.3386,1.3235999999999999,1.3267,9802,40,0,-0.005472263868065985,-1
2004-12-03,1.3268,1.3464,1.3254000000000001,1.3455,9273,40,0,0.014170498228687656,1
2004-12-06,1.3442,1.3457,1.339,1.3403,8652,40,0,-0.0038647342995168366,-1
2004-12-07,1.34,1.3471,1.339,1.3425,8650,40,0,0.0016414235618891215,1
2004-12-08,1.3428,1.3434,1.3191,1.3355000000000001,10187,40,0,-0.005214152700186103,-1
2004-12-09,1.3352,1.3362,1.325,1.3309,10209,40,0,-0.003444402845376393,-1
2004-12-10,1.3308,1.3319,1.3139,1.3212,9798,40,0,-0.007288301149597998,-1
2004-12-13,1.3195999999999999,1.3331,1.3195000000000001,1.3315000000000001,9476,40,0,0.007795943082046675,1
2004-12-14,1.3313,1.3338,1.326,1.329,9294,40,0,-0.0018775816748030083,-1
2004-12-15,1.3291,1.3444,1.3261,1.3399,9090,40,0,0.008201655379985073,1
2004-12-16,1.3397000000000001,1.3431,1.3202,1.3253,10380,40,0,-0.010896335547429081,-1
2004-12-17,1.3255,1.3321,1.3226,1.3316,9932,40,0,0.004753640685127847,1
2004-12-20,1.3333,1.341,1.3296999999999999,1.3397000000000001,8763,40,0,0.006082907780114333,1
2004-12-21,1.3395000000000001,1.3412,1.3352,1.3364,8274,40,0,-0.0024632380383668995,-1
2004-12-22,1.3364,1.3407,1.3343,1.339,8677,40,0,0.0019455252918287869,1
2004-12-23,1.3389,1.3518,1.338,1.3504,8807,40,0,0.008513816280806719,1
2004-12-24,1.3505,1.3553,1.3484,1.3528,7077,40,0,0.0017772511848341832,1
2004-12-27,1.3527,1.3642,1.3514,1.362,7689,40,0,0.006800709639266822,1
2004-12-28,1.362,1.3646,1.3588,1.3615,8259,40,0,-0.0003671071953011973,-1
2004-12-29,1.3612,1.3648,1.3556,1.3611,9343,40,0,-0.0002937936099889349,-1
2004-12-30,1.3613,1.367,1.3573,1.3632,9290,40,0,0.001542869737712227,1
2004-12-31,1.3632,1.3664,1.3512,1.3562,8605,40,0,-0.005134976525821511,-1
2005-01-03,1.3562,1.3580999999999999,1.3385,1.3468,9658,30,0,-0.0069311311016074795,-1
2005-01-04,1.3465,1.3497,1.3248,1.327,10002,30,0,-0.014701514701514706,-1
2005-01-05,1.3272,1.3304,1.3213,1.3272,9867,30,0,0.00015071590052739836,1
2005-01-06,1.3275000000000001,1.3283,1.3154,1.3181,9845,30,0,-0.006856540084388074,-1
2005-01-07,1.3179,1.3252,1.3024,1.3072,9865,30,0,-0.008269478795235652,-1
2005-01-10,1.3058,1.3126,1.3052000000000001,1.31,8992,30,0,0.0021419828641371375,1
2005-01-11,1.3105,1.3172,1.31,1.3118,9289,30,0,0.0013740458015267798,1
2005-01-12,1.3118,1.3294000000000001,1.3082,1.325,9282,30,0,0.010062509528891539,1
2005-01-13,1.325,1.3269,1.3193,1.3213,9104,30,0,-0.0027924528301886964,-1
2005-01-14,1.3213,1.3216999999999999,1.3054999999999999,1.3094999999999999,10097,30,0,-0.008930598652841959,-1
2005-01-17,1.3109,1.3129,1.304,1.3046,7732,30,0,-0.003741886216112933,-1
2005-01-18,1.3046,1.3077,1.2993000000000001,1.3017,9292,30,0,-0.002222903571975965,-1
2005-01-19,1.3018,1.312,1.2963,1.3008,9293,30,0,-0.0006914035492049386,-1
2005-01-20,1.3008,1.3026,1.2922,1.2957,9698,30,0,-0.003920664206641944,-1
2005-01-21,1.2959,1.3069,1.2932000000000001,1.3008,9624,30,0,0.003936096318592153,1
2005-01-24,1.3046,1.3102,1.3029,1.3045,9073,30,0,0.002844403444034471,1
2005-01-25,1.3045,1.3078,1.2945,1.2974,9283,30,0,-0.005442698351858843,-1
2005-01-26,1.2977,1.3111,1.2965,1.3074,9429,30,0,0.007707723138584699,1
2005-01-27,1.3075999999999999,1.3126,1.301,1.3041,9550,30,0,-0.0025240936209268705,-1
2005-01-28,1.3041,1.3083,1.2985,1.3056,9336,30,0,0.0011502185415228627,1
2005-01-31,1.3012000000000001,1.3061,1.2974,1.3045,9200,30,0,-0.0008425245098040435,-1
2005-02-01,1.3046,1.3069,1.2999,1.3044,9672,30,0,-7.665772326559406e-05,-1
2005-02-02,1.3043,1.3098,1.3008,1.3033000000000001,9775,30,0,-0.0008432996013492122,-1
2005-02-03,1.3035,1.3039,1.2939,1.2976,9250,30,0,-0.004373513389089312,-1
2005-02-04,1.2974,1.3044,1.2864,1.2864,9309,30,0,-0.008631319358816336,-1
2005-02-07,1.2854999999999999,1.2866,1.2732,1.2752,9264,30,0,-0.008706467661691586,-1
2005-02-08,1.2753,1.2799,1.2732,1.2763,9362,30,0,0.0008626097867001636,1
2005-02-09,1.2763,1.2814999999999999,1.2738,1.2811,9151,30,0,0.003760871268510435,1
2005-02-10,1.2810000000000001,1.2909,1.2738,1.2876,9690,30,0,0.00507376473343224,1
2005-02-11,1.2875,1.2898,1.2844,1.2865,8644,30,0,-0.0008543025784405467,-1
2005-02-14,1.2881,1.2992,1.2877,1.2972000000000001,8694,30,0,0.008317139525845452,1
2005-02-15,1.2972000000000001,1.3054000000000001,1.2952,1.3018,9318,30,0,0.0035460992907800915,1
2005-02-16,1.3019,1.3066,1.2959,1.3025,9605,30,0,0.0005377170072207171,1
2005-02-17,1.3026,1.3091,1.3014000000000001,1.3074,8722,30,0,0.003761996161228298,1
2005-02-18,1.3075,1.3085,1.3014000000000001,1.3064,8512,30,0,-0.0007648768548262908,-1
2005-02-21,1.3052000000000001,1.3081,1.3031,1.306,7718,30,0,-0.0003061849357011148,-1
2005-02-22,1.3059,1.3271,1.3054000000000001,1.3255,9658,30,0,0.014931087289433265,1
2005-02-23,1.3255,1.3276,1.3185,1.3207,9590,30,0,-0.003621274990569523,-1
2005-02-24,1.3208,1.3272,1.3176,1.3194,9423,30,0,-0.0009843264935261997,-1
2005-02-25,1.3195000000000001,1.3252,1.3145,1.3243,9204,30,0,0.0037138093072610623,1
2005-02-28,1.3237999999999999,1.328,1.3213,1.3215,9106,30,0,-0.002114324548818325,-1
2005-03-01,1.3216,1.3228,1.3167,1.3185,9119,30,0,-0.002270147559591318,-1
2005-03-02,1.3187,1.3189,1.3087,1.3136,9242,30,0,-0.003716344330678689,-1
2005-03-03,1.3136999999999999,1.3167,1.3096999999999999,1.3108,8901,30,0,-0.0021315468940317217,-1
2005-03-04,1.3107,1.3256000000000001,1.3094999999999999,1.3241,8971,30,0,0.010146475434849034,1
2005-03-07,1.3235999999999999,1.3249,1.3176999999999999,1.3216,8440,30,0,-0.00188807491881271,-1
2005-03-08,1.3216999999999999,1.3364,1.3208,1.3354,8811,30,0,0.010441888619854511,1
2005-03-09,1.3352,1.3426,1.3329,1.339,9711,30,0,0.002695821476711213,1
2005-03-10,1.339,1.3457,1.337,1.3409,9961,30,0,0.0014189693801345271,1
2005-03-11,1.3405,1.3483,1.3391,1.3458,9911,30,0,0.003654262062793734,1
2005-03-14,1.3463,1.3479,1.3335,1.3366,9015,30,0,-0.006836082627433515,-1
2005-03-15,1.3364,1.3412,1.3296000000000001,1.331,9653,30,0,-0.004189735148885321,-1
2005-03-16,1.3309,1.3442,1.329,1.3417,9489,30,0,0.00803906836964674,1
2005-03-17,1.342,1.3423,1.3341,1.3378999999999999,9400,30,0,-0.00283222777073866,-1
2005-03-18,1.338,1.3389,1.3265,1.3321,8849,30,0,-0.00433515210404356,-1
2005-03-21,1.331,1.3317999999999999,1.314,1.3167,9231,30,0,-0.011560693641618602,-1
2005-03-22,1.3168,1.3221,1.3054000000000001,1.3085,9675,30,0,-0.006227690438216693,-1
2005-03-23,1.3085,1.3089,1.296,1.2989,9543,30,0,-0.007336645013374166,-1
2005-03-24,1.2989,1.3035,1.2932000000000001,1.2943,9221,30,0,-0.0035414581569019887,-1
2005-03-25,1.294,1.2972000000000001,1.2928,1.2955999999999999,6510,30,0,0.0010044039249013093,1
2005-03-28,1.2962,1.2964,1.2856,1.2894999999999999,8512,30,0,-0.004708243284964442,-1
2005-03-29,1.2894999999999999,1.2957,1.2877,1.2925,9296,30,0,0.0023264831329974367,1
2005-03-30,1.2922,1.2987,1.2911000000000001,1.2916,9785,30,0,-0.0006963249516440673,-1
2005-03-31,1.2913999999999999,1.3021,1.291,1.2965,9619,30,0,0.003793744193248516,1
2005-04-01,1.2962,1.306,1.287,1.2908,9662,30,0,-0.00439645198611649,-1
2005-04-04,1.2885,1.2907,1.2819,1.2852999999999999,9133,30,0,-0.00426092345832052,-1
2005-04-05,1.2852999999999999,1.2878,1.28,1.2852999999999999,9288,30,0,0.0,-1
2005-04-06,1.2852999999999999,1.2912,1.2839,1.2872,9161,30,0,0.0014782541041002961,1
2005-04-07,1.2872,1.2942,1.2845,1.2851,9484,30,0,-0.001631448104412625,-1
2005-04-08,1.2854,1.2942,1.2811,1.2918,8882,30,0,0.005213602054314981,1
2005-04-11,1.2926,1.3005,1.2907,1.2974,9021,30,0,0.0043350363833412064,1
2005-04-12,1.2976,1.3017,1.2863,1.2918,9702,30,0,-0.004316324957607587,-1
2005-04-13,1.2919,1.2955999999999999,1.2849,1.2919,9437,30,0,7.741136398831117e-05,1
2005-04-14,1.292,1.2923,1.2767,1.2799,9708,30,0,-0.00928864463193746,-1
2005-04-15,1.28,1.2942,1.2778,1.29,9602,30,0,0.007891241503242385,1
2005-04-18,1.2918,1.3046,1.2876,1.3028,9340,30,0,0.009922480620154994,1
2005-04-19,1.3024,1.3081,1.2981,1.3057,11996,30,0,0.0022259748234572108,1
2005-04-20,1.3057,1.3106,1.2991,1.3087,11858,30,0,0.00229761813586582,1
2005-04-21,1.3087,1.3127,1.3024,1.305,11908,30,0,-0.0028272331321158584,-1
2005-04-22,1.3052000000000001,1.3096,1.3021,1.3062,11057,30,0,0.0009195402298851629,1
2005-04-25,1.3057,1.3063,1.2953999999999999,1.2989,11919,30,0,-0.005588730669116582,-1
2005-04-26,1.2988,1.3017,1.2944,1.2992,11588,30,0,0.0002309646624065742,1
2005-04-27,1.2991,1.2995999999999999,1.2903,1.2926,12024,30,0,-0.005080049261083741,-1
2005-04-28,1.2923,1.2945,1.2881,1.2902,12128,30,0,-0.0018567228841095407,-1
2005-04-29,1.2904,1.2982,1.2852999999999999,1.2873999999999999,11421,30,0,-0.0021702061695861863,-1
2005-05-02,1.2862,1.2878,1.2836,1.2852000000000001,10096,30,0,-0.001708870591890399,-1
2005-05-03,1.2851,1.2915,1.2827,1.2873999999999999,11270,30,0,0.0017117958294428082,1
2005-05-04,1.2873999999999999,1.2977,1.287,1.2955,12220,30,0,0.006291750815597519,1
2005-05-05,1.2952,1.2993000000000001,1.2925,1.2958,11572,30,0,0.0002315708220763657,1
2005-05-06,1.2957,1.2969,1.2810000000000001,1.2838,11408,30,0,-0.009260688377836113,-1
2005-05-09,1.2816,1.2879,1.2789,1.2863,11809,30,0,0.0019473438230253048,1
2005-05-10,1.2861,1.2893,1.2814999999999999,1.2879,11620,30,0,0.0012438777890073638,1
2005-05-11,1.2877,1.2916,1.2777,1.2806,12364,30,0,-0.005668141936485793,-1
2005-05-12,1.2806,1.2819,1.2665,1.2679,12494,30,0,-0.009917226300171778,-1
2005-05-13,1.2679,1.2691,1.2604,1.2614,11467,30,0,-0.005126587270289362,-1
2005-05-16,1.2625,1.2654,1.258,1.2634,11668,30,0,0.0015855398763278128,1
2005-05-17,1.2635,1.2667,1.2593,1.2612,11907,30,0,-0.0017413329111920506,-1
2005-05-18,1.2609,1.2692,1.2585,1.2679,11688,30,0,0.005312400888042967,1
2005-05-19,1.2678,1.2694,1.2604,1.2641,11600,30,0,-0.0029970817887846612,-1
2005-05-20,1.2638,1.2658,1.2535,1.2551,11151,30,0,-0.007119689897950976,-1
2005-05-23,1.2543,1.26,1.2534,1.2570000000000001,11116,30,0,0.0015138235997131932,1
2005-05-24,1.2569,1.2631999999999999,1.2556,1.2582,11635,30,0,0.0009546539379474694,1
2005-05-25,1.2576,1.2622,1.2551,1.2603,11512,30,0,0.0016690510252741486,1
2005-05-26,1.2603,1.2618,1.2493,1.2511999999999999,11741,30,0,-0.007220503054828353,-1
2005-05-27,1.2511,1.2593,1.2505,1.258,10507,30,0,0.005434782608695787,1
2005-05-30,1.2538,1.2549000000000001,1.2462,1.2474,10301,30,0,-0.008426073131955425,-1
2005-05-31,1.2479,1.249,1.2294,1.2308,12687,30,0,-0.013307679974346787,-1
2005-06-01,1.2308,1.2345,1.2158,1.2207,12636,30,0,-0.008206044848878769,-1
2005-06-02,1.2206,1.2299,1.2181,1.2277,12365,30,0,0.005734414680101718,1
2005-06-03,1.2271,1.2344,1.2203,1.2232,12353,30,0,-0.0036653905677281884,-1
2005-06-06,1.2227000000000001,1.2296,1.2218,1.226,11357,30,0,0.00228907782864618,1
2005-06-07,1.2264,1.2317,1.2236,1.2286,11328,30,0,0.002120717781402881,1
2005-06-08,1.2284,1.2356,1.2206,1.2235,13428,30,0,-0.004151066254273084,-1
2005-06-09,1.2233,1.226,1.2176,1.2229,13096,30,0,-0.0004903964037596964,-1
2005-06-10,1.2229,1.2252,1.2106,1.2122,12950,30,0,-0.008749693351868593,-1
2005-06-13,1.2109,1.2124,1.2028,1.2112,13299,30,0,-0.0008249463784852917,-1
2005-06-14,1.2116,1.2154,1.2021,1.2033,12807,30,0,-0.006522457067371201,-1
2005-06-15,1.2033,1.2135,1.2016,1.2124,13872,30,0,0.0075625363583478045,1
2005-06-16,1.2125,1.2171,1.2057,1.2105,13441,30,0,-0.0015671395579016645,-1
2005-06-17,1.2105,1.2292,1.2091,1.2283,13070,30,0,0.01470466749277155,1
2005-06-20,1.2187999999999999,1.2244,1.2124,1.2155,12219,30,0,-0.01042090694455744,-1
2005-06-21,1.2155,1.219,1.2068,1.2173,13824,30,0,0.0014808720691072974,1
2005-06-22,1.2175,1.2209,1.2098,1.2133,13403,30,0,-0.003285960732769211,-1
2005-06-23,1.2131,1.2146,1.2016,1.2034,13182,30,0,-0.008159564823209453,-1
2005-06-24,1.2031,1.2111,1.1982,1.2095,12217,30,0,0.005068971248130216,1
2005-06-27,1.2099,1.2187999999999999,1.2093,1.2171,12152,30,0,0.006283588259611506,1
2005-06-28,1.2171,1.2179,1.2049,1.2067,13084,30,0,-0.008544901815791595,-1
2005-06-29,1.2067,1.2114,1.2015,1.207,13049,30,0,0.00024861191679792505,1
2005-06-30,1.2069,1.2124,1.2042,1.2094,13350,30,0,0.00198840099420039,1
2005-07-01,1.2091,1.2109,1.1933,1.1937,12018,30,0,-0.012981643790309305,-1
2005-07-04,1.1932,1.1952,1.1885,1.19,10007,30,0,-0.0030996062662310697,-1
2005-07-05,1.1896,1.1942,1.1865,1.1918,12323,30,0,0.0015126050420168902,1
2005-07-06,1.1918,1.1956,1.1892,1.1936,11608,30,0,0.0015103205235778017,1
2005-07-07,1.1935,1.2042,1.1908,1.1952,13245,30,0,0.0013404825737266535,1
2005-07-08,1.1951,1.1989,1.1872,1.1975,12132,30,0,0.0019243641231592168,1
2005-07-11,1.1967,1.2091,1.1955,1.2075,12654,30,0,0.008350730688935215,1
2005-07-12,1.2075,1.2259,1.2052,1.2241,14371,30,0,0.013747412008281445,1
2005-07-13,1.2238,1.2242,1.2073,1.2083,12991,30,0,-0.01290744220243445,-1
2005-07-14,1.2084,1.2129,1.2056,1.2083,13223,30,0,0.0,-1
2005-07-15,1.208,1.2141,1.202,1.2043,12604,30,0,-0.0033104361499627366,-1
2005-07-18,1.2024,1.2091,1.2023,1.2051,11568,30,0,0.000664286307398676,1
2005-07-19,1.2052,1.2069,1.1952,1.2032,12347,30,0,-0.001576632644593845,-1
2005-07-20,1.203,1.219,1.1996,1.215,14040,30,0,0.009807180851063801,1
2005-07-21,1.2151,1.2257,1.2098,1.2163,14355,30,0,0.0010699588477365296,1
2005-07-22,1.2163,1.2193,1.2055,1.2058,13446,30,0,-0.008632738633560733,-1
2005-07-25,1.2053,1.2091,1.2027,1.2069,11387,30,0,0.0009122574224582625,1
2005-07-26,1.2066,1.2072,1.198,1.2024,13144,30,0,-0.0037285607755407346,-1
2005-07-27,1.2023,1.2088,1.1963,1.2062,12953,30,0,0.003160345974717149,1
2005-07-28,1.2063,1.2152,1.2036,1.2127,12063,30,0,0.00538882440722932,1
2005-07-29,1.2126000000000001,1.2163,1.2074,1.2123,13112,30,0,-0.00032984250020606787,-1
2005-08-01,1.2123,1.2246,1.2117,1.2176,11785,30,0,0.004371855151365178,1
2005-08-02,1.2176,1.2256,1.2172,1.2196,12894,30,0,0.0016425755584756896,1
2005-08-03,1.2196,1.2347,1.2147999999999999,1.2332,12177,30,0,0.011151197113807854,1
2005-08-04,1.2333,1.2405,1.2299,1.2386,12424,30,0,0.00437885176775854,1
2005-08-05,1.2385,1.2398,1.2311,1.2376,13012,30,0,-0.0008073631519456281,-1
2005-08-08,1.2337,1.2393,1.2314,1.2347,12401,30,0,-0.0023432449903039165,-1
2005-08-09,1.2347,1.2417,1.2328999999999999,1.2379,13031,30,0,0.0025917226856726483,1
2005-08-10,1.2378,1.2428,1.2335,1.2388,13380,30,0,0.000727037725179569,1
2005-08-11,1.2391,1.248,1.2376,1.2468,13389,30,0,0.006457862447529772,1
2005-08-12,1.2469000000000001,1.2489,1.2382,1.2438,12360,30,0,-0.002406159769008598,-1
2005-08-15,1.2454,1.246,1.2344,1.2368000000000001,11879,30,0,-0.005627914455700211,-1
2005-08-16,1.2368999999999999,1.2376,1.2295,1.2359,12863,30,0,-0.0007276843467012295,-1
2005-08-17,1.2355,1.2373,1.226,1.2277,13013,30,0,-0.006634841006553871,-1
2005-08-18,1.2278,1.2298,1.2158,1.2175,11564,30,0,-0.008308218620184049,-1
2005-08-19,1.218,1.2197,1.2125,1.2153,10920,30,0,-0.0018069815195072003,-1
2005-08-22,1.2168,1.2246,1.2155,1.2225,11540,30,0,0.005924463095531962,1
2005-08-23,1.2227000000000001,1.2257,1.219,1.2229,11866,30,0,0.0003271983640082965,1
2005-08-24,1.223,1.2282,1.2161,1.2271,11940,30,0,0.0034344590726960167,1
2005-08-25,1.227,1.2328999999999999,1.2256,1.23,12134,30,0,0.0023632955749326445,1
2005-08-26,1.23,1.2344,1.227,1.2281,11809,30,0,-0.00154471544715451,-1
2005-08-29,1.2284,1.2348,1.2215,1.2224,11857,30,0,-0.004641315853757821,-1
2005-08-30,1.2224,1.2242,1.217,1.2218,12382,30,0,-0.0004908376963350669,-1
2005-08-31,1.2219,1.236,1.2187000000000001,1.2342,12717,30,0,0.010148960550008246,1
2005-09-01,1.2341,1.2528000000000001,1.2324,1.2493,12787,30,0,0.012234645924485532,1
2005-09-02,1.2493,1.2591,1.2466,1.2515,12479,30,0,0.0017609861522451808,1
2005-09-05,1.2534,1.2589000000000001,1.2511,1.2543,11455,30,0,0.002237315221733871,1
2005-09-06,1.2546,1.2546,1.2442,1.2466,13074,30,0,-0.006138882245076971,-1
2005-09-07,1.2465,1.254,1.2405,1.2412,12480,30,0,-0.004331782448259158,-1
2005-09-08,1.2413,1.2456,1.2383,1.2397,12002,30,0,-0.0012085078955849093,-1
2005-09-09,1.24,1.2462,1.2374,1.2418,11407,30,0,0.0016939582156973998,1
2005-09-12,1.2402,1.2417,1.227,1.2277,11380,30,0,-0.011354485424383998,-1
2005-09-13,1.2279,1.232,1.2245,1.2268,12439,30,0,-0.0007330781135457265,-1
2005-09-14,1.2268,1.2331,1.2256,1.2284,12393,30,0,0.0013042060645582776,1
2005-09-15,1.2283,1.2288999999999999,1.2193,1.2224,12213,30,0,-0.00488440247476396,-1
2005-09-16,1.2224,1.2312,1.2199,1.2239,11331,30,0,0.0012270942408376673,1
2005-09-19,1.2163,1.2177,1.2099,1.2136,10834,30,0,-0.008415720238581614,-1
2005-09-20,1.2137,1.2192,1.211,1.2119,11559,30,0,-0.0014007910349373986,-1
2005-09-21,1.2121,1.2243,1.211,1.2226,12360,30,0,0.008829111312814497,1
2005-09-22,1.2225,1.2274,1.2131,1.2147999999999999,12719,30,0,-0.006379846229347286,-1
2005-09-23,1.2151,1.2172,1.2033,1.2034,10283,30,0,-0.009384260783667941,-1
2005-09-26,1.2025000000000001,1.2083,1.2009,1.2068,11713,30,0,0.0028253282366628163,1
2005-09-27,1.207,1.2084,1.1978,1.2017,11780,30,0,-0.004226052369903921,-1
2005-09-28,1.2018,1.2053,1.1991,1.2044,12084,30,0,0.002246817009236901,1
2005-09-29,1.2044,1.2079,1.2005,1.2035,12187,30,0,-0.0007472600464960566,-1
2005-09-30,1.2033,1.2093,1.1995,1.2064,11871,30,0,0.00240963855421672,1
2005-10-03,1.202,1.2036,1.1901,1.1918,11618,30,0,-0.012102122015915096,-1
2005-10-04,1.1918,1.1951,1.19,1.1919,12009,30,0,8.390669575430998e-05,1
2005-10-05,1.1922,1.2018,1.1914,1.201,11895,30,0,0.007634868697038444,1
2005-10-06,1.2013,1.2209,1.1992,1.2183,13212,30,0,0.014404662781015709,1
2005-10-07,1.2185,1.2186,1.2091,1.2128,11472,30,0,-0.004514487400475886,-1
2005-10-10,1.2117,1.2156,1.2039,1.2068,9326,30,0,-0.0049472295514512155,-1
2005-10-11,1.2064,1.2069,1.1975,1.1988,9203,30,0,-0.0066291017567119415,-1
2005-10-12,1.199,1.2056,1.1952,1.2027,9210,30,0,0.0032532532532532077,1
2005-10-13,1.2028,1.2041,1.1913,1.2027,9770,30,0,0.0,-1
2005-10-14,1.2025000000000001,1.2111,1.1979,1.2074,10213,30,0,0.003907873950278473,1
2005-10-17,1.2078,1.2124,1.201,1.2018,13035,30,0,-0.004638065264204072,-1
2005-10-18,1.2018,1.2023,1.1915,1.1965,9755,30,0,-0.00441005158928276,-1
2005-10-19,1.1963,1.2005,1.1875,1.1994,10358,30,0,0.002423735896364576,1
2005-10-20,1.1996,1.2026,1.1948,1.2019,9920,30,0,0.002084375521093751,1
2005-10-21,1.2016,1.2079,1.1927,1.1956,9907,30,0,-0.005241700640652325,-1
2005-10-24,1.1944,1.2022,1.1922,1.198,8451,30,0,0.0020073603211776536,1
2005-10-25,1.1981,1.2119,1.1936,1.2111,9797,30,0,0.010934891485809839,1
2005-10-26,1.211,1.2138,1.2046999999999999,1.2059,9708,30,0,-0.00429361737263656,-1
2005-10-27,1.2059,1.2174,1.2042,1.2138,9935,30,0,0.006551123642092982,1
2005-10-28,1.2139,1.2173,1.2048,1.2066,9333,30,0,-0.005931784478497404,-1
2005-10-31,1.2063,1.2092,1.1967,1.1984,9303,30,0,-0.006795955577656221,-1
2005-11-01,1.1983,1.2043,1.1972,1.2037,9879,30,0,0.0044225634178904905,1
2005-11-02,1.2034,1.2085,1.1985999999999999,1.2073,9690,30,0,0.0029907784331644205,1
2005-11-03,1.2074,1.2083,1.1934,1.1942,9466,30,0,-0.01085065849416067,-1
2005-11-04,1.1941,1.1997,1.18,1.181,9416,30,0,-0.011053424886953489,-1
2005-11-07,1.1804000000000001,1.1834,1.1775,1.1788,9333,30,0,-0.0018628281117696321,-1
2005-11-08,1.179,1.18,1.1709,1.1779,9564,30,0,-0.0007634882931796261,-1
2005-11-09,1.178,1.1792,1.1717,1.1768,9345,30,0,-0.0009338653535952979,-1
2005-11-10,1.1767,1.1799,1.1675,1.1691,9785,30,0,-0.006543167912984371,-1
2005-11-11,1.1691,1.174,1.1671,1.1738,8363,30,0,0.004020186468223441,1
2005-11-14,1.1718,1.1775,1.1659,1.1695,9212,30,0,-0.003663315726699534,-1
2005-11-15,1.1692,1.1731,1.1638,1.1719,9626,30,0,0.0020521590423256963,1
2005-11-16,1.1718,1.174,1.1645,1.1672,9537,30,0,-0.004010581107602995,-1
2005-11-17,1.1673,1.1764999999999999,1.1643,1.1743999999999999,10052,30,0,0.006168608636051953,1
2005-11-18,1.1743000000000001,1.1796,1.1663999999999999,1.1771,9757,30,0,0.0022990463215259993,1
2005-11-21,1.178,1.1839,1.1717,1.1728,9710,30,0,-0.0036530456205929873,-1
2005-11-22,1.1724,1.1828,1.1685,1.182,9961,30,0,0.007844474761254938,1
2005-11-23,1.1823,1.1869,1.1763,1.1811,10278,30,0,-0.00076142131979684,-1
2005-11-24,1.1812,1.1827,1.177,1.1779,8481,30,0,-0.002709338752010959,-1
2005-11-25,1.1782,1.1785,1.1708,1.1719,8387,30,0,-0.00509381101961115,-1
2005-11-28,1.1707,1.1904,1.168,1.1848,9733,30,0,0.011007765167676542,1
2005-11-29,1.1847,1.1865,1.1737,1.1764999999999999,10010,30,0,-0.007005401755570739,-1
2005-11-30,1.1766,1.1804999999999999,1.1753,1.179,9437,30,0,0.0021249468763282486,1
2005-12-01,1.179,1.1806,1.1689,1.1739,9619,30,0,-0.004325699745547196,-1
2005-12-02,1.1739,1.1754,1.166,1.171,9342,30,0,-0.0024703978192349707,-1
2005-12-05,1.17,1.1821,1.1687,1.1792,9435,30,0,0.007002561912895056,1
2005-12-06,1.1792,1.1808,1.1753,1.178,9098,30,0,-0.0010176390773406485,-1
2005-12-07,1.178,1.1804000000000001,1.1703000000000001,1.1713,8788,30,0,-0.005687606112054322,-1
2005-12-08,1.1713,1.1853,1.1702,1.1818,9651,30,0,0.00896439853154618,1
2005-12-09,1.1817,1.1839,1.1766,1.1815,9224,30,0,-0.0002538500592316195,-1
2005-12-12,1.1788,1.1984,1.1784,1.1954,9610,30,0,0.0117647058823529,1
2005-12-13,1.1954,1.1989,1.1905000000000001,1.1934,9619,30,0,-0.0016730801405386853,-1
2005-12-14,1.1936,1.2064,1.1933,1.1994,10200,30,0,0.005027652086475598,1
2005-12-15,1.1991,1.2041,1.1935,1.197,9859,30,0,-0.002001000500250094,-1
2005-12-16,1.197,1.2029,1.1936,1.2015,9302,30,0,0.003759398496240518,1
2005-12-19,1.2025000000000001,1.204,1.1975,1.2002,8977,30,0,-0.001081980857261855,-1
2005-12-20,1.2001,1.2015,1.1839,1.1862,9141,30,0,-0.01166472254624229,-1
2005-12-21,1.1862,1.1914,1.1801,1.1834,9580,30,0,-0.00236047883999313,-1
2005-12-22,1.1832,1.19,1.1809,1.1873,9091,30,0,0.003295588980902542,1
2005-12-23,1.1874,1.1887,1.1829,1.1862,8168,30,0,-0.00092647182683403,-1
2005-12-26,1.186,1.1898,1.1832,1.1848,5718,30,0,-0.0011802394199964539,-1
2005-12-27,1.1847,1.1878,1.1825,1.1833,7494,30,0,-0.0012660364618501951,-1
2005-12-28,1.183,1.1934,1.181,1.1838,8933,30,0,0.0004225471140031356,1
2005-12-29,1.1838,1.1883,1.1818,1.1841,8669,30,0,0.0002534211860110158,1
2005-12-30,1.1842,1.189,1.1778,1.1839,8253,30,0,-0.0001689046533231986,-1
2006-01-02,1.1849,1.1869,1.1801,1.1821,5870,20,0,-0.0015203986823211224,-1
2006-01-03,1.1822,1.2033,1.181,1.2015,9455,20,0,0.016411471110735265,1
2006-01-04,1.2014,1.2146,1.2012,1.2107999999999999,10123,20,0,0.007740324594257109,1
2006-01-05,1.2107,1.2123,1.2065,1.2097,9584,20,0,-0.0009084902543772255,-1
2006-01-06,1.2101,1.2182,1.2078,1.2143,9219,20,0,0.0038025956848803943,1
2006-01-09,1.2143,1.2155,1.2051,1.2081,9512,20,0,-0.005105822284443673,-1
2006-01-10,1.208,1.2112,1.2036,1.2061,9977,20,0,-0.001655492095025246,-1
2006-01-11,1.2061,1.2146,1.2043,1.2141,9534,20,0,0.006632949175026992,1
2006-01-12,1.2139,1.2165,1.2006999999999999,1.2033,9787,20,0,-0.008895478131949575,-1
2006-01-13,1.2032,1.215,1.2028,1.2115,9358,20,0,0.006814593202027819,1
2006-01-16,1.2153,1.2176,1.2104,1.2116,8758,20,0,8.254230293025522e-05,1
2006-01-17,1.2115,1.2145,1.205,1.2117,9573,20,0,8.25354902607156e-05,1
2006-01-18,1.2114,1.2161,1.2069,1.2119,9745,20,0,0.00016505735743166383,1
2006-01-19,1.2116,1.2127,1.2053,1.2091,9413,20,0,-0.0023104216519513887,-1
2006-01-20,1.2091,1.2143,1.204,1.2136,9066,20,0,0.0037217765279959902,1
2006-01-23,1.2143,1.2314,1.2141,1.2297,10429,20,0,0.013266315095583403,1
2006-01-24,1.2296,1.2323,1.2256,1.2269,9694,20,0,-0.00227697812474581,-1
2006-01-25,1.227,1.2324,1.2234,1.2242,10122,20,0,-0.002200668351128976,-1
2006-01-26,1.2243,1.2273,1.2198,1.2202,9953,20,0,-0.003267439960790708,-1
2006-01-27,1.2206,1.2238,1.2086000000000001,1.2097,9711,20,0,-0.008605146697262755,-1
2006-01-30,1.2104,1.2116,1.2063,1.2094,8999,20,0,-0.00024799537075304023,-1
2006-01-31,1.209,1.2191,1.2078,1.2147999999999999,9516,20,0,0.004465023978832416,1
2006-02-01,1.2141,1.2167,1.2046999999999999,1.2059,9176,20,0,-0.0073263088574250235,-1
2006-02-02,1.2057,1.2109,1.2031,1.2088,9380,20,0,0.0024048428559582113,1
2006-02-03,1.2088,1.2113,1.1967,1.2025000000000001,9111,20,0,-0.005211780277961542,-1
2006-02-06,1.2033,1.205,1.1944,1.197,9166,20,0,-0.00457380457380463,-1
2006-02-07,1.1976,1.2017,1.1942,1.1984,9006,20,0,0.0011695906432747094,1
2006-02-08,1.1985000000000001,1.1996,1.1923,1.1958,9167,20,0,-0.0021695594125500373,-1
2006-02-09,1.1958,1.1996,1.1944,1.1987,8802,20,0,0.002425154708145305,1
2006-02-10,1.1984,1.2028,1.1892,1.1908,9287,20,0,-0.006590473012430098,-1
2006-02-13,1.1895,1.1922,1.1877,1.1902,9046,20,0,-0.0005038629492779556,-1
2006-02-14,1.19,1.1927,1.1859,1.1913,8978,20,0,0.0009242144177450395,1
2006-02-15,1.1914,1.1955,1.187,1.1892,9056,20,0,-0.00176278015613196,-1
2006-02-16,1.1894,1.1911,1.1848,1.1902,8903,20,0,0.0008409014463504061,1
2006-02-17,1.1905000000000001,1.1945000000000001,1.1857,1.1932,9185,20,0,0.0025205847756679667,1
2006-02-20,1.1925,1.1977,1.1923,1.1937,8067,20,0,0.0004190412336573246,1
2006-02-21,1.1937,1.194,1.189,1.1909,8404,20,0,-0.0023456479852558276,-1
2006-02-22,1.1908,1.1932,1.1864,1.1912,8722,20,0,0.00025191031992610746,1
2006-02-23,1.1909,1.1974,1.1893,1.1918,9283,20,0,0.000503693754197343,1
2006-02-24,1.1919,1.1935,1.1863,1.1872,8699,20,0,-0.003859708004698703,-1
2006-02-27,1.1865999999999999,1.188,1.1825,1.1847,9010,20,0,-0.0021057951482479353,-1
2006-02-28,1.1847,1.1943,1.1833,1.1931,8937,20,0,0.0070904026335780745,1
2006-03-01,1.1929,1.1977,1.189,1.1924,9235,20,0,-0.0005867068979968915,-1
2006-03-02,1.1923,1.2048,1.1912,1.2033,9619,20,0,0.009141227775914196,1
2006-03-03,1.2033,1.2055,1.1995,1.2037,8641,20,0,0.00033241918058668496,1
2006-03-06,1.205,1.2095,1.1989,1.2009,9210,20,0,-0.0023261610035723024,-1
2006-03-07,1.2006999999999999,1.2023,1.1868,1.1887,10142,20,0,-0.010159047381130826,-1
2006-03-08,1.1887,1.1943,1.1872,1.1928,9449,20,0,0.0034491461260199863,1
2006-03-09,1.1927,1.1954,1.1898,1.1907,9564,20,0,-0.0017605633802816323,-1
2006-03-10,1.1905999999999999,1.1931,1.1859,1.1916,9095,20,0,0.0007558578987150177,1
2006-03-13,1.1913,1.1971,1.1911,1.1961,9376,20,0,0.003776435045317106,1
2006-03-14,1.1961,1.2034,1.1939,1.2016,10373,20,0,0.004598277735975209,1
2006-03-15,1.2016,1.2076,1.2005,1.2069,9996,20,0,0.004410785619174407,1
2006-03-16,1.207,1.2192,1.2034,1.2172,10398,20,0,0.008534261330681803,1
2006-03-17,1.217,1.2209,1.214,1.219,9551,20,0,0.0014788038120276958,1
2006-03-20,1.2176,1.2199,1.2145,1.216,9791,20,0,-0.0024610336341264194,-1
2006-03-21,1.2162,1.217,1.2075,1.2107999999999999,10394,20,0,-0.004276315789473739,-1
2006-03-22,1.2113,1.2116,1.2064,1.208,9710,20,0,-0.002312520647505756,-1
2006-03-23,1.2078,1.2084,1.1954,1.1968,9821,20,0,-0.009271523178807861,-1
2006-03-24,1.1969,1.2049,1.1951,1.204,9062,20,0,0.006016042780748521,1
2006-03-27,1.2039,1.2064,1.2003,1.2014,9746,20,0,-0.0021594684385382035,-1
2006-03-28,1.2019,1.211,1.1991,1.2,10222,20,0,-0.0011653071416680705,-1
2006-03-29,1.1998,1.2051,1.198,1.2025000000000001,9309,20,0,0.002083333333333437,1
2006-03-30,1.2023,1.2175,1.202,1.2162,10663,20,0,0.011392931392931294,1
2006-03-31,1.2165,1.2178,1.2082,1.2116,10699,20,0,-0.0037822726525241768,-1
2006-04-03,1.2119,1.2151,1.2031,1.2133,10207,20,0,0.0014031033344339416,1
2006-04-04,1.2132,1.2279,1.2119,1.2261,9977,20,0,0.010549740377482797,1
2006-04-05,1.2259,1.2308,1.2242,1.2292,10757,20,0,0.002528341897072073,1
2006-04-06,1.229,1.2335,1.2196,1.2219,10882,20,0,-0.0059388219980476276,-1
2006-04-07,1.2218,1.2227000000000001,1.2088,1.2093,10548,20,0,-0.01031180947704391,-1
2006-04-10,1.2106,1.2132,1.2075,1.2114,9662,20,0,0.0017365418010419909,1
2006-04-11,1.2117,1.2156,1.209,1.2139,9832,20,0,0.002063727918111269,1
2006-04-12,1.2141,1.217,1.2065,1.2105,9208,20,0,-0.0028008896943735317,-1
2006-04-13,1.2104,1.2135,1.2069,1.2107,9647,20,0,0.00016522098306492872,1
2006-04-14,1.2107999999999999,1.212,1.2093,1.2111,6963,20,0,0.0003303873792019907,1
2006-04-17,1.2122,1.2288999999999999,1.2119,1.2256,8994,20,0,0.011972586904466898,1
2006-04-18,1.2253,1.2372,1.2223,1.2367,10158,20,0,0.009056788511749181,1
2006-04-19,1.2364,1.2396,1.2284,1.2379,10746,20,0,0.0009703242500203046,1
2006-04-20,1.2377,1.2381,1.2286,1.2314,9984,20,0,-0.005250828015186948,-1
2006-04-21,1.2315,1.2363,1.2268,1.234,9818,20,0,0.002111417898327028,1
2006-04-24,1.2371,1.2418,1.2333,1.2384,10346,20,0,0.003565640194489461,1
2006-04-25,1.2383,1.2442,1.2366,1.2428,10449,20,0,0.0035529715762272485,1
2006-04-26,1.2429000000000001,1.2473,1.2385,1.2447,10645,20,0,0.0015288059221114647,1
2006-04-27,1.2447,1.255,1.2403,1.2528000000000001,9974,20,0,0.006507592190889477,1
2006-04-28,1.2527,1.2643,1.252,1.2635,9991,20,0,0.00854086845466151,1
2006-05-01,1.2629000000000001,1.2692999999999999,1.2555,1.2568,9102,20,0,-0.005302730510486908,-1
2006-05-02,1.2567,1.2669000000000001,1.2557,1.2612,10471,20,0,0.0035009548058562157,1
2006-05-03,1.2607,1.2671999999999999,1.259,1.2629000000000001,10398,20,0,0.0013479226133841227,1
2006-05-04,1.2631000000000001,1.2726,1.2570999999999999,1.2696,10362,20,0,0.0053052498218386646,1
2006-05-05,1.2697,1.2766,1.2671999999999999,1.2727,10090,20,0,0.0024417139256458498,1
2006-05-08,1.2744,1.279,1.2692,1.2701,10248,20,0,-0.002042900919305368,-1
2006-05-09,1.2704,1.2785,1.266,1.2763,9675,20,0,0.004881505393276031,1
2006-05-10,1.2762,1.2836,1.275,1.2782,10135,20,0,0.0014886782104521767,1
2006-05-11,1.2783,1.2876,1.2684,1.2836,10095,20,0,0.0042246909716789904,1
2006-05-12,1.2838,1.296,1.283,1.2926,10474,20,0,0.007011530071673322,1
2006-05-15,1.2947,1.2973,1.2778,1.28,10040,20,0,-0.009747795141575089,-1
2006-05-16,1.28,1.287,1.2769,1.286,10150,20,0,0.004687499999999956,1
2006-05-17,1.2859,1.2921,1.2701,1.2725,10642,20,0,-0.010497667185070059,-1
2006-05-18,1.2729,1.2876,1.2724,1.2854999999999999,10072,20,0,0.010216110019646285,1
2006-05-19,1.2854999999999999,1.2866,1.2692,1.2771,10082,20,0,-0.006534422403733919,-1
2006-05-22,1.2763,1.2888,1.2694,1.286,9779,20,0,0.006968913945658128,1
2006-05-23,1.2859,1.288,1.2783,1.2788,10078,20,0,-0.005598755832037394,-1
2006-05-24,1.2785,1.2894999999999999,1.2728,1.2758,11002,20,0,-0.0023459493274944343,-1
2006-05-25,1.2757,1.2828,1.2748,1.2824,9881,20,0,0.005173224643360896,1
2006-05-26,1.2826,1.2836,1.27,1.2737,9858,20,0,-0.006784154709918888,-1
2006-05-29,1.2732,1.2771,1.2718,1.2749,8909,20,0,0.00094213708094526,1
2006-05-30,1.275,1.2911000000000001,1.2741,1.2875,10538,20,0,0.009883128088477688,1
2006-05-31,1.2875,1.2905,1.2803,1.2817,10710,20,0,-0.00450485436893211,-1
2006-06-01,1.2817,1.2826,1.2722,1.2816,10571,20,0,-7.802137785750674e-05,-1
2006-06-02,1.2814,1.2941,1.2793999999999999,1.2922,9917,20,0,0.00827091136079905,1
2006-06-05,1.2927,1.2981,1.2898,1.2905,10340,20,0,-0.0013155858226281403,-1
2006-06-06,1.2902,1.2937,1.2807,1.2824,10243,20,0,-0.006276636962417648,-1
2006-06-07,1.2827,1.2839,1.2759,1.2802,9775,20,0,-0.0017155333749220292,-1
2006-06-08,1.2803,1.2810000000000001,1.2625,1.2649,11059,20,0,-0.01195125761599758,-1
2006-06-09,1.2652999999999999,1.2686,1.2597,1.2642,10103,20,0,-0.0005534034311012181,-1
2006-06-12,1.2615,1.2654,1.2565,1.2581,8890,20,0,-0.004825185888308825,-1
2006-06-13,1.258,1.2621,1.2530000000000001,1.2543,9994,20,0,-0.0030204276289643728,-1
2006-06-14,1.2545,1.2650000000000001,1.2533,1.2607,10465,20,0,0.0051024475803236324,1
2006-06-15,1.2607,1.2661,1.2579,1.2631000000000001,10271,20,0,0.00190370429126685,1
2006-06-16,1.2631999999999999,1.2676,1.2617,1.2647,9306,20,0,0.0012667247248829838,1
2006-06-19,1.2649,1.2654,1.2551999999999999,1.2575,9582,20,0,-0.0056930497351149745,-1
2006-06-20,1.2575,1.262,1.2538,1.2583,9495,20,0,0.0006361829025844923,1
2006-06-21,1.2587,1.2682,1.2579,1.2667,9214,20,0,0.006675673527775539,1
2006-06-22,1.267,1.2682,1.255,1.2570000000000001,9608,20,0,-0.007657693218599326,-1
2006-06-23,1.2570999999999999,1.259,1.2478,1.251,9202,20,0,-0.00477326968973768,-1
2006-06-26,1.2506,1.2606,1.2501,1.259,9950,20,0,0.006394884092725928,1
2006-06-27,1.2589000000000001,1.262,1.2561,1.2576,10011,20,0,-0.001111993645750431,-1
2006-06-28,1.2576,1.2587,1.2514,1.2548,8919,20,0,-0.0022264631043258376,-1
2006-06-29,1.2549000000000001,1.2673,1.2519,1.2668,9900,20,0,0.009563277016257477,1
2006-06-30,1.2664,1.2799,1.2656,1.279,9958,20,0,0.009630565203662789,1
2006-07-03,1.2788,1.2824,1.276,1.2793,9290,20,0,0.00023455824863183317,1
2006-07-04,1.2793999999999999,1.2826,1.2786,1.279,9242,20,0,-0.0002345032439616812,-1
2006-07-05,1.2793999999999999,1.2841,1.2705,1.2724,10344,20,0,-0.005160281469898331,-1
2006-07-06,1.2722,1.2785,1.2719,1.2779,9823,20,0,0.004322540081735271,1
2006-07-07,1.2778,1.2864,1.2765,1.2810000000000001,9535,20,0,0.002425854918225223,1
2006-07-10,1.2812999999999999,1.282,1.2718,1.274,9591,20,0,-0.005464480874317057,-1
2006-07-11,1.2739,1.2781,1.2705,1.2768,10120,20,0,0.00219780219780219,1
2006-07-12,1.2767,1.2781,1.2674,1.2701,9831,20,0,-0.005247493734335751,-1
2006-07-13,1.2702,1.2732999999999999,1.2662,1.2694,9384,20,0,-0.0005511377056923727,-1
2006-07-14,1.2692,1.27,1.2626,1.2650000000000001,9209,20,0,-0.0034662045060658286,-1
2006-07-17,1.2638,1.2647,1.2509000000000001,1.2522,9123,20,0,-0.010118577075098889,-1
2006-07-18,1.2521,1.2561,1.2473,1.2508,9684,20,0,-0.0011180322632168282,-1
2006-07-19,1.2509000000000001,1.2612,1.2457,1.2593,10103,20,0,0.006795650783498752,1
2006-07-20,1.2594,1.2656,1.2588,1.2628,10095,20,0,0.0027793218454694735,1
2006-07-21,1.2629000000000001,1.2708,1.2626,1.27,9607,20,0,0.005701615457713194,1
2006-07-24,1.2704,1.2708,1.2610000000000001,1.2634,9166,20,0,-0.005196850393700769,-1
2006-07-25,1.2633,1.2677,1.2562,1.2581,9687,20,0,-0.004195029286053531,-1
2006-07-26,1.2583,1.2727,1.2559,1.2713,9905,20,0,0.010492011763770792,1
2006-07-27,1.2715,1.2775,1.268,1.2698,9609,20,0,-0.0011798945960828089,-1
2006-07-28,1.2698,1.2774,1.2659,1.2762,9329,20,0,0.005040163805323683,1
2006-07-31,1.2765,1.2786,1.2739,1.2767,9222,20,0,0.00039178812098406013,1
2006-08-01,1.2769,1.2833,1.272,1.2822,9522,20,0,0.004307981514843018,1
2006-08-02,1.2826,1.2838,1.2775,1.279,9481,20,0,-0.0024957104975823485,-1
2006-08-03,1.2789,1.2836,1.2741,1.2803,9574,20,0,0.0010164190774042403,1
2006-08-04,1.2804,1.2912,1.2776,1.2873999999999999,9557,20,0,0.005545575255799351,1
2006-08-07,1.2884,1.2894999999999999,1.2814,1.2818,9372,20,0,-0.0043498524157215,-1
2006-08-08,1.2818,1.2894,1.2806,1.2822,9946,20,0,0.0003120611639881865,1
2006-08-09,1.2823,1.2905,1.2764,1.2864,9658,20,0,0.0032756200280767978,1
2006-08-10,1.2863,1.2915,1.2746,1.2793,10190,20,0,-0.005519278606965106,-1
2006-08-11,1.2795,1.2802,1.2715,1.2721,9586,20,0,-0.005628077855077018,-1
2006-08-14,1.2711999999999999,1.2764,1.2707,1.2724,8908,20,0,0.00023583051646891562,1
2006-08-15,1.2722,1.2807,1.2694,1.2786,9410,20,0,0.004872681546683522,1
2006-08-16,1.2785,1.2867,1.2768,1.2844,9251,20,0,0.004536211481307673,1
2006-08-17,1.2843,1.289,1.2812999999999999,1.2826,9334,20,0,-0.0014014325755216106,-1
2006-08-18,1.2827,1.2848,1.2781,1.2825,8769,20,0,-7.79666302822557e-05,-1
2006-08-21,1.2827,1.2942,1.2825,1.2886,9400,20,0,0.004756335282650959,1
2006-08-22,1.2888,1.2889,1.2782,1.2808,9586,20,0,-0.006053080862952087,-1
2006-08-23,1.2811,1.2854,1.2774,1.2787,9581,20,0,-0.0016396002498438866,-1
2006-08-24,1.2789,1.2841,1.2752,1.2765,9665,20,0,-0.0017204973801516754,-1
2006-08-25,1.2765,1.2785,1.2723,1.2753999999999999,9385,20,0,-0.0008617312965140123,-1
2006-08-28,1.2761,1.2823,1.2753999999999999,1.2786,8803,20,0,0.0025090167790497997,1
2006-08-29,1.2789,1.2841,1.2749,1.283,9599,20,0,0.003441263882371315,1
2006-08-30,1.283,1.2854999999999999,1.2812000000000001,1.2837,9837,20,0,0.0005455962587685992,1
2006-08-31,1.2841,1.2881,1.2785,1.2806,10064,20,0,-0.0024148944457428323,-1
2006-09-01,1.2809,1.285,1.2755,1.2836,9421,20,0,0.002342651881930502,1
2006-09-04,1.2846,1.2877,1.2838,1.286,8215,20,0,0.0018697413524462192,1
2006-09-05,1.2859,1.2867,1.2795,1.2816,8980,20,0,-0.0034214618973561484,-1
2006-09-06,1.2814999999999999,1.2836,1.2769,1.2805,9138,20,0,-0.0008583021223471654,-1
2006-09-07,1.2804,1.2835,1.2706,1.2734,10064,20,0,-0.005544709098008527,-1
2006-09-08,1.2736,1.2746,1.2650000000000001,1.2674,9977,20,0,-0.004711795193968915,-1
2006-09-11,1.2666,1.2745,1.2648,1.2702,8858,20,0,0.002209247277891624,1
2006-09-12,1.2699,1.2735,1.2671000000000001,1.2689,9330,20,0,-0.0010234608723036498,-1
2006-09-13,1.2684,1.2719,1.2664,1.27,9207,20,0,0.0008668925841279762,1
2006-09-14,1.2699,1.2756,1.2675,1.2723,9193,20,0,0.0018110236220472142,1
2006-09-15,1.2726,1.274,1.263,1.2659,9257,20,0,-0.005030260158767508,-1
2006-09-18,1.2637,1.2711999999999999,1.2629000000000001,1.2702,8734,20,0,0.003396792795639536,1
2006-09-19,1.2704,1.2726,1.2650000000000001,1.2671000000000001,11104,20,0,-0.0024405605416468745,-1
2006-09-20,1.2671999999999999,1.2727,1.2665,1.2688,10514,20,0,0.0013416462789044292,1
2006-09-21,1.2690000000000001,1.2798,1.2682,1.278,11358,20,0,0.007250945775536088,1
2006-09-22,1.2781,1.283,1.2776,1.2783,10839,20,0,0.00023474178403759538,1
2006-09-25,1.2789,1.2819,1.2731,1.2745,9935,20,0,-0.002972698114683592,-1
2006-09-26,1.2747,1.2761,1.2662,1.2682,10657,20,0,-0.00494311494703803,-1
2006-09-27,1.2684,1.2717,1.267,1.2701,10637,20,0,0.0014981864059295802,1
2006-09-28,1.2699,1.2732,1.2678,1.2694,10981,20,0,-0.0005511377056923727,-1
2006-09-29,1.2695,1.2713999999999999,1.2639,1.2673,10469,20,0,-0.0016543248778950748,-1
2006-10-02,1.2683,1.2761,1.2662,1.2736,9716,20,0,0.00497119861122064,1
2006-10-03,1.2737,1.2764,1.2719,1.2729,9030,20,0,-0.0005496231155780462,-1
2006-10-04,1.2730000000000001,1.2738,1.2668,1.2711000000000001,9964,20,0,-0.0014140938015553273,-1
2006-10-05,1.2711999999999999,1.2725,1.2671000000000001,1.2692,8208,20,0,-0.001494768310911776,-1
2006-10-06,1.2689,1.2713999999999999,1.2574,1.2599,6393,20,0,-0.007327450362433097,-1
2006-10-09,1.2588,1.2612,1.2584,1.2593,4765,20,0,-0.00047622827208504415,-1
2006-10-10,1.2594,1.2612,1.2517,1.2533,6436,20,0,-0.004764551735090938,-1
2006-10-11,1.2530999999999999,1.2556,1.2502,1.2523,6557,20,0,-0.000797893560999019,-1
2006-10-12,1.2522,1.2563,1.2516,1.2558,6172,20,0,0.0027948574622693734,1
2006-10-13,1.2557,1.2577,1.2483,1.2511999999999999,5931,20,0,-0.003663003663003761,-1
2006-10-16,1.2501,1.2536,1.2488,1.2532,5278,20,0,0.0015984654731460157,1
2006-10-17,1.2533,1.2564,1.2508,1.2536,6857,20,0,0.00031918289179699855,1
2006-10-18,1.2537,1.2557,1.2502,1.2533,5990,20,0,-0.00023931078493932834,-1
2006-10-19,1.2530999999999999,1.2641,1.2530000000000001,1.2621,6287,20,0,0.0070214633367908785,1
2006-10-20,1.2623,1.264,1.2596,1.2616,5851,20,0,-0.00039616512162266027,-1
2006-10-23,1.2615,1.2621,1.2535,1.2549000000000001,5825,20,0,-0.005310716550412153,-1
2006-10-24,1.2553,1.2575,1.2524,1.2553,5634,20,0,0.0003187504980475264,1
2006-10-25,1.2554,1.2621,1.2551,1.2608,6238,20,0,0.004381422767465892,1
2006-10-26,1.2607,1.2701,1.2605,1.2687,7003,20,0,0.006265862944162537,1
2006-10-27,1.2689,1.2749,1.2662,1.274,7243,20,0,0.0041775045321983395,1
2006-10-30,1.2730000000000001,1.2734,1.2698,1.2715,5958,20,0,-0.001962323390894749,-1
2006-10-31,1.2716,1.2782,1.2677,1.2765,7336,20,0,0.003932363350373391,1
2006-11-01,1.2764,1.2797,1.2742,1.2753999999999999,5827,20,0,-0.0008617312965140123,-1
2006-11-02,1.2755,1.2784,1.2736,1.2778,6531,20,0,0.0018817625842875163,1
2006-11-03,1.2777,1.2781,1.2681,1.2716,6638,20,0,-0.004852089528877723,-1
2006-11-06,1.2717,1.2732,1.2689,1.2732,5229,20,0,0.0012582573136206143,1
2006-11-07,1.2732999999999999,1.2817,1.2719,1.2783,6692,20,0,0.004005655042412792,1
2006-11-08,1.2782,1.2806,1.2745,1.2757,6547,20,0,-0.0020339513416255395,-1
2006-11-09,1.2755,1.2847,1.2749,1.2837,7340,20,0,0.006271066865250363,1
2006-11-10,1.2835,1.2899,1.2829,1.284,7379,20,0,0.00023369946249118811,1
2006-11-13,1.2851,1.2878,1.2795,1.2806,10060,20,0,-0.0026479750778817257,-1
2006-11-14,1.2808,1.2869,1.2789,1.2810000000000001,8023,20,0,0.0003123535842575187,1
2006-11-15,1.2809,1.2833,1.2772000000000001,1.283,6822,20,0,0.0015612802498046197,1
2006-11-16,1.2831000000000001,1.2839,1.2783,1.2797,7042,20,0,-0.0025720966484800156,-1
2006-11-17,1.2796,1.2844,1.2761,1.2828,6774,20,0,0.0024224427600216814,1
2006-11-20,1.2825,1.285,1.2804,1.2819,5832,20,0,-0.0007015902712814714,-1
2006-11-21,1.2818,1.2852999999999999,1.2797,1.2847,6009,20,0,0.002184257742413598,1
2006-11-22,1.2846,1.2955999999999999,1.2836,1.2942,7654,20,0,0.007394722503308193,1
2006-11-23,1.2941,1.2974,1.2927,1.2948,6260,20,0,0.00046360686138147145,1
2006-11-24,1.2952,1.3109,1.2946,1.3093,8160,20,0,0.01119864071671306,1
2006-11-27,1.3155999999999999,1.3161,1.3086,1.3132,8985,20,0,0.0029786909035363074,1
2006-11-28,1.3126,1.3208,1.3118,1.3192,10195,20,0,0.0045689917758147125,1
2006-11-29,1.3193,1.3216999999999999,1.3131,1.3152,8798,20,0,-0.003032140691328067,-1
2006-11-30,1.3151,1.3273,1.314,1.3237999999999999,8760,20,0,0.006538929440389252,1
2006-12-01,1.3237999999999999,1.3347,1.3219,1.3336000000000001,8919,20,0,0.0074029309563379275,1
2006-12-04,1.3362,1.3363,1.3281,1.334,8392,20,0,0.00029994001199762366,1
2006-12-05,1.3338999999999999,1.3361,1.3286,1.3315000000000001,9367,20,0,-0.0018740629685156662,-1
2006-12-06,1.3314,1.334,1.3254000000000001,1.3279,8674,20,0,-0.002703717611716172,-1
2006-12-07,1.328,1.3323,1.3275000000000001,1.3283,7903,20,0,0.00030122750207084437,1
2006-12-08,1.3282,1.3364,1.3189,1.3202,9646,20,0,-0.006098020025596673,-1
2006-12-11,1.3182,1.3261,1.313,1.325,8847,20,0,0.003635812755643064,1
2006-12-12,1.3248,1.3291,1.3212,1.3282,9093,20,0,0.0024150943396226143,1
2006-12-13,1.3283,1.3287,1.319,1.3207,8318,20,0,-0.005646739948802937,-1
2006-12-14,1.3209,1.3252,1.314,1.3152,9069,20,0,-0.004164458241841529,-1
2006-12-15,1.3151,1.3186,1.3059,1.3079,9810,20,0,-0.005550486618004724,-1
2006-12-18,1.3082,1.3117,1.3051,1.3096,7279,20,0,0.001299793562199003,1
2006-12-19,1.3094999999999999,1.3214000000000001,1.3082,1.3195999999999999,9280,20,0,0.007635919364691324,1
2006-12-20,1.3197999999999999,1.3244,1.3159,1.3175,8121,20,0,-0.0015913913307062932,-1
2006-12-21,1.3176,1.3212,1.314,1.318,7819,20,0,0.00037950664136632284,1
2006-12-22,1.3179,1.3211,1.3107,1.3128,6838,20,0,-0.003945371775417317,-1
2006-12-26,1.3138,1.314,1.3087,1.3101,15423,20,0,-0.002056672760511802,-1
2006-12-27,1.3099,1.3176999999999999,1.3094000000000001,1.3125,7880,20,0,0.0018319212273871788,1
2006-12-28,1.3127,1.3201,1.3103,1.3145,8644,20,0,0.0015238095238094829,1
2006-12-29,1.3146,1.3205,1.3134000000000001,1.3197999999999999,8230,20,0,0.004031951312285953,1
2007-01-01,1.3189,1.3189,1.3189,1.3189,1,20,0,-0.0006819215032579651,-1
2007-01-02,1.3205,1.3296000000000001,1.3201,1.3277,9354,20,0,0.006672226855713115,1
2007-01-03,1.3277999999999999,1.3289,1.3146,1.3163,9214,20,0,-0.00858627702041126,-1
2007-01-04,1.3164,1.3179,1.3075,1.309,9175,20,0,-0.005545848210894211,-1
2007-01-05,1.3091,1.3104,1.298,1.3001,9030,20,0,-0.00679908326967138,-1
2007-01-08,1.301,1.3035,1.2971,1.3029,7711,20,0,0.002153680486116416,1
2007-01-09,1.3028,1.3051,1.2985,1.2992,7960,20,0,-0.0028398188656074685,-1
2007-01-10,1.2993000000000001,1.3,1.2929,1.2939,8870,20,0,-0.004079433497536811,-1
2007-01-11,1.2938,1.3014000000000001,1.2881,1.2893,9111,20,0,-0.0035551433650206077,-1
2007-01-12,1.2892000000000001,1.2944,1.2865,1.2922,8717,20,0,0.00224928255642598,1
2007-01-15,1.2927,1.2955,1.2913999999999999,1.2934,6149,20,0,0.0009286488159727657,1
2007-01-16,1.2933,1.2988,1.2907,1.2916,8565,20,0,-0.0013916808411937875,-1
2007-01-17,1.292,1.2949,1.2896,1.2938,8070,20,0,0.0017033137194177872,1
2007-01-18,1.2939,1.2974999999999999,1.2894999999999999,1.2958,8989,20,0,0.0015458339774307994,1
2007-01-19,1.2959,1.2999,1.2912,1.296,7338,20,0,0.00015434480629727965,1
2007-01-22,1.2955999999999999,1.2978,1.2921,1.2941,6568,20,0,-0.0014660493827161059,-1
2007-01-23,1.2944,1.3042,1.2927,1.3019,8450,20,0,0.006027354918476169,1
2007-01-24,1.302,1.3035999999999999,1.2946,1.2962,9112,20,0,-0.004378216452876615,-1
2007-01-25,1.2963,1.3,1.2913000000000001,1.2925,9114,20,0,-0.0028544977626909773,-1
2007-01-26,1.2926,1.2943,1.2876,1.2913999999999999,8534,20,0,-0.0008510638297872797,-1
2007-01-29,1.2921,1.2965,1.2896,1.2957,5286,20,0,0.0033297196840640364,1
2007-01-30,1.2958,1.298,1.2942,1.2964,6230,20,0,0.0005402485143164437,1
2007-01-31,1.2963,1.3035999999999999,1.2923,1.3021,7948,20,0,0.004396791113853826,1
2007-02-01,1.3022,1.3054999999999999,1.3001,1.3021,6969,20,0,0.0,-1
2007-02-02,1.3023,1.3062,1.2949,1.2959,6131,20,0,-0.0047615390523001455,-1
2007-02-05,1.2955,1.2964,1.2912,1.2928,5905,20,0,-0.0023921598888804185,-1
2007-02-06,1.293,1.299,1.2911000000000001,1.2983,5492,20,0,0.004254331683168466,1
2007-02-07,1.2982,1.3022,1.2971,1.3014000000000001,5159,20,0,0.002387737810983781,1
2007-02-08,1.3014999999999999,1.3044,1.2973,1.3035999999999999,6226,20,0,0.0016904871676655109,1
2007-02-09,1.3037,1.3045,1.2982,1.3006,5680,20,0,-0.002301319423135828,-1
2007-02-12,1.3014999999999999,1.3034,1.2939,1.296,4857,20,0,-0.003536829155774246,-1
2007-02-13,1.2962,1.3042,1.2953000000000001,1.3034,5801,20,0,0.005709876543209758,1
2007-02-14,1.3037,1.3149,1.3022,1.3131,7057,20,0,0.007442074574190549,1
2007-02-15,1.3132,1.3171,1.3117,1.3135,7715,20,0,0.0003046226486937975,1
2007-02-16,1.3136,1.3143,1.3092,1.3136,6104,20,0,7.61324704987576e-05,1
2007-02-19,1.3154,1.316,1.3121,1.3149,3880,20,0,0.0009896467722287916,1
2007-02-20,1.315,1.3187,1.3128,1.3135,5480,20,0,-0.001064719750551446,-1
2007-02-21,1.3134000000000001,1.3164,1.311,1.3141,6631,20,0,0.0004567948229921015,1
2007-02-22,1.314,1.3141,1.3079,1.3125,5737,20,0,-0.0012175633513431539,-1
2007-02-23,1.3128,1.3185,1.3101,1.3167,4874,20,0,0.0032000000000000917,1
2007-02-26,1.3189,1.3195999999999999,1.3149,1.3188,4364,20,0,0.0015948963317384823,1
2007-02-27,1.3187,1.3258,1.3159,1.3237999999999999,7771,20,0,0.003791325447376259,1
2007-02-28,1.3237,1.3237,1.318,1.3223,8693,20,0,-0.0011331016769903224,-1
2007-03-01,1.3225,1.3237999999999999,1.3153000000000001,1.3173,8538,20,0,-0.0037812901762082074,-1
2007-03-02,1.3178,1.3201,1.3141,1.319,7124,20,0,0.001290518484779568,1
2007-03-05,1.3209,1.321,1.307,1.308,9846,20,0,-0.0083396512509476,-1
2007-03-06,1.3082,1.3131,1.3081,1.3127,7019,20,0,0.003593272171253714,1
2007-03-07,1.3128,1.3185,1.3109,1.3179,6088,20,0,0.003961301135065209,1
2007-03-08,1.318,1.3181,1.3115999999999999,1.3134000000000001,6696,20,0,-0.003414523104939615,-1
2007-03-09,1.3133,1.3159,1.3086,1.3115999999999999,5686,20,0,-0.0013704888076748745,-1
2007-03-12,1.3117,1.32,1.3109,1.3189,5638,20,0,0.0055657212564808045,1
2007-03-13,1.3188,1.3221,1.3155000000000001,1.3191,6127,20,0,0.0001516415194480203,1
2007-03-14,1.3192,1.3244,1.3175,1.3215,6967,20,0,0.0018194223334091486,1
2007-03-15,1.3216,1.3251,1.3193,1.3239,6390,20,0,0.001816118047673232,1
2007-03-16,1.3237999999999999,1.3338,1.3237999999999999,1.3316,7869,20,0,0.005816149255986058,1
2007-03-19,1.3317999999999999,1.3324,1.328,1.3306,5416,20,0,-0.0007509762691497723,-1
2007-03-20,1.3307,1.3323,1.3268,1.3317,6527,20,0,0.0008266947241846179,1
2007-03-21,1.3316,1.339,1.3288,1.3388,5999,20,0,0.005331531125628786,1
2007-03-22,1.3389,1.341,1.331,1.3325,6849,20,0,-0.004705706602928017,-1
2007-03-23,1.3324,1.3342,1.3281,1.3282,6338,20,0,-0.003227016885553491,-1
2007-03-26,1.3288,1.3346,1.3253,1.333,6125,20,0,0.0036139135672337286,1
2007-03-27,1.3329,1.3368,1.3323,1.3357999999999999,6077,20,0,0.002100525131282671,1
2007-03-28,1.3357,1.3372,1.3308,1.3313,8152,20,0,-0.0033687677796077065,-1
2007-03-29,1.3314,1.3353,1.3301,1.3331,5302,20,0,0.0013520618943889673,1
2007-03-30,1.3333,1.3399,1.3287,1.3354,7776,20,0,0.001725301927837375,1
2007-04-02,1.3372,1.3382,1.3331,1.3366,5132,20,0,0.0008986071589036637,1
2007-04-03,1.3369,1.338,1.3317999999999999,1.3328,4484,20,0,-0.0028430345653149836,-1
2007-04-04,1.3329,1.338,1.3319,1.3369,5268,20,0,0.003076230492196963,1
2007-04-05,1.337,1.3439,1.3353,1.3429,4878,20,0,0.004487994614406521,1
2007-04-06,1.3431,1.3432,1.3364,1.3378,3036,20,0,-0.00379775113560199,-1
2007-04-09,1.3375,1.3381,1.3338999999999999,1.3356,2769,20,0,-0.0016444909552999487,-1
2007-04-10,1.3355000000000001,1.3453,1.3349,1.3432,5198,20,0,0.005690326445043414,1
2007-04-11,1.3431,1.3441,1.3406,1.3434,4712,20,0,0.00014889815366281312,1
2007-04-12,1.3433,1.3505,1.343,1.3486,5824,20,0,0.003870775643888713,1
2007-04-13,1.3488,1.3552,1.3481,1.3527,7185,20,0,0.0030401898264866833,1
2007-04-16,1.3566,1.3576,1.3526,1.3529,5085,20,0,0.00014785244326165348,1
2007-04-17,1.353,1.3594,1.3525,1.3574,6420,20,0,0.0033261881883361877,1
2007-04-18,1.3573,1.3615,1.3555,1.3611,5966,20,0,0.002725799322233602,1
2007-04-19,1.3613,1.3618999999999999,1.3559999999999999,1.3618000000000001,7064,20,0,0.0005142899125707423,1
2007-04-20,1.3617,1.3636,1.3585,1.359,4847,20,0,-0.0020561022176531774,-1
2007-04-23,1.3604,1.3608,1.3541,1.3577,4686,20,0,-0.0009565857247977316,-1
2007-04-24,1.3578000000000001,1.3643,1.3547,1.3637000000000001,5716,20,0,0.0044192384179129185,1
2007-04-25,1.3639000000000001,1.3665,1.3620999999999999,1.3643,7245,20,0,0.0004399794676248625,1
2007-04-26,1.3644,1.3653,1.3584,1.3591,6258,20,0,-0.003811478413838665,-1
2007-04-27,1.3592,1.3681,1.3585,1.3651,5939,20,0,0.004414686189390116,1
2007-04-30,1.3636,1.3678,1.3589,1.3642,5607,20,0,-0.0006592923595339917,-1
2007-05-01,1.3641,1.3671,1.359,1.3605,5751,20,0,-0.0027122122855886,-1
2007-05-02,1.3606,1.3612,1.3559999999999999,1.3582,6628,20,0,-0.0016905549430356048,-1
2007-05-03,1.3583,1.3622,1.3546,1.3551,4789,20,0,-0.002282432631424025,-1
2007-05-04,1.3552,1.3609,1.3535,1.3591,5030,20,0,0.0029518116744151612,1
2007-05-07,1.3598,1.3627,1.359,1.3597000000000001,3510,20,0,0.0004414686189391226,1
2007-05-08,1.3599,1.362,1.3515,1.3543,5207,20,0,-0.003971464293594185,-1
2007-05-09,1.3544,1.3564,1.3519,1.3526,4334,20,0,-0.0012552610204533687,-1
2007-05-10,1.3527,1.3563,1.3464,1.3476,6595,20,0,-0.0036965843560551326,-1
2007-05-11,1.3477000000000001,1.3531,1.3461,1.3524,5566,20,0,0.003561887800534347,1
2007-05-14,1.3531,1.3557000000000001,1.3523,1.3541,4155,20,0,0.0012570245489500476,1
2007-05-15,1.3543,1.3608,1.3526,1.3593,5496,20,0,0.0038401890554611295,1
2007-05-16,1.3592,1.3609,1.3504,1.3514,5102,20,0,-0.005811814904730372,-1
2007-05-17,1.3517000000000001,1.3544,1.3476,1.3498,5028,20,0,-0.0011839573775342949,-1
2007-05-18,1.3497,1.3521,1.3464,1.3507,5275,20,0,0.00066676544673272,1
2007-05-21,1.3517000000000001,1.3525,1.3435000000000001,1.3463,4469,20,0,-0.0032575701488116726,-1
2007-05-22,1.3464,1.3475,1.3437999999999999,1.3451,4090,20,0,-0.0008913317982619517,-1
2007-05-23,1.345,1.35,1.3415,1.3455,5207,20,0,0.000297375659802146,1
2007-05-24,1.3456000000000001,1.3461,1.3414,1.3431,5000,20,0,-0.0017837235228539416,-1
2007-05-25,1.3432,1.3472,1.3411,1.3442,4834,20,0,0.0008190008190009923,1
2007-05-28,1.3447,1.3458,1.3445,1.3447,1454,20,0,0.00037196845707487824,1
2007-05-29,1.3448,1.3519,1.3418999999999999,1.3446,5566,20,0,-7.436602959765004e-05,-1
2007-05-30,1.3447,1.3457,1.3406,1.3429,5432,20,0,-0.0012643165253607425,-1
2007-05-31,1.3428,1.3477000000000001,1.3423,1.3451,4868,20,0,0.001638245587906706,1
2007-06-01,1.3451,1.3461,1.3392,1.3448,4996,20,0,-0.00022303174485160948,-1
2007-06-04,1.3439999999999999,1.3498999999999999,1.3431,1.3493,3964,20,0,0.0033462224866149803,1
2007-06-05,1.3494,1.3553,1.3487,1.3517000000000001,4763,20,0,0.001778700066701333,1
2007-06-06,1.3518,1.3538000000000001,1.3485,1.3498,4476,20,0,-0.0014056373455648696,-1
2007-06-07,1.3497,1.3512,1.3422,1.3426,5290,20,0,-0.00533412357386287,-1
2007-06-08,1.343,1.3431,1.332,1.3372,6239,20,0,-0.004022046774914356,-1
2007-06-11,1.3362,1.3365,1.3335,1.3357,4134,20,0,-0.0011217469338915542,-1
2007-06-12,1.3357999999999999,1.3368,1.3301,1.3302,4845,20,0,-0.004117691098300513,-1
2007-06-13,1.3303,1.3315000000000001,1.3262,1.3309,6670,20,0,0.0005262366561418208,1
2007-06-14,1.3308,1.3323,1.3279,1.3308,4172,20,0,-7.513712525353267e-05,-1
2007-06-15,1.3309,1.3388,1.3305,1.3388,4732,20,0,0.006011421701232367,1
2007-06-18,1.3381,1.3418,1.3377,1.3414,3889,20,0,0.0019420376456527055,1
2007-06-19,1.3415,1.3436,1.3383,1.3423,4512,20,0,0.0006709408081109203,1
2007-06-20,1.3424,1.3437000000000001,1.3395000000000001,1.34,4166,20,0,-0.0017134768680622248,-1
2007-06-21,1.3399,1.3406,1.3371,1.3386,5101,20,0,-0.0010447761194030125,-1
2007-06-22,1.3389,1.347,1.3381,1.3469,4851,20,0,0.006200507993425974,1
2007-06-25,1.3467,1.3473,1.3437999999999999,1.3462,3774,20,0,-0.0005197119311010079,-1
2007-06-26,1.3463,1.3477999999999999,1.3431,1.3458,4430,20,0,-0.00029713266973696584,-1
2007-06-27,1.3455,1.3458,1.3415,1.3452,5271,20,0,-0.0004458314757023185,-1
2007-06-28,1.3451,1.3479999999999999,1.3422,1.3446,5402,20,0,-0.000446030330062408,-1
2007-06-29,1.3445,1.3541,1.3428,1.354,5944,20,0,0.006990926669641517,1
2007-07-02,1.3542,1.3637000000000001,1.3527,1.3631,5084,20,0,0.0067208271787295715,1
2007-07-03,1.3632,1.3635,1.3583,1.3608,4723,20,0,-0.0016873303499376213,-1
2007-07-04,1.3609,1.363,1.3604,1.3614,2879,20,0,0.0004409171075836493,1
2007-07-05,1.3615,1.3659,1.3578000000000001,1.3593,5964,20,0,-0.0015425297487879908,-1
2007-07-06,1.3591,1.3641,1.3567,1.3625,5666,20,0,0.002354152872802162,1
2007-07-09,1.3632,1.3642,1.3611,1.3628,2450,20,0,0.00022018348623853434,1
2007-07-10,1.3626,1.3785,1.3594,1.3768,6576,20,0,0.010272967420017709,1
2007-07-11,1.3767,1.3779,1.373,1.3744,7524,20,0,-0.0017431725740848503,-1
2007-07-12,1.3743,1.38,1.3740999999999999,1.3787,6496,20,0,0.0031286379511059614,1
2007-07-13,1.3786,1.3812,1.3761999999999999,1.3782,5923,20,0,-0.00036266047726118966,-1
2007-07-16,1.3780000000000001,1.3804,1.3759000000000001,1.3772,3728,20,0,-0.0007255840951967407,-1
2007-07-17,1.3775,1.3798,1.3758,1.3782,5644,20,0,0.000726110949753167,1
2007-07-18,1.3780000000000001,1.3833,1.3752,1.3805,7780,20,0,0.0016688434189522372,1
2007-07-19,1.3808,1.383,1.3785,1.3797,5585,20,0,-0.0005795001810938727,-1
2007-07-20,1.3798,1.3841999999999999,1.3779,1.3826,5393,20,0,0.002101906211495308,1
2007-07-23,1.383,1.3843,1.3794,1.3806,4927,20,0,-0.0014465499783017366,-1
2007-07-24,1.3809,1.3851,1.3798,1.3827,6753,20,0,0.0015210777922642915,1
2007-07-25,1.3826,1.3829,1.3695,1.3724,7610,20,0,-0.0074491936067114795,-1
2007-07-26,1.3725,1.377,1.3692,1.374,8600,20,0,0.0011658408627222006,1
2007-07-27,1.3739,1.3753,1.3626,1.3635,9651,20,0,-0.007641921397380069,-1
2007-07-30,1.3612,1.3704,1.3609,1.3697,7448,20,0,0.004547121378804642,1
2007-07-31,1.3696,1.3726,1.367,1.3677000000000001,7700,20,0,-0.001460173760677308,-1
2007-08-01,1.3679000000000001,1.3709,1.3637000000000001,1.3676,10175,20,0,-7.311544929455849e-05,-1
2007-08-02,1.3679000000000001,1.3705,1.3651,1.37,7330,20,0,0.0017548990933022868,1
2007-08-03,1.3700999999999999,1.3817,1.3684,1.3773,6853,20,0,0.0053284671532845,1
2007-08-06,1.3838,1.3838,1.3780000000000001,1.3794,5624,20,0,0.0015247222827270424,1
2007-08-07,1.3793,1.3815,1.3735,1.3743,6713,20,0,-0.0036972596781208455,-1
2007-08-08,1.374,1.3825,1.3721,1.3794,6323,20,0,0.003710980135341435,1
2007-08-09,1.3793,1.3816,1.3654,1.3677000000000001,9011,20,0,-0.00848194867333607,-1
2007-08-10,1.3679999999999999,1.3704,1.3643,1.3693,9181,20,0,0.0011698471887109374,1
2007-08-13,1.3685,1.3708,1.3603,1.3607,6591,20,0,-0.006280581318922063,-1
2007-08-14,1.3611,1.3625,1.353,1.3535,7667,20,0,-0.005291394135371608,-1
2007-08-15,1.3536000000000001,1.3537,1.3417,1.3423,9038,20,0,-0.00827484299963055,-1
2007-08-16,1.3422,1.3446,1.336,1.3427,15160,20,0,0.0002979959770543772,1
2007-08-17,1.3426,1.3545,1.337,1.3474,14988,20,0,0.0035004096224025005,1
2007-08-20,1.3477000000000001,1.3507,1.3458999999999999,1.3475,7906,20,0,7.42170105387796e-05,1
2007-08-21,1.3477999999999999,1.3519,1.3457,1.3462,7978,20,0,-0.0009647495361779779,-1
2007-08-22,1.3461,1.355,1.345,1.3549,6539,20,0,0.006462635566780506,1
2007-08-23,1.355,1.3587,1.3536000000000001,1.3567,7556,20,0,0.0013285113292493822,1
2007-08-24,1.3565,1.3681,1.3553,1.3675,7065,20,0,0.007960492371194672,1
2007-08-27,1.3672,1.3684,1.3635,1.3639000000000001,4511,20,0,-0.002632541133455124,-1
2007-08-28,1.3641,1.3679000000000001,1.3599999999999999,1.3599999999999999,6458,20,0,-0.002859447173546581,-1
2007-08-29,1.3602,1.3679999999999999,1.3562,1.3674,7830,20,0,0.005441176470588394,1
2007-08-30,1.3673,1.3676,1.3592,1.3631,7671,20,0,-0.0031446540880503138,-1
2007-08-31,1.3634,1.3719000000000001,1.362,1.3628,7767,20,0,-0.0002200865673831487,-1
2007-09-03,1.3628,1.3654,1.3605,1.3622,4324,20,0,-0.00044027003228641615,-1
2007-09-04,1.3624,1.3625,1.355,1.3608,6029,20,0,-0.0010277492291881352,-1
2007-09-05,1.3604,1.3671,1.3569,1.3649,5995,20,0,0.0030129335684891956,1
2007-09-06,1.3648,1.3709,1.3634,1.3689,6163,20,0,0.002930617627665111,1
2007-09-07,1.3688,1.3797,1.3663,1.3767,5990,20,0,0.005698005698005826,1
2007-09-10,1.3780999999999999,1.3814,1.3766,1.3805,6813,20,0,0.002760223723396571,1
2007-09-11,1.3806,1.3848,1.3778000000000001,1.3838,6653,20,0,0.0023904382470119057,1
2007-09-12,1.3839000000000001,1.3913,1.3824,1.3905,7487,20,0,0.004841740135857808,1
2007-09-13,1.3906,1.3926,1.3862999999999999,1.3865,6497,20,0,-0.0028766630708377816,-1
2007-09-14,1.3866,1.3895,1.3844,1.3874,7084,20,0,0.0006491164803461569,1
2007-09-17,1.3872,1.3888,1.3848,1.3858,5859,20,0,-0.0011532362692806553,-1
2007-09-18,1.3859,1.3987,1.3828,1.3982,8693,20,0,0.008947900129889108,1
2007-09-19,1.3980000000000001,1.3987,1.3935,1.3966,8095,20,0,-0.0011443284222572014,-1
2007-09-20,1.3963999999999999,1.4098,1.3961999999999999,1.4068,9024,20,0,0.007303451238722669,1
2007-09-21,1.4064999999999999,1.4119,1.4042,1.409,7489,20,0,0.0015638328120557432,1
2007-09-24,1.4089,1.4129,1.4067,1.4078,6047,20,0,-0.0008516678495387175,-1
2007-09-25,1.4079,1.4154,1.4060000000000001,1.4147,7009,20,0,0.0049012643841455095,1
2007-09-26,1.4144999999999999,1.4161000000000001,1.4111,1.4131,6708,20,0,-0.001130981833604383,-1
2007-09-27,1.4133,1.4189,1.4122,1.4146,7031,20,0,0.0010614960016983588,1
2007-09-28,1.4144999999999999,1.4278,1.4144999999999999,1.4266,8247,20,0,0.00848296338187482,1
2007-10-01,1.428,1.4281,1.421,1.4232,6599,20,0,-0.002383288938735517,-1
2007-10-02,1.4231,1.4237,1.4138,1.4148,6900,20,0,-0.00590219224283306,-1
2007-10-03,1.4149,1.4199,1.4083,1.409,6881,20,0,-0.004099519366694948,-1
2007-10-04,1.4091,1.4148,1.4067,1.4135,6831,20,0,0.0031937544357700798,1
2007-10-05,1.4134,1.4156,1.4032,1.4134,6934,20,0,-7.074637424830943e-05,-1
2007-10-08,1.415,1.4151,1.4036,1.4054,4448,20,0,-0.005660110372152305,-1
2007-10-09,1.4055,1.4113,1.4014,1.4104,6642,20,0,0.003557705991176885,1
2007-10-10,1.4102999999999999,1.417,1.4093,1.414,6501,20,0,0.0025524673851389235,1
2007-10-11,1.4141,1.424,1.4135,1.4199,7983,20,0,0.0041725601131541445,1
2007-10-12,1.42,1.4212,1.4155,1.4177,7094,20,0,-0.0015494048876680822,-1
2007-10-15,1.4176,1.4242,1.4161000000000001,1.4212,6107,20,0,0.002468787472666989,1
2007-10-16,1.4211,1.4224999999999999,1.4143,1.4172,7906,20,0,-0.0028145229383619297,-1
2007-10-17,1.4173,1.4229,1.4156,1.4215,7455,20,0,0.003034151848715805,1
2007-10-18,1.4216,1.4309,1.4196,1.4285,7561,20,0,0.004924375659514757,1
2007-10-19,1.4285999999999999,1.4317,1.4245,1.43,6770,20,0,0.0010500525026249097,1
2007-10-22,1.4334,1.4348,1.4125,1.4174,11443,20,0,-0.008811188811188808,-1
2007-10-23,1.4176,1.4278,1.417,1.4264000000000001,8466,20,0,0.006349654296599505,1
2007-10-24,1.4263,1.4268,1.4187,1.4261,8507,20,0,-0.0002103196859227774,-1
2007-10-25,1.426,1.4342,1.4247,1.433,7991,20,0,0.00483837038075885,1
2007-10-26,1.4328,1.4393,1.4316,1.4392,6992,20,0,0.004326587578506569,1
2007-10-29,1.4412,1.4435,1.4376,1.4419,6540,20,0,0.0018760422456920445,1
2007-10-30,1.4417,1.444,1.4373,1.4437,7519,20,0,0.0012483528677440514,1
2007-10-31,1.4436,1.4503,1.4418,1.4471,9393,20,0,0.002355059915494895,1
2007-11-01,1.4472,1.4476,1.4403000000000001,1.4425,9541,20,0,-0.0031787713357751546,-1
2007-11-02,1.4426,1.4527,1.4421,1.4504000000000001,9067,20,0,0.005476603119584311,1
2007-11-05,1.4518,1.4518,1.4442,1.4474,7486,20,0,-0.0020683949255378975,-1
2007-11-06,1.4473,1.4569,1.4468,1.4564,7390,20,0,0.00621804615172028,1
2007-11-07,1.4563,1.4727999999999999,1.4553,1.4628,12510,20,0,0.0043943971436419815,1
2007-11-08,1.4627,1.4703,1.4619,1.4673,10949,20,0,0.0030762920426579132,1
2007-11-09,1.4674,1.4751,1.4631,1.4679,12583,20,0,0.0004089143324472744,1
2007-11-12,1.4677,1.4677,1.4525000000000001,1.453,12282,20,0,-0.0101505552149328,-1
2007-11-13,1.4529,1.4633,1.4519,1.4616,10050,20,0,0.005918788713007439,1
2007-11-14,1.4615,1.4727999999999999,1.4612,1.4649,11378,20,0,0.002257799671592897,1
2007-11-15,1.465,1.4702,1.4604,1.4614,10287,20,0,-0.002389241586456481,-1
2007-11-16,1.4615,1.4671,1.4581,1.4661,9784,20,0,0.0032160941562884293,1
2007-11-19,1.4667,1.4686,1.462,1.4667,8250,20,0,0.00040924902803340935,1
2007-11-20,1.4666000000000001,1.4852,1.4635,1.4837,10976,20,0,0.011590645667143962,1
2007-11-21,1.4836,1.4868999999999999,1.4775,1.4847000000000001,9623,20,0,0.0006739906989283728,1
2007-11-22,1.4846,1.4872,1.4821,1.4846,6644,20,0,-6.735367414301141e-05,-1
2007-11-23,1.4847000000000001,1.4966,1.4783,1.4836,10400,20,0,-0.0006735821096590655,-1
2007-11-26,1.4826,1.4885,1.4804,1.4864,7513,20,0,0.001887301159342103,1
2007-11-27,1.4866,1.4905,1.4808,1.4828000000000001,10973,20,0,-0.0024219590958017845,-1
2007-11-28,1.4828999999999999,1.4857,1.4711,1.4830999999999999,10805,20,0,0.00020231993525743341,1
2007-11-29,1.4832,1.4842,1.4722,1.4747,9704,20,0,-0.005663812285078507,-1
2007-11-30,1.4748,1.4783,1.4627,1.4638,9948,20,0,-0.0073913338306095255,-1
2007-12-03,1.4647999999999999,1.4706000000000001,1.462,1.4667,8723,20,0,0.0019811449651589985,1
2007-12-04,1.4668,1.4767000000000001,1.4635,1.4765,9264,20,0,0.00668166632576539,1
2007-12-05,1.4764,1.4769,1.459,1.4616,9617,20,0,-0.010091432441584725,-1
2007-12-06,1.4614,1.4651,1.4527,1.4639,10531,20,0,0.001573617952928208,1
2007-12-07,1.4638,1.467,1.4598,1.4657,7778,20,0,0.0012295921852585323,1
2007-12-10,1.4654,1.4735,1.4639,1.4721,6404,20,0,0.0043665142935116474,1
2007-12-11,1.472,1.475,1.4639,1.4656,8843,20,0,-0.004415460906188384,-1
2007-12-12,1.4657,1.4748,1.465,1.4711,9381,20,0,0.003752729257642029,1
2007-12-13,1.471,1.4736,1.4577,1.4617,9159,20,0,-0.006389776357827559,-1
2007-12-14,1.4618,1.4654,1.441,1.4429,11385,20,0,-0.012861736334405127,-1
2007-12-17,1.4405000000000001,1.4453,1.4331,1.4412,10682,20,0,-0.001178182826252705,-1
2007-12-18,1.441,1.4434,1.4365999999999999,1.4408,8998,20,0,-0.00027754648903688395,-1
2007-12-19,1.4409,1.4422,1.4325,1.4371,8858,20,0,-0.002568017767906716,-1
2007-12-20,1.4373,1.439,1.4309,1.432,7545,20,0,-0.0035488135829101486,-1
2007-12-21,1.4319,1.4409,1.4319,1.4381,6945,20,0,0.00425977653631282,1
2007-12-24,1.4373,1.4411,1.437,1.4405999999999999,3166,20,0,0.0017384048397190988,1
2007-12-26,1.4417,1.4504000000000001,1.4415,1.4482,2654,20,0,0.005275579619602899,1
2007-12-27,1.4484,1.4638,1.4468,1.4609,7198,20,0,0.00876950697417489,1
2007-12-28,1.4611,1.4727999999999999,1.4591,1.4721,7218,20,0,0.007666506947771934,1
2007-12-31,1.4722,1.4747,1.4581,1.4601,3416,20,0,-0.00815162013450177,-1
2008-01-02,1.4652,1.4748,1.4641,1.4721,6916,20,0,0.008218615163344989,1
2008-01-03,1.4723,1.478,1.4686,1.4742,9910,20,0,0.0014265335235377208,1
2008-01-04,1.4743,1.4823,1.4695,1.474,9534,20,0,-0.00013566680233345618,-1
2008-01-07,1.4746000000000001,1.4748999999999999,1.4656,1.4685000000000001,8325,20,0,-0.003731343283581934,-1
2008-01-08,1.4687000000000001,1.4741,1.4677,1.4708999999999999,9058,20,0,0.001634320735444117,1
2008-01-09,1.4708,1.4741,1.4638,1.4658,9596,20,0,-0.003467264939832626,-1
2008-01-10,1.4661,1.4812,1.464,1.4806,11062,20,0,0.010096875426388374,1
2008-01-11,1.4805,1.4819,1.476,1.4776,9720,20,0,-0.002026205592327357,-1
2008-01-14,1.4807000000000001,1.4913,1.4796,1.4864,8199,20,0,0.005955603681645938,1
2008-01-15,1.4863,1.4921,1.4775,1.4776,10606,20,0,-0.005920344456404658,-1
2008-01-16,1.4775,1.4858,1.4593,1.4652,13988,20,0,-0.008391987005955559,-1
2008-01-17,1.465,1.4714,1.4588999999999999,1.4642,14046,20,0,-0.0006825006825007529,-1
2008-01-18,1.464,1.4693,1.4602,1.462,12231,20,0,-0.0015025269771888894,-1
2008-01-21,1.4597,1.4601,1.4421,1.4429,12875,20,0,-0.013064295485636035,-1
2008-01-22,1.443,1.4683,1.4365,1.4668999999999999,24395,20,0,0.016633169311802476,1
2008-01-23,1.467,1.467,1.451,1.4631,16150,20,0,-0.0025904969663915756,-1
2008-01-24,1.463,1.4778,1.4591,1.4756,17723,20,0,0.008543503519923501,1
2008-01-25,1.4757,1.4777,1.466,1.4681,11364,20,0,-0.005082678232583349,-1
2008-01-28,1.4691,1.4798,1.4661,1.4788000000000001,9662,20,0,0.007288331857502994,1
2008-01-29,1.4784,1.4793,1.4737,1.4767000000000001,9195,20,0,-0.001420070327292411,-1
2008-01-30,1.4768,1.4906,1.4754,1.4853,12066,20,0,0.005823796302566464,1
2008-01-31,1.4858,1.4913,1.4801,1.4847000000000001,14689,20,0,-0.0004039587962026969,-1
2008-02-01,1.4849999999999999,1.4949,1.4786000000000001,1.4801,13205,20,0,-0.003098269010574639,-1
2008-02-04,1.4796,1.4847000000000001,1.4792,1.4828000000000001,9469,20,0,0.00182420106749559,1
2008-02-05,1.4823,1.483,1.4621,1.4647000000000001,12538,20,0,-0.0122066360938764,-1
2008-02-06,1.4646,1.467,1.4591,1.4621,11265,20,0,-0.0017751075305524333,-1
2008-02-07,1.4622,1.4651,1.4438,1.4492,13749,20,0,-0.008822925928459013,-1
2008-02-08,1.4493,1.4546000000000001,1.4451,1.4504000000000001,10859,20,0,0.0008280430582390252,1
2008-02-11,1.4524,1.4576,1.4481,1.4517,9512,20,0,0.0008963044677330334,1
2008-02-12,1.4516,1.4614,1.4496,1.4574,11096,20,0,0.003926431080801818,1
2008-02-13,1.4575,1.4596,1.4531,1.4571,10905,20,0,-0.00020584602717166334,-1
2008-02-14,1.457,1.4647999999999999,1.4548,1.4639,10494,20,0,0.0046668039256057,1
2008-02-15,1.4641,1.4707,1.463,1.4681,9774,20,0,0.0028690484322699827,1
2008-02-18,1.4672,1.4689999999999999,1.461,1.4652,7358,20,0,-0.001975342279136205,-1
2008-02-19,1.4651,1.4756,1.4642,1.4727000000000001,11947,20,0,0.005118755118755258,1
2008-02-20,1.4727999999999999,1.4729999999999999,1.4613,1.4712,12120,20,0,-0.0010185373803218711,-1
2008-02-21,1.4714,1.4836,1.4702,1.482,11560,20,0,0.007340946166394691,1
2008-02-22,1.4819,1.4861,1.4788000000000001,1.4828000000000001,9489,20,0,0.0005398110661269939,1
2008-02-25,1.4834,1.4843,1.4794,1.4828000000000001,9539,20,0,0.0,-1
2008-02-26,1.4827,1.5046,1.4778,1.501,11812,20,0,0.01227407607229547,1
2008-02-27,1.5011,1.5142,1.4981,1.5117,15384,20,0,0.007128580946036189,1
2008-02-28,1.5116,1.5228000000000002,1.5072,1.5189,13358,20,0,0.004762849771779987,1
2008-02-29,1.5188000000000001,1.5238,1.5143,1.5178,14444,20,0,-0.0007242083086442808,-1
2008-03-03,1.5211999999999999,1.5272999999999999,1.5159,1.5196,13308,20,0,0.0011859269996046251,1
2008-03-04,1.5198,1.5248,1.5173,1.5201,11518,20,0,0.0003290339563042366,1
2008-03-05,1.52,1.5301,1.5145,1.5274,11997,20,0,0.004802315637129295,1
2008-03-06,1.5272999999999999,1.5394,1.5267,1.5389,13543,20,0,0.007529134476888633,1
2008-03-07,1.5388,1.5462,1.5312999999999999,1.5354,15316,20,0,-0.002274351809734121,-1
2008-03-10,1.5399,1.5403,1.5312000000000001,1.5366,10243,20,0,0.0007815552950369842,1
2008-03-11,1.5368,1.5492,1.5281,1.5342,13025,20,0,-0.0015618898867629794,-1
2008-03-12,1.5341,1.5571000000000002,1.5335,1.5529,14623,20,0,0.01218876287315851,1
2008-03-13,1.553,1.5644,1.5522,1.5613000000000001,16638,20,0,0.005409234335759017,1
2008-03-14,1.561,1.5687,1.5531000000000001,1.5673,18497,20,0,0.0038429513866649057,1
2008-03-17,1.5704,1.5901999999999998,1.5685,1.5716,23205,20,0,0.0027435717475914334,1
2008-03-18,1.5715,1.583,1.5613000000000001,1.5638,14836,20,0,-0.004963094935098056,-1
2008-03-19,1.5636,1.5786,1.5581,1.5641,26964,20,0,0.0001918403887966047,1
2008-03-20,1.5642,1.5645,1.5396,1.5445,26699,20,0,-0.012531168083882105,-1
2008-03-21,1.5443,1.5472000000000001,1.5406,1.5432000000000001,4747,20,0,-0.0008416963418581558,-1
2008-03-24,1.5412,1.5455,1.5343,1.541,8522,20,0,-0.0014256091238985524,-1
2008-03-25,1.5409000000000002,1.5657999999999999,1.5409000000000002,1.563,13284,20,0,0.014276443867618394,1
2008-03-26,1.5628,1.5859,1.5584,1.5832000000000002,14755,20,0,0.012923864363403759,1
2008-03-27,1.5833,1.5845,1.5726,1.5812,16514,20,0,-0.0012632642748864331,-1
2008-03-28,1.5813000000000001,1.5838,1.5742,1.5794000000000001,13473,20,0,-0.0011383759170249252,-1
2008-03-31,1.5804,1.5896,1.5758999999999999,1.5760999999999998,13482,20,0,-0.0020894010383691874,-1
2008-04-01,1.5764,1.5785,1.5563,1.5622,14516,20,0,-0.008819237358035581,-1
2008-04-02,1.5621,1.5701,1.5532,1.5688,13877,20,0,0.004224811163743292,1
2008-04-03,1.5687,1.5688,1.5510000000000002,1.5682,14890,20,0,-0.00038245792962765535,-1
2008-04-04,1.5681,1.5773000000000001,1.5636999999999999,1.5737,16527,20,0,0.0035072057135570045,1
2008-04-07,1.5729,1.5735999999999999,1.5626,1.5704,10667,20,0,-0.002096968926733278,-1
2008-04-08,1.5703,1.5798,1.5674000000000001,1.5703,13538,20,0,-6.367804381046671e-05,-1
2008-04-09,1.5701,1.5864,1.5683,1.5836000000000001,11201,20,0,0.008469719161943612,1
2008-04-10,1.5836999999999999,1.5913,1.5725,1.5743,15779,20,0,-0.005872695125031635,-1
2008-04-11,1.5742,1.5855000000000001,1.5737999999999999,1.5807,13938,20,0,0.004065298862986788,1
2008-04-14,1.5704,1.5884,1.5671,1.5835,13729,20,0,0.0017713671158348099,1
2008-04-15,1.5834000000000001,1.5874000000000001,1.5752000000000002,1.5786,12782,20,0,-0.0030944111146194997,-1
2008-04-16,1.5785,1.5977999999999999,1.576,1.5941999999999998,15387,20,0,0.009882174078297057,1
2008-04-17,1.5941,1.5983,1.5847,1.5892,15787,20,0,-0.0031363693388533065,-1
2008-04-18,1.5893000000000002,1.5956000000000001,1.571,1.5816,14308,20,0,-0.004782280392650384,-1
2008-04-21,1.5813000000000001,1.5945,1.579,1.5907,12098,20,0,0.005753667172483601,1
2008-04-22,1.591,1.6018,1.5834000000000001,1.5997,16482,20,0,0.0056578864650782545,1
2008-04-23,1.5995,1.5998,1.5859,1.5883,14879,20,0,-0.007126336188035154,-1
2008-04-24,1.5886,1.5889,1.5638,1.568,18306,20,0,-0.012780960775672146,-1
2008-04-25,1.5681,1.5707,1.5554000000000001,1.5629,17271,20,0,-0.003252551020408223,-1
2008-04-28,1.5615,1.5693000000000001,1.5594000000000001,1.5653000000000001,12970,20,0,0.001535606884637719,1
2008-04-29,1.5652,1.5659,1.5539,1.5565,12661,20,0,-0.005621925509487036,-1
2008-04-30,1.5566,1.5643,1.5516,1.5619,15913,20,0,0.003469322197237501,1
2008-05-01,1.5619,1.5643,1.5429,1.5467,14676,20,0,-0.009731736987003026,-1
2008-05-02,1.5468,1.5497999999999998,1.536,1.5423,15488,20,0,-0.002844766276588806,-1
2008-05-05,1.5429,1.5518999999999998,1.5423,1.5497999999999998,8787,20,0,0.004862867146469441,1
2008-05-06,1.5499,1.5594000000000001,1.5451000000000001,1.5531000000000001,11275,20,0,0.0021293070073560294,1
2008-05-07,1.5532,1.5537999999999998,1.5365,1.5396,12490,20,0,-0.008692292833687554,-1
2008-05-08,1.5398,1.544,1.5284,1.5403,15636,20,0,0.00045466354897372163,1
2008-05-09,1.5404,1.5487,1.5393,1.548,11335,20,0,0.004999026163734266,1
2008-05-12,1.5455999999999999,1.5569,1.5365,1.5539,12221,20,0,0.003811369509044038,1
2008-05-13,1.554,1.5565,1.5430000000000001,1.5468,14131,20,0,-0.004569148593860706,-1
2008-05-14,1.5465,1.5485,1.5396,1.5476999999999999,12776,20,0,0.0005818463925522099,1
2008-05-15,1.5476,1.5546,1.5419,1.5442,13734,20,0,-0.0022614201718678117,-1
2008-05-16,1.5445,1.5601,1.5436999999999999,1.5575999999999999,11806,20,0,0.008677632431032256,1
2008-05-19,1.5594999999999999,1.5632000000000001,1.5487,1.5518,9640,20,0,-0.0037236774524909144,-1
2008-05-20,1.5518999999999998,1.568,1.5503,1.5653000000000001,13357,20,0,0.008699574687459855,1
2008-05-21,1.5652,1.5796999999999999,1.5631,1.5794000000000001,12910,20,0,0.009007857918609918,1
2008-05-22,1.5791,1.5813000000000001,1.5693000000000001,1.5723,10720,20,0,-0.0044953779916424574,-1
2008-05-23,1.5725,1.5794000000000001,1.5695999999999999,1.5760999999999998,9296,20,0,0.0024168415696748102,1
2008-05-26,1.5765,1.5791,1.5741,1.5773000000000001,5677,20,0,0.0007613730093269933,1
2008-05-27,1.5774,1.5817999999999999,1.5671,1.5678,10527,20,0,-0.0060229506118050224,-1
2008-05-28,1.5678999999999998,1.576,1.5609,1.5646,11527,20,0,-0.0020410766679423986,-1
2008-05-29,1.5647,1.5663,1.5485,1.5511,13099,20,0,-0.008628403425795739,-1
2008-05-30,1.5512000000000001,1.5567,1.5462,1.5554000000000001,11772,20,0,0.002772226162078617,1
2008-06-02,1.5561,1.5588,1.5486,1.5539,10844,20,0,-0.0009643821525010532,-1
2008-06-03,1.554,1.5628,1.541,1.5432000000000001,14166,20,0,-0.006885899993564482,-1
2008-06-04,1.5433,1.5483,1.5419,1.5425,13574,20,0,-0.0004536029030586253,-1
2008-06-05,1.5426,1.56,1.5365,1.5581,14161,20,0,0.010113452188006411,1
2008-06-06,1.5582,1.5777,1.5571000000000002,1.5777,14038,20,0,0.012579423657018252,1
2008-06-09,1.5791,1.5843,1.5617999999999999,1.5641,14434,20,0,-0.008620143246498069,-1
2008-06-10,1.564,1.5653000000000001,1.544,1.5455,16383,20,0,-0.011891822773479888,-1
2008-06-11,1.5457,1.5584,1.5453000000000001,1.5556,12823,20,0,0.006535101908767382,1
2008-06-12,1.5554999999999999,1.5565,1.5377999999999998,1.545,15492,20,0,-0.006814091025970748,-1
2008-06-13,1.5452,1.5483,1.5302,1.5379,15527,20,0,-0.0045954692556633425,-1
2008-06-16,1.5404,1.5518,1.5346,1.5467,12974,20,0,0.005722088562325256,1
2008-06-17,1.5468,1.5550000000000002,1.5461,1.5505,13122,20,0,0.0024568436025085294,1
2008-06-18,1.5506,1.5537999999999998,1.5462,1.5527,9551,20,0,0.0014188971299580189,1
2008-06-19,1.5528,1.5586,1.5466,1.5501,11346,20,0,-0.0016745024795516983,-1
2008-06-20,1.55,1.5651000000000002,1.5491000000000001,1.5606,10760,20,0,0.00677375653183665,1
2008-06-23,1.5627,1.5628,1.5468,1.5514999999999999,11061,20,0,-0.005831090606177147,-1
2008-06-24,1.5516,1.5622,1.5491000000000001,1.5569,10082,20,0,0.0034805027392845744,1
2008-06-25,1.5571000000000002,1.5687,1.5537,1.5665,10860,20,0,0.00616609929989087,1
2008-06-26,1.5664,1.5766,1.5628,1.5749,13339,20,0,0.005362272582189576,1
2008-06-27,1.575,1.5791,1.5718999999999999,1.5791,12964,20,0,0.0026668359895867244,1
2008-06-30,1.5776,1.5835,1.5731000000000002,1.5753,11293,20,0,-0.0024064340447090826,-1
2008-07-01,1.5753,1.5826,1.5723,1.5794000000000001,12288,20,0,0.0026026788548214608,1
2008-07-02,1.5793,1.589,1.5777,1.5889,13477,20,0,0.0060149423831834525,1
2008-07-03,1.589,1.5908,1.5682,1.5695999999999999,12695,20,0,-0.012146768204418179,-1
2008-07-04,1.5695000000000001,1.5727,1.5655000000000001,1.5706,7776,20,0,0.0006371049949032148,1
2008-07-07,1.5691000000000002,1.5753,1.5611000000000002,1.5722,12319,20,0,0.0010187189609067726,1
2008-07-08,1.5724,1.5739,1.5634000000000001,1.5665,11860,20,0,-0.003625492939829611,-1
2008-07-09,1.5664,1.575,1.565,1.5737999999999999,12071,20,0,0.004660070220236179,1
2008-07-10,1.5739,1.5800999999999998,1.5691000000000002,1.5784,11990,20,0,0.0029228618630068315,1
2008-07-11,1.5785,1.5941999999999998,1.5764,1.5937999999999999,13905,20,0,0.009756715661429105,1
2008-07-14,1.5960999999999999,1.5963,1.5840999999999998,1.5903,13564,20,0,-0.0021960095369556454,-1
2008-07-15,1.5901999999999998,1.6038000000000001,1.5866,1.5912,16880,20,0,0.0005659309564232107,1
2008-07-16,1.5911,1.5948,1.58,1.5819,13490,20,0,-0.005844645550527772,-1
2008-07-17,1.5817999999999999,1.5893000000000002,1.5783,1.5857999999999999,14668,20,0,0.002465389721221234,1
2008-07-18,1.5857,1.5887,1.5807,1.5847,10826,20,0,-0.0006936561987639367,-1
2008-07-21,1.5843,1.5931,1.5828,1.5925,9947,20,0,0.004922067268252617,1
2008-07-22,1.5924,1.5944,1.5758,1.5787,12401,20,0,-0.008665620094191584,-1
2008-07-23,1.5786,1.5796999999999999,1.567,1.5684,13943,20,0,-0.006524355482358857,-1
2008-07-24,1.5685,1.5713,1.5628,1.5678999999999998,13027,20,0,-0.00031879622545283315,-1
2008-07-25,1.5678,1.5753,1.5661,1.5709,12916,20,0,0.001913387333375871,1
2008-07-28,1.5697,1.5768,1.5683,1.5737,9328,20,0,0.0017824177223249027,1
2008-07-29,1.5737999999999999,1.5758,1.5553,1.5583,10172,20,0,-0.009785854991421594,-1
2008-07-30,1.5587,1.5615,1.5521,1.5577,12222,20,0,-0.0003850349740101011,-1
2008-07-31,1.5574,1.5699999999999998,1.557,1.5596999999999999,11178,20,0,0.0012839442768182163,1
2008-08-01,1.5596999999999999,1.5596999999999999,1.5514999999999999,1.5564,10831,20,0,-0.0021157914983649384,-1
2008-08-04,1.5574,1.5631,1.5553,1.5571000000000002,9904,20,0,0.0004497558468261609,1
2008-08-05,1.557,1.5575,1.5446,1.5449000000000002,12912,20,0,-0.007835078029670539,-1
2008-08-06,1.545,1.5516,1.5398,1.5413999999999999,10866,20,0,-0.00226551880380621,-1
2008-08-07,1.5413000000000001,1.5502,1.5310000000000001,1.5323,13250,20,0,-0.005903723887375034,-1
2008-08-08,1.5324,1.5333999999999999,1.4997,1.5005,18101,20,0,-0.020753116230503244,-1
2008-08-11,1.4944,1.5083,1.4879,1.4892,16375,20,0,-0.007530823058980229,-1
2008-08-12,1.4893,1.4964,1.4815,1.4912,16978,20,0,0.0013430029546064315,1
2008-08-13,1.4913,1.4977,1.4841,1.4921,17229,20,0,0.0006035407725322184,1
2008-08-14,1.4923,1.4949,1.4777,1.4802,16086,20,0,-0.00797533677367468,-1
2008-08-15,1.4805,1.4806,1.466,1.4689,14299,20,0,-0.0076341034995269785,-1
2008-08-18,1.4684,1.4766,1.4674,1.4678,12550,20,0,-0.0007488596909251966,-1
2008-08-19,1.4677,1.4794,1.463,1.4781,13096,20,0,0.007017304809919578,1
2008-08-20,1.4783,1.4805,1.4672,1.4743,10457,20,0,-0.0025708680062241918,-1
2008-08-21,1.4744,1.4908000000000001,1.4731,1.4896,12489,20,0,0.010377806416604463,1
2008-08-22,1.4895,1.49,1.4759,1.4793,6126,20,0,-0.006914607948442564,-1
2008-08-25,1.4788999999999999,1.4807000000000001,1.4697,1.4753,9708,20,0,-0.002703981612925066,-1
2008-08-26,1.4754,1.4759,1.4571,1.4643,14039,20,0,-0.00745611062156859,-1
2008-08-27,1.4644,1.4775,1.4633,1.4715,14881,20,0,0.0049170251997541214,1
2008-08-28,1.4716,1.4811,1.4671,1.4693,15462,20,0,-0.0014950730547060864,-1
2008-08-29,1.4694,1.4767000000000001,1.464,1.4678,13068,20,0,-0.0010208943034097917,-1
2008-09-01,1.4708999999999999,1.4723,1.4581,1.4586000000000001,10212,20,0,-0.006267883907889238,-1
2008-09-02,1.4586999999999999,1.4599,1.4464000000000001,1.4513,16834,20,0,-0.005004799122446224,-1
2008-09-03,1.4515,1.4527999999999999,1.4383,1.449,15536,20,0,-0.0015847860538826808,-1
2008-09-04,1.4492,1.4542,1.421,1.424,18875,20,0,-0.017253278122843385,-1
2008-09-05,1.4239,1.4346999999999999,1.4196,1.4267,21694,20,0,0.0018960674157304513,1
2008-09-08,1.4378,1.4428,1.4053,1.4117,21749,20,0,-0.01051377304268597,-1
2008-09-09,1.4118,1.4226,1.4046,1.4106,21781,20,0,-0.0007792023801089787,-1
2008-09-10,1.411,1.4179,1.3953,1.3963999999999999,21568,20,0,-0.010066638309939147,-1
2008-09-11,1.397,1.404,1.3881000000000001,1.4018,20967,20,0,0.0038670867946146714,1
2008-09-12,1.4009,1.4231,1.3971,1.4223,18762,20,0,0.0146240547867027,1
2008-09-15,1.4289,1.4481,1.4083999999999999,1.4274,32408,20,0,0.0035857414047670844,1
2008-09-16,1.4273,1.4282,1.4071,1.4098,34712,20,0,-0.012330110690766505,-1
2008-09-17,1.4097,1.4384000000000001,1.4094,1.4306,32870,20,0,0.0147538657965669,1
2008-09-18,1.4335,1.4542,1.4278,1.4323000000000001,35512,20,0,0.0011883125961136276,1
2008-09-19,1.4324,1.4498,1.415,1.4466999999999999,30019,20,0,0.010053759687216113,1
2008-09-22,1.449,1.4867,1.4437,1.4794,25328,20,0,0.022603165825672233,1
2008-09-23,1.4795,1.4825,1.4622,1.4671,17886,20,0,-0.008314181424901923,-1
2008-09-24,1.467,1.4746000000000001,1.4603,1.4612,18270,20,0,-0.004021539090723225,-1
2008-09-25,1.4615,1.4767000000000001,1.4561,1.4617,22199,20,0,0.0003421845058855233,1
2008-09-26,1.4615,1.4677,1.4554,1.4613,20849,20,0,-0.00027365396456180413,-1
2008-09-29,1.4518,1.4569,1.4302000000000001,1.4416,24509,20,0,-0.013481146923971843,-1
2008-09-30,1.4417,1.4426,1.4008,1.4115,25305,20,0,-0.02087957824639286,-1
2008-10-01,1.4115,1.4174,1.3975,1.4008,25573,20,0,-0.007580588026921631,-1
2008-10-02,1.4007,1.4022999999999999,1.3747,1.38,30419,20,0,-0.014848657909765972,-1
2008-10-03,1.3798,1.3906,1.3702,1.377,29011,20,0,-0.0021739130434781373,-1
2008-10-06,1.3637000000000001,1.3678,1.3443,1.3483,37487,20,0,-0.020842411038489383,-1
2008-10-07,1.3486,1.3743,1.3483,1.3623,35960,20,0,0.010383445820663084,1
2008-10-08,1.3620999999999999,1.3756,1.3544,1.3632,43054,20,0,0.0006606474344856839,1
2008-10-09,1.3631,1.3785,1.358,1.3597000000000001,33668,20,0,-0.0025674882629106444,-1
2008-10-10,1.3598,1.3649,1.3258,1.3408,35477,20,0,-0.013900125027579757,-1
2008-10-13,1.3571,1.3682,1.3457,1.3597000000000001,27085,20,0,0.014096062052506131,1
2008-10-14,1.3596,1.3768,1.359,1.3618000000000001,30727,20,0,0.0015444583363977138,1
2008-10-15,1.3618999999999999,1.3687,1.3449,1.346,31155,20,0,-0.011602291085328287,-1
2008-10-16,1.3458999999999999,1.3538000000000001,1.3345,1.3479999999999999,37901,20,0,0.0014858841010398915,1
2008-10-17,1.3477999999999999,1.3517000000000001,1.3386,1.3408,24363,20,0,-0.005341246290801127,-1
2008-10-20,1.3405,1.353,1.3287,1.333,22500,20,0,-0.0058174224343675585,-1
2008-10-21,1.3331,1.3353,1.3051,1.3054000000000001,24210,20,0,-0.020705176294073424,-1
2008-10-22,1.3058,1.3077,1.2748,1.2824,32846,20,0,-0.017619120576068736,-1
2008-10-23,1.2825,1.3003,1.2727,1.2968,35116,20,0,0.011228945726762252,1
2008-10-24,1.2967,1.2973,1.2497,1.2623,45207,20,0,-0.026603948180135673,-1
2008-10-27,1.2575,1.2685,1.2334,1.2461,37031,20,0,-0.012833716232274361,-1
2008-10-28,1.2462,1.2833,1.233,1.2812999999999999,35573,20,0,0.028248134178637363,1
2008-10-29,1.2814,1.299,1.2627,1.2951,38989,20,0,0.010770311402481969,1
2008-10-30,1.295,1.3288,1.2805,1.2875,38250,20,0,-0.005868272720253143,-1
2008-10-31,1.2873999999999999,1.2894,1.2668,1.2727,33859,20,0,-0.011495145631068127,-1
2008-11-03,1.2766,1.2897,1.2576,1.2584,26495,20,0,-0.011235955056179803,-1
2008-11-04,1.2586,1.3048,1.2526,1.2993999999999999,34104,20,0,0.03258105530832789,1
2008-11-05,1.2995,1.3114,1.2793,1.2926,37733,20,0,-0.005233184546713843,-1
2008-11-06,1.2927,1.2955,1.2675,1.2678,39614,20,0,-0.01918613646913192,-1
2008-11-07,1.2677,1.285,1.2652999999999999,1.2717,27577,20,0,0.0030761949834359203,1
2008-11-10,1.2814,1.2927,1.2718,1.275,31226,20,0,0.0025949516395376016,1
2008-11-11,1.2747,1.28,1.2506,1.2511,30145,20,0,-0.018745098039215535,-1
2008-11-12,1.251,1.2631000000000001,1.2437,1.2455,39172,20,0,-0.0044760610662617495,-1
2008-11-13,1.2454,1.2854,1.2389000000000001,1.2785,42259,20,0,0.026495383380168436,1
2008-11-14,1.2787,1.2828,1.2572999999999999,1.2604,33990,20,0,-0.014157215486898744,-1
2008-11-17,1.2536,1.2742,1.2511999999999999,1.2633,32988,20,0,0.0023008568708347,1
2008-11-18,1.2634,1.27,1.2566,1.2637,30294,20,0,0.00031663104567392075,1
2008-11-19,1.2636,1.2812999999999999,1.2473,1.2497,28041,20,0,-0.011078578776608339,-1
2008-11-20,1.2492,1.2593,1.2434,1.2454,31195,20,0,-0.0034408257981914936,-1
2008-11-21,1.245,1.2637,1.2423,1.2587,30991,20,0,0.010679299823349808,1
2008-11-24,1.2607,1.2959,1.2563,1.2947,30503,20,0,0.028600937475172783,1
2008-11-25,1.2948,1.308,1.2804,1.3056,30821,20,0,0.008418938750289762,1
2008-11-26,1.3057,1.3057,1.2819,1.2878,26157,20,0,-0.013633578431372584,-1
2008-11-27,1.2877,1.2968,1.286,1.2896,15984,20,0,0.0013977325671687968,1
2008-11-28,1.2899,1.2957,1.2646,1.2690000000000001,16824,20,0,-0.015973945409429202,-1
2008-12-01,1.2694,1.2711999999999999,1.2585,1.2616,14444,20,0,-0.005831363278171797,-1
2008-12-02,1.2617,1.2765,1.2563,1.272,15651,20,0,0.008243500317057784,1
2008-12-03,1.2726,1.274,1.26,1.2713,14945,20,0,-0.0005503144654087633,-1
2008-12-04,1.2711999999999999,1.2847,1.2551999999999999,1.2771,15127,20,0,0.004562259104853084,1
2008-12-05,1.2772999999999999,1.2797,1.2627,1.2718,15266,20,0,-0.00415002740584125,-1
2008-12-08,1.272,1.2966,1.2713999999999999,1.2937,13243,20,0,0.017219688630287777,1
2008-12-09,1.2936,1.3,1.2799,1.2924,13112,20,0,-0.001004869753420512,-1
2008-12-10,1.2925,1.3069,1.2903,1.3021,12455,20,0,0.007505416279789623,1
2008-12-11,1.302,1.3403,1.3001,1.3346,14617,20,0,0.024959680516089433,1
2008-12-12,1.3345,1.3414,1.325,1.3369,17084,20,0,0.001723362805334805,1
2008-12-15,1.339,1.3726,1.339,1.3702,19972,20,0,0.024908370109955946,1
2008-12-16,1.3700999999999999,1.4147,1.363,1.4048,17179,20,0,0.02525178806013728,1
2008-12-17,1.4047,1.4437,1.4008,1.4402,20821,20,0,0.02519931662870145,1
2008-12-18,1.4403000000000001,1.4719,1.4186,1.4266,39200,20,0,-0.009443132898208417,-1
2008-12-19,1.4267,1.4309,1.3826,1.3907,32570,20,0,-0.02516472732370678,-1
2008-12-22,1.392,1.4123999999999999,1.3902999999999999,1.3940000000000001,26041,20,0,0.0023729057309269663,1
2008-12-23,1.3944,1.4021,1.3914,1.3926,20042,20,0,-0.0010043041606887515,-1
2008-12-24,1.3927,1.4019,1.392,1.3993,12261,20,0,0.004811144621571062,1
2008-12-26,1.4049,1.4116,1.4021,1.4027,4366,20,0,0.002429786321732408,1
2008-12-29,1.4071,1.4362,1.3917,1.3959,15340,20,0,-0.004847793541028156,-1
2008-12-30,1.396,1.422,1.3941,1.411,14351,20,0,0.010817393796117347,1
2008-12-31,1.4109,1.4146,1.3851,1.3936,10989,20,0,-0.012331679659815742,-1
2009-01-02,1.3868,1.3986,1.3838,1.3923,12370,20,0,-0.0009328358208954279,-1
2009-01-05,1.3883,1.3961999999999999,1.3546,1.3629,19464,20,0,-0.021116138763197623,-1
2009-01-06,1.3628,1.3658000000000001,1.3313,1.3498,21303,20,0,-0.009611857069484087,-1
2009-01-07,1.3502,1.3746,1.3432,1.3655,20287,20,0,0.011631352793006311,1
2009-01-08,1.3656,1.3795,1.3533,1.3703,21817,20,0,0.003515195898938117,1
2009-01-09,1.3704,1.375,1.3414,1.3472,29587,20,0,-0.01685762241844857,-1
2009-01-12,1.3458999999999999,1.3462,1.3289,1.3362,28866,20,0,-0.008165083135391882,-1
2009-01-13,1.3363,1.337,1.3141,1.318,33834,20,0,-0.013620715461757249,-1
2009-01-14,1.3178,1.3336000000000001,1.3093,1.316,30179,20,0,-0.0015174506828528056,-1
2009-01-15,1.3164,1.3239,1.3026,1.3136999999999999,32745,20,0,-0.0017477203647418005,-1
2009-01-16,1.3136,1.3343,1.3136,1.3266,30700,20,0,0.009819593514501124,1
2009-01-19,1.3349,1.3385,1.3058,1.3061,24010,20,0,-0.015453037841097528,-1
2009-01-20,1.3063,1.3105,1.2854999999999999,1.2859,33077,20,0,-0.015465890819998496,-1
2009-01-21,1.2858,1.3085,1.2824,1.3066,34575,20,0,0.016097674780309434,1
2009-01-22,1.3065,1.3082,1.2906,1.3017,31628,20,0,-0.0037501913362926187,-1
2009-01-23,1.3016,1.3033000000000001,1.2764,1.2973,31085,20,0,-0.0033801951294462063,-1
2009-01-26,1.2916,1.3234,1.2861,1.3206,156747,20,0,0.017960379249210012,1
2009-01-27,1.3207,1.3327,1.3118,1.3183,168195,20,0,-0.0017416325912463781,-1
2009-01-28,1.3183,1.3325,1.3101,1.3151,178752,20,0,-0.0024273685807479906,-1
2009-01-29,1.315,1.3176999999999999,1.2933,1.2936,121407,20,0,-0.016348566648923923,-1
2009-01-30,1.2937,1.294,1.2763,1.2812000000000001,166411,20,0,-0.0095856524427953,-1
2009-02-02,1.2752,1.2897,1.2706,1.2814,137283,20,0,0.0001561036528254789,1
2009-02-03,1.2814,1.3054999999999999,1.2801,1.3014999999999999,145493,20,0,0.01568596847198367,1
2009-02-04,1.3016,1.3069,1.2812000000000001,1.2833,147770,20,0,-0.013983864771417442,-1
2009-02-05,1.2833999999999999,1.2904,1.276,1.2785,127221,20,0,-0.0037403568923869424,-1
2009-02-06,1.2787,1.299,1.2746,1.2939,100184,20,0,0.012045365662886276,1
2009-02-09,1.2971,1.3093,1.2873,1.2999,44849,20,0,0.004637143519591991,1
2009-02-10,1.3,1.3074,1.2809,1.2907,40686,20,0,-0.007077467497499934,-1
2009-02-11,1.2908,1.2995999999999999,1.2832,1.2885,30687,20,0,-0.001704501433330785,-1
2009-02-12,1.2889,1.2942,1.272,1.2894999999999999,31580,20,0,0.0007760962359331103,1
2009-02-13,1.2894,1.2941,1.282,1.2862,26291,20,0,-0.002559131446296936,-1
2009-02-16,1.279,1.2825,1.2726,1.2796,18795,20,0,-0.005131394806406453,-1
2009-02-17,1.2793,1.28,1.2562,1.2578,27131,20,0,-0.017036573929352983,-1
2009-02-18,1.2579,1.264,1.2511999999999999,1.2554,24163,20,0,-0.0019080934965812757,-1
2009-02-19,1.2555,1.2759,1.254,1.2688,21678,20,0,0.010673888800382336,1
2009-02-20,1.2687,1.2884,1.2557,1.2826,26108,20,0,0.01087641866330391,1
2009-02-23,1.2819,1.2991,1.2691,1.2709,22961,20,0,-0.00912209574302203,-1
2009-02-24,1.271,1.2876,1.2662,1.2869,30300,20,0,0.012589503501455601,1
2009-02-25,1.2868,1.2898,1.2690000000000001,1.272,19143,20,0,-0.011578211205221733,-1
2009-02-26,1.2721,1.2810000000000001,1.2682,1.2732999999999999,18852,20,0,0.001022012578616227,1
2009-02-27,1.2734,1.275,1.2604,1.2666,22430,20,0,-0.005261917851252629,-1
2009-03-02,1.2617,1.2631000000000001,1.2545,1.2556,20733,20,0,-0.008684667614084818,-1
2009-03-03,1.2557,1.2677,1.2521,1.2542,20090,20,0,-0.0011150047785919437,-1
2009-03-04,1.2541,1.2663,1.2456,1.2648,20146,20,0,0.008451602615212828,1
2009-03-05,1.2650000000000001,1.2652999999999999,1.248,1.2541,21534,20,0,-0.008459835547122041,-1
2009-03-06,1.254,1.2753999999999999,1.2536,1.2652999999999999,23161,20,0,0.00893070728012102,1
2009-03-09,1.2671000000000001,1.2726,1.2555,1.2591,19739,20,0,-0.004900023709791923,-1
2009-03-10,1.259,1.2822,1.259,1.2704,22969,20,0,0.008974664442855884,1
2009-03-11,1.2705,1.2864,1.2616,1.2822,22175,20,0,0.009288413098236692,1
2009-03-12,1.2823,1.2945,1.2731,1.2887,25314,20,0,0.0050694119482139754,1
2009-03-13,1.2888,1.2957,1.2862,1.2929,20462,20,0,0.0032590983161324694,1
2009-03-16,1.2846,1.3071,1.2846,1.2971,21782,20,0,0.003248511099079643,1
2009-03-17,1.297,1.3041,1.2931,1.3035999999999999,23322,20,0,0.005011178783439929,1
2009-03-18,1.3035,1.3534,1.2986,1.3491,23060,20,0,0.03490334458422839,1
2009-03-19,1.349,1.3737,1.3416000000000001,1.3655,24543,20,0,0.012156252316358973,1
2009-03-20,1.3654,1.3726,1.35169,1.35811,34850,20,0,-0.005411937019406787,-1
2009-03-23,1.36564,1.3735,1.34846,1.36216,41122,20,0,0.002982085398089973,1
2009-03-24,1.36211,1.36775,1.34314,1.3492,50409,20,0,-0.009514300816350518,-1
2009-03-25,1.34934,1.36287,1.34175,1.35792,45346,20,0,0.0064630892380670435,1
2009-03-26,1.35796,1.3639299999999999,1.34931,1.3532600000000001,48730,20,0,-0.0034317190997995572,-1
2009-03-27,1.35328,1.35906,1.3256299999999999,1.32866,51706,20,0,-0.01817832493386351,-1
2009-03-30,1.32211,1.32852,1.31121,1.32016,46201,20,0,-0.00639742296750101,-1
2009-03-31,1.32012,1.3342100000000001,1.31731,1.32426,53065,20,0,0.0031056841594958584,1
2009-04-01,1.32416,1.32855,1.31661,1.32331,49120,20,0,-0.0007173817830335993,-1
2009-04-02,1.32336,1.35167,1.32336,1.34644,47840,20,0,0.01747889761280441,1
2009-04-03,1.34641,1.3494,1.33646,1.34849,39608,20,0,0.001522533495736722,1
2009-04-06,1.35142,1.35806,1.33571,1.33996,44326,20,0,-0.006325593812338215,-1
2009-04-07,1.33997,1.34076,1.32261,1.32671,45051,20,0,-0.009888354876264938,-1
2009-04-08,1.32674,1.33076,1.31478,1.3265799999999999,44977,20,0,-9.798674917671502e-05,-1
2009-04-09,1.32657,1.33349,1.31258,1.31571,46820,20,0,-0.008194002623286956,-1
2009-04-10,1.31576,1.31875,1.30894,1.31866,15465,20,0,0.002242135424979752,1
2009-04-13,1.31898,1.33915,1.31258,1.33677,24614,20,0,0.0137336386938256,1
2009-04-14,1.33676,1.33798,1.32253,1.32621,41456,20,0,-0.007899638681298837,-1
2009-04-15,1.32611,1.32953,1.31461,1.32123,40446,20,0,-0.0037550614156131035,-1
2009-04-16,1.32122,1.32676,1.3126,1.31793,46445,20,0,-0.0024976726232373014,-1
2009-04-17,1.31796,1.31966,1.30167,1.30426,43609,20,0,-0.010372326299575851,-1
2009-04-20,1.30406,1.30481,1.2888899999999999,1.29241,42049,20,0,-0.009085611764525381,-1
2009-04-21,1.29247,1.29934,1.28967,1.29454,45420,20,0,0.0016480838124124375,1
2009-04-22,1.29455,1.3036400000000001,1.28844,1.30022,54197,20,0,0.004387658936765071,1
2009-04-23,1.3002099999999999,1.31602,1.29792,1.31336,56347,20,0,0.010105982064573915,1
2009-04-24,1.31335,1.33002,1.31125,1.32413,55419,20,0,0.008200341109825038,1
2009-04-27,1.32401,1.32416,1.2999,1.30173,60339,20,0,-0.016916767991058235,-1
2009-04-28,1.30171,1.3165499999999999,1.29649,1.31351,58331,20,0,0.009049495671145324,1
2009-04-29,1.31354,1.33402,1.31199,1.32521,57956,20,0,0.0089074312338695,1
2009-04-30,1.32553,1.3384800000000001,1.3191,1.32236,44100,20,0,-0.0021506025460116263,-1
2009-05-01,1.3223500000000001,1.33274,1.32181,1.32636,37907,20,0,0.0030248948849027624,1
2009-05-04,1.3281800000000001,1.34223,1.32123,1.3416299999999999,48959,20,0,0.011512711481045823,1
2009-05-05,1.3416000000000001,1.34363,1.32821,1.33106,60430,20,0,-0.007878476181957694,-1
2009-05-06,1.33111,1.33738,1.32457,1.3311600000000001,98764,20,0,7.512809339949023e-05,1
2009-05-07,1.3311899999999999,1.34681,1.32515,1.33862,109001,20,0,0.005604134739625399,1
2009-05-08,1.33857,1.36497,1.33416,1.36347,99281,20,0,0.01856389415965709,1
2009-05-11,1.36545,1.3666800000000001,1.3557299999999999,1.35767,80618,20,0,-0.0042538523033143205,-1
2009-05-12,1.35775,1.37066,1.35628,1.36447,105236,20,0,0.005008580877532864,1
2009-05-13,1.36442,1.37214,1.3565800000000001,1.359,101027,20,0,-0.004008882569789041,-1
2009-05-14,1.35903,1.3664100000000001,1.35255,1.36342,81703,20,0,0.00325239146431211,1
2009-05-15,1.36333,1.3649,1.3461400000000001,1.34947,60219,20,0,-0.010231623417582325,-1
2009-05-18,1.34836,1.35626,1.34234,1.35555,59010,20,0,0.004505472518840703,1
2009-05-19,1.35552,1.3667500000000001,1.35304,1.36273,70691,20,0,0.00529674301943861,1
2009-05-20,1.36272,1.3829500000000001,1.35831,1.3764,70573,20,0,0.010031334160105043,1
2009-05-21,1.3763,1.39228,1.37282,1.3902999999999999,69014,20,0,0.010098808485905053,1
2009-05-22,1.3902700000000001,1.4049800000000001,1.38987,1.39974,85952,20,0,0.00678990146011671,1
2009-05-25,1.4028100000000001,1.4035199999999999,1.39575,1.40144,42770,20,0,0.001214511266378171,1
2009-05-26,1.40133,1.40217,1.38598,1.3989099999999999,92581,20,0,-0.0018052859915516084,-1
2009-05-27,1.39894,1.40002,1.38229,1.38352,89247,20,0,-0.011001422536117245,-1
2009-05-28,1.38353,1.39826,1.37931,1.3932,93328,20,0,0.0069966462356885195,1
2009-05-29,1.39325,1.41678,1.39246,1.41597,91318,20,0,0.01634366925064601,1
2009-06-01,1.41322,1.42453,1.40987,1.41512,86647,20,0,-0.0006002952039944054,-1
2009-06-02,1.4151500000000001,1.43308,1.41012,1.43068,96071,20,0,0.01099553394765107,1
2009-06-03,1.43066,1.43378,1.41094,1.4144700000000001,105409,20,0,-0.011330276511868353,-1
2009-06-04,1.41448,1.424,1.407,1.4175499999999999,101968,20,0,0.0021774940437051526,1
2009-06-05,1.41758,1.42665,1.39327,1.39673,100059,20,0,-0.014687312616838755,-1
2009-06-08,1.3943400000000001,1.4001700000000001,1.38039,1.39019,81854,20,0,-0.0046823652388078285,-1
2009-06-09,1.39032,1.4101,1.38519,1.4074900000000001,88004,20,0,0.012444342140283116,1
2009-06-10,1.40746,1.41432,1.39146,1.39656,92325,20,0,-0.00776559691365486,-1
2009-06-11,1.39661,1.4171,1.39428,1.4096199999999999,98086,20,0,0.009351549521681823,1
2009-06-12,1.40954,1.41281,1.39351,1.40153,89020,20,0,-0.005739135369815962,-1
2009-06-15,1.39876,1.40008,1.37554,1.3786,90407,20,0,-0.016360691529970772,-1
2009-06-16,1.37866,1.39321,1.37477,1.38345,98211,20,0,0.0035180618018280096,1
2009-06-17,1.38349,1.39839,1.38062,1.39424,94771,20,0,0.007799342224149575,1
2009-06-18,1.39423,1.40005,1.38711,1.39052,77742,20,0,-0.002668120266238194,-1
2009-06-19,1.39049,1.40112,1.38822,1.39372,74354,20,0,0.002301297356384735,1
2009-06-22,1.39487,1.3949099999999999,1.3826399999999999,1.38562,83975,20,0,-0.005811784289527333,-1
2009-06-23,1.38561,1.41074,1.38284,1.4074499999999999,98727,20,0,0.015754680215354755,1
2009-06-24,1.40743,1.41375,1.38888,1.39293,97924,20,0,-0.010316529894489945,-1
2009-06-25,1.39292,1.40127,1.38891,1.3995199999999999,76694,20,0,0.004731034581780813,1
2009-06-26,1.39944,1.41173,1.39824,1.40551,80338,20,0,0.004280038870470015,1
2009-06-29,1.40616,1.41024,1.39825,1.4072200000000001,74198,20,0,0.0012166402231219564,1
2009-06-30,1.40724,1.41513,1.40009,1.4035199999999999,86102,20,0,-0.002629297480138293,-1
2009-07-01,1.4036,1.41965,1.40009,1.41529,77079,20,0,0.008386057911536682,1
2009-07-02,1.41475,1.4153,1.39273,1.3949500000000001,90383,20,0,-0.014371612884991669,-1
2009-07-03,1.39494,1.40274,1.3943699999999999,1.39797,47357,20,0,0.0021649521488222856,1
2009-07-06,1.39551,1.39977,1.3876,1.3973200000000001,71323,20,0,-0.0004649599061494758,-1
2009-07-07,1.39736,1.4049800000000001,1.39032,1.39197,82433,20,0,-0.003828757907995417,-1
2009-07-08,1.39198,1.3937599999999999,1.38323,1.38741,82596,20,0,-0.0032759326709627112,-1
2009-07-09,1.3873,1.4071500000000001,1.38583,1.40236,81302,20,0,0.01077547372442167,1
2009-07-10,1.40224,1.40294,1.38778,1.39353,76980,20,0,-0.006296528708748195,-1
2009-07-13,1.3946100000000001,1.40004,1.3896600000000001,1.39871,83148,20,0,0.003717178675737065,1
2009-07-14,1.39872,1.40141,1.39109,1.39716,63485,20,0,-0.0011081639510691632,-1
2009-07-15,1.39725,1.41338,1.39626,1.41011,73548,20,0,0.009268802427782052,1
2009-07-16,1.41009,1.41652,1.40557,1.41392,84544,20,0,0.0027019168717334896,1
2009-07-17,1.41397,1.41467,1.40629,1.41008,77675,20,0,-0.002715853796537382,-1
2009-07-20,1.41162,1.42479,1.4109,1.4227,79243,20,0,0.008949846817202012,1
2009-07-21,1.42272,1.42767,1.41634,1.42133,79712,20,0,-0.0009629577563787795,-1
2009-07-22,1.42137,1.42568,1.41556,1.42055,77761,20,0,-0.0005487817748165424,-1
2009-07-23,1.42059,1.42907,1.4119,1.4151500000000001,85809,20,0,-0.0038013445496462017,-1
2009-07-24,1.41513,1.42527,1.41348,1.42016,71947,20,0,0.0035402607497438954,1
2009-07-27,1.42297,1.42969,1.41712,1.42421,64500,20,0,0.002851791347453725,1
2009-07-28,1.4242,1.43036,1.41303,1.41714,74055,20,0,-0.004964155566945849,-1
2009-07-29,1.41711,1.4194,1.40072,1.40334,81546,20,0,-0.009737922858715442,-1
2009-07-30,1.40341,1.40946,1.40085,1.40652,74851,20,0,0.002266022489204378,1
2009-07-31,1.40658,1.4278,1.40639,1.42561,73924,20,0,0.013572505190114548,1
2009-08-03,1.42703,1.44435,1.4206400000000001,1.44192,78119,20,0,0.01144071660552326,1
2009-08-04,1.44191,1.44308,1.4367,1.43973,75298,20,0,-0.0015188082556591986,-1
2009-08-05,1.43977,1.44465,1.43559,1.44131,69259,20,0,0.0010974279899704786,1
2009-08-06,1.44126,1.44309,1.4329100000000001,1.43539,66828,20,0,-0.0041073745412161244,-1
2009-08-07,1.43541,1.4411800000000001,1.41537,1.41825,55979,20,0,-0.011941005580364927,-1
2009-08-10,1.4181,1.42184,1.41041,1.41455,47315,20,0,-0.0026088489335448495,-1
2009-08-11,1.4145400000000001,1.4184999999999999,1.41097,1.41482,63805,20,0,0.00019087342264323404,1
2009-08-12,1.41477,1.42463,1.40861,1.42022,79856,20,0,0.003816739938649505,1
2009-08-13,1.42031,1.4326699999999999,1.42011,1.4278,73810,20,0,0.005337201278674986,1
2009-08-14,1.42771,1.4306,1.41599,1.42022,68702,20,0,-0.005308866788065525,-1
2009-08-17,1.41879,1.4194200000000001,1.40454,1.40703,74901,20,0,-0.009287293517905693,-1
2009-08-18,1.40698,1.41483,1.40666,1.41309,72442,20,0,0.004306944414831149,1
2009-08-19,1.41308,1.42661,1.40841,1.42343,76284,20,0,0.007317297553588231,1
2009-08-20,1.42344,1.4273799999999999,1.42005,1.42452,64132,20,0,0.0007657559556846216,1
2009-08-21,1.42451,1.43751,1.42081,1.43249,59290,20,0,0.005594867042933771,1
2009-08-24,1.43437,1.43585,1.4280599999999999,1.42975,52342,20,0,-0.001912753317649618,-1
2009-08-25,1.42975,1.43616,1.42526,1.4298600000000001,57623,20,0,7.693652736495693e-05,1
2009-08-26,1.42983,1.435,1.42065,1.42411,57362,20,0,-0.004021372721805028,-1
2009-08-27,1.42407,1.44049,1.42192,1.43478,58245,20,0,0.007492398761331565,1
2009-08-28,1.43481,1.4388,1.42811,1.43022,53899,20,0,-0.003178187596704629,-1
2009-08-31,1.43076,1.43668,1.4255900000000001,1.43311,43535,20,0,0.002020668148956073,1
2009-09-01,1.4331,1.4376,1.4177,1.4218,52192,20,0,-0.007891927346819316,-1
2009-09-02,1.4219,1.4293,1.4189,1.426,51763,20,0,0.0029540019693345965,1
2009-09-03,1.426,1.4346999999999999,1.4236,1.4257,47093,20,0,-0.00021037868162687712,-1
2009-09-04,1.4257,1.4325999999999999,1.4191,1.4295,43605,20,0,0.002665357368310417,1
2009-09-07,1.4304999999999999,1.4358,1.4302000000000001,1.4338,32920,20,0,0.0030080447708988878,1
2009-09-08,1.4337,1.4533,1.4328,1.4493,52458,20,0,0.010810433812247222,1
2009-09-09,1.4493,1.4599,1.4466,1.4564,31585,20,0,0.004898916718415691,1
2009-09-10,1.4563,1.4612,1.4502,1.4579,10279,20,0,0.0010299368305410894,1
2009-09-11,1.458,1.4633,1.4553,1.457,9977,20,0,-0.0006173262912407829,-1
2009-09-14,1.4597,1.4651100000000001,1.45154,1.46276,51828,8,0,0.003953328757721364,1
2009-09-15,1.46278,1.46847,1.45611,1.4661,51185,8,0,0.002283354754026634,1
2009-09-16,1.466,1.4736099999999999,1.4641199999999999,1.47078,53036,7,0,0.0031921424186618363,1
2009-09-17,1.47069,1.47652,1.46879,1.47437,50362,8,0,0.0024408817090251222,1
2009-09-18,1.47431,1.47437,1.46471,1.47106,47308,9,0,-0.002245026689365548,-1
2009-09-21,1.46953,1.47125,1.4611,1.46763,44429,9,0,-0.0023316520060364665,-1
2009-09-22,1.46793,1.48203,1.4674800000000001,1.47893,46231,8,0,0.007699488290645595,1
2009-09-23,1.47889,1.48427,1.46899,1.46899,53415,9,0,-0.006721075372059571,-1
2009-09-24,1.46886,1.48016,1.46282,1.46606,57633,9,0,-0.0019945676961722336,-1
2009-09-25,1.46608,1.4723899999999999,1.46142,1.46881,56801,9,0,0.0018757758891176923,1
2009-09-28,1.47011,1.47193,1.4564,1.46128,56277,9,0,-0.005126599083611905,-1
2009-09-29,1.46132,1.46452,1.45274,1.45832,56987,8,0,-0.002025621373042741,-1
2009-09-30,1.45838,1.4673,1.45752,1.46368,57238,8,0,0.003675462175654287,1
2009-10-01,1.46367,1.46676,1.4517,1.45423,54665,9,0,-0.006456329252295667,-1
2009-10-02,1.45416,1.46457,1.44835,1.4574,50781,9,0,0.0021798477544818784,1
2009-10-05,1.45883,1.46676,1.45791,1.46474,47918,9,0,0.005036366131466963,1
2009-10-06,1.46476,1.4760900000000001,1.46445,1.47207,52419,20,0,0.005004301104633013,1
2009-10-07,1.47208,1.47355,1.46489,1.46862,49690,9,0,-0.0023436385497972445,-1
2009-10-08,1.46863,1.4815,1.4681600000000001,1.47905,52747,9,0,0.007101905189906166,1
2009-10-09,1.47903,1.47933,1.46723,1.4729999999999999,51998,9,0,-0.004090463473175432,-1
2009-10-12,1.47167,1.48115,1.46752,1.47754,41921,11,0,0.0030821452817380024,1
2009-10-13,1.47767,1.48737,1.47608,1.4851,52752,10,0,0.005116612748216731,1
2009-10-14,1.48509,1.49443,1.4837500000000001,1.49323,55297,11,0,0.0054743788297084706,1
2009-10-15,1.49329,1.4965600000000001,1.48415,1.49352,55062,10,0,0.00019420986720053435,1
2009-10-16,1.49356,1.49651,1.4847299999999999,1.49035,54796,10,0,-0.002122502544324778,-1
2009-10-19,1.48932,1.4979,1.48267,1.49647,52288,10,0,0.004106417955513697,1
2009-10-20,1.49645,1.49931,1.48823,1.49396,53650,8,0,-0.0016772805335222296,-1
2009-10-21,1.49395,1.50453,1.48879,1.50072,57461,9,0,0.004524886877828038,1
2009-10-22,1.50155,1.5037500000000001,1.49435,1.50261,53701,10,0,0.0012593954901647386,1
2009-10-23,1.50258,1.50595,1.49855,1.50072,54238,10,0,-0.0012578114081497338,-1
2009-10-26,1.5009000000000001,1.50617,1.48448,1.48652,49290,8,0,-0.00946212484674025,-1
2009-10-27,1.48651,1.49262,1.47701,1.48062,59771,11,0,-0.003969001426149643,-1
2009-10-28,1.4806300000000001,1.48403,1.4693100000000001,1.47153,60586,10,0,-0.006139320014588501,-1
2009-10-29,1.47154,1.4858500000000001,1.46829,1.48396,54266,10,0,0.008446990547253508,1
2009-10-30,1.48395,1.48575,1.4703,1.4718499999999999,56052,20,0,-0.008160597320682528,-1
2009-11-02,1.47346,1.4844300000000001,1.47032,1.47722,58977,8,0,0.0036484696130720806,1
2009-11-03,1.47723,1.48102,1.46262,1.47156,59228,10,0,-0.0038315213712243334,-1
2009-11-04,1.47157,1.49079,1.47016,1.48772,54844,10,0,0.010981543396123783,1
2009-11-05,1.48773,1.4916,1.48109,1.48712,54234,8,0,-0.0004033016965557801,-1
2009-11-06,1.48711,1.49135,1.4813399999999999,1.48462,46232,10,0,-0.0016811017268276718,-1
2009-11-09,1.48716,1.50195,1.48526,1.49959,48882,8,0,0.010083388341797894,1
2009-11-10,1.49962,1.50194,1.49383,1.4984,51000,8,0,-0.000793550237064844,-1
2009-11-11,1.49839,1.50475,1.49527,1.49845,54479,11,0,3.3368926855459335e-05,1
2009-11-12,1.4984600000000001,1.50156,1.4821,1.48435,59578,10,0,-0.009409723380826907,-1
2009-11-13,1.48437,1.49372,1.48243,1.4901900000000001,50069,9,0,0.003934382052750429,1
2009-11-16,1.49194,1.5014699999999999,1.48847,1.49701,54601,9,0,0.004576597615069122,1
2009-11-17,1.4969299999999999,1.49985,1.48076,1.48633,62593,9,0,-0.007134220880288034,-1
2009-11-18,1.48635,1.49899,1.48623,1.49609,56508,9,0,0.006566509456177316,1
2009-11-19,1.49608,1.4963,1.48431,1.4917099999999999,60605,8,0,-0.0029276313590760328,-1
2009-11-20,1.49169,1.49342,1.48011,1.48614,56918,8,0,-0.0037339697394264126,-1
2009-11-23,1.48501,1.49985,1.48482,1.4960200000000001,51676,9,0,0.006648095065068027,1
2009-11-24,1.4959500000000001,1.49882,1.48881,1.4963199999999999,56335,10,0,0.00020053207844794585,1
2009-11-25,1.49644,1.51437,1.49549,1.5134400000000001,48935,8,0,0.011441402908468845,1
2009-11-26,1.51342,1.51411,1.49588,1.5005899999999999,46732,9,0,-0.008490590971561685,-1
2009-11-27,1.50061,1.5009299999999999,1.48281,1.49869,59191,12,0,-0.0012661686403346861,-1
2009-11-30,1.50084,1.5083,1.49633,1.50075,58855,11,0,0.0013745337594832652,1
2009-12-01,1.50074,1.5116399999999999,1.49712,1.5076100000000001,49804,10,0,0.004571047809428741,1
2009-12-02,1.5076,1.5108899999999998,1.5032,1.5047000000000001,45286,8,0,-0.0019302074143843218,-1
2009-12-03,1.50473,1.51399,1.5037099999999999,1.5051700000000001,47930,8,0,0.00031235462218370813,1
2009-12-04,1.50523,1.5089000000000001,1.48198,1.4856,49457,9,0,-0.013001853611220082,-1
2009-12-07,1.48678,1.49028,1.47545,1.48266,65128,9,0,-0.001978998384491115,-1
2009-12-08,1.48271,1.48662,1.46808,1.4703300000000001,72235,10,0,-0.008316134514993245,-1
2009-12-09,1.47035,1.47811,1.46681,1.47393,63321,9,0,0.0024484299442981694,1
2009-12-10,1.47397,1.47598,1.46845,1.47321,50140,20,0,-0.0004884899554252753,-1
2009-12-11,1.47311,1.47754,1.45859,1.4613800000000001,46486,10,0,-0.00803008396630478,-1
2009-12-14,1.46146,1.4685000000000001,1.46045,1.46508,46226,9,0,0.0025318534535847537,1
2009-12-15,1.46509,1.46582,1.45037,1.45367,41430,8,0,-0.007787970622764595,-1
2009-12-16,1.45369,1.45892,1.45053,1.453,43095,8,0,-0.0004609024056353439,-1
2009-12-17,1.45299,1.45326,1.43041,1.43497,48862,10,0,-0.012408809359944928,-1
2009-12-18,1.43493,1.44108,1.42611,1.4335200000000001,45251,10,0,-0.001010474086566182,-1
2009-12-21,1.43118,1.43724,1.42651,1.4274,38522,11,0,-0.004269211451532029,-1
2009-12-22,1.42737,1.43311,1.42175,1.42531,39630,10,0,-0.0014642006445284572,-1
2009-12-23,1.4253,1.43659,1.42336,1.43282,32236,9,0,0.005269029193649022,1
2009-12-24,1.43278,1.44173,1.43277,1.4353799999999999,20804,9,0,0.0017866863946622846,1
2009-12-28,1.43712,1.44127,1.43534,1.43716,25620,15,0,0.0012400897323356919,1
2009-12-29,1.43717,1.44573,1.4331,1.43486,35058,15,0,-0.0016003785243118296,-1
2009-12-30,1.43485,1.436,1.42725,1.4336,35183,15,0,-0.0008781344521416878,-1
2009-12-31,1.43365,1.44398,1.43059,1.43306,29564,17,0,-0.0003766741071428159,-1
2010-01-04,1.43259,1.44543,1.42569,1.4411100000000001,45505,10,0,0.005617350285403333,1
2010-01-05,1.44107,1.4483,1.4346700000000001,1.43624,46686,10,0,-0.003379339536884851,-1
2010-01-06,1.43632,1.4433799999999999,1.42831,1.43998,45435,9,0,0.0026040216119869175,1
2010-01-07,1.44001,1.44456,1.42994,1.43041,44298,10,0,-0.006645925637856154,-1
2010-01-08,1.43039,1.44263,1.42634,1.44085,34425,9,0,0.007298606693185938,1
2010-01-11,1.44125,1.45545,1.4412099999999999,1.4512,45827,9,0,0.007183259881320181,1
2010-01-12,1.4512800000000001,1.45448,1.44537,1.4492,46203,9,0,-0.001378169790518191,-1
2010-01-13,1.4491800000000001,1.45785,1.44561,1.45052,46521,9,0,0.0009108473640628834,1
2010-01-14,1.45105,1.45547,1.44478,1.44978,44172,8,0,-0.0005101618729834723,-1
2010-01-15,1.44978,1.45108,1.43365,1.43857,47001,8,0,-0.007732207645298028,-1
2010-01-18,1.4348,1.43995,1.4334799999999999,1.43872,32948,9,0,0.00010427021278092141,1
2010-01-19,1.43881,1.44131,1.42527,1.42869,49145,9,0,-0.006971474644128062,-1
2010-01-20,1.42869,1.4289,1.40818,1.41062,56564,9,0,-0.012647950220131765,-1
2010-01-21,1.41062,1.41415,1.40285,1.4083700000000001,57999,9,0,-0.001595043314287281,-1
2010-01-22,1.40833,1.41807,1.40662,1.41363,53667,8,0,0.003734814004842324,1
2010-01-25,1.41523,1.4193799999999999,1.41278,1.4148100000000001,42566,9,0,0.0008347304457321236,1
2010-01-26,1.41476,1.41784,1.40422,1.4077,51832,9,0,-0.005025409772337008,-1
2010-01-27,1.40773,1.40963,1.39935,1.40327,54404,9,0,-0.0031469773389215527,-1
2010-01-28,1.40332,1.40518,1.3946399999999999,1.39609,52813,9,0,-0.005116620465056565,-1
2010-01-29,1.39616,1.3987,1.3860999999999999,1.38611,50938,9,0,-0.007148536269151795,-1
2010-02-01,1.3862700000000001,1.3937599999999999,1.38521,1.39325,46608,9,0,0.005151106333552313,1
2010-02-02,1.39329,1.39738,1.38858,1.3967100000000001,43884,9,0,0.00248340211735143,1
2010-02-03,1.39675,1.40255,1.38855,1.3891200000000001,42636,9,0,-0.005434198938935042,-1
2010-02-04,1.38894,1.39023,1.37149,1.37273,46903,9,0,-0.011798836673577617,-1
2010-02-05,1.37277,1.37448,1.35854,1.36776,57504,9,0,-0.003620522608233201,-1
2010-02-08,1.36561,1.37128,1.3620999999999999,1.36552,47960,9,0,-0.0016377142188688243,-1
2010-02-09,1.3655,1.3838,1.3648799999999999,1.37938,54293,9,0,0.010149979494990857,1
2010-02-10,1.37942,1.38119,1.36767,1.37337,50134,8,0,-0.004357029969986548,-1
2010-02-11,1.37336,1.38,1.35955,1.3688500000000001,47992,9,0,-0.0032911742647646625,-1
2010-02-12,1.3688500000000001,1.36943,1.35311,1.3630900000000001,49239,9,0,-0.004207911750739646,-1
2010-02-15,1.36158,1.36322,1.35785,1.3597299999999999,28014,8,0,-0.0024649876383806557,-1
2010-02-16,1.35981,1.37785,1.35879,1.37587,46771,9,0,0.011870003603656532,1
2010-02-17,1.37595,1.37881,1.35859,1.35993,47572,9,0,-0.011585396876158227,-1
2010-02-18,1.35992,1.36537,1.34835,1.34923,51940,8,0,-0.007868052032089956,-1
2010-02-19,1.34952,1.36174,1.34433,1.36116,50902,9,0,0.008842080297651211,1
2010-02-22,1.36133,1.36531,1.35745,1.35996,38772,8,0,-0.0008816009873929831,-1
2010-02-23,1.35993,1.36913,1.34961,1.3513600000000001,48684,8,0,-0.006323715403394159,-1
2010-02-24,1.35141,1.3625,1.3502,1.35372,45827,8,0,0.001746388823111511,1
2010-02-25,1.35372,1.35702,1.34504,1.3538299999999999,49405,8,0,8.125757172816606e-05,1
2010-02-26,1.35388,1.36826,1.353,1.3631,48710,8,0,0.006847240790941234,1
2010-03-01,1.36222,1.36541,1.34601,1.35677,47959,8,0,-0.004643826571784859,-1
2010-03-02,1.35671,1.36213,1.34349,1.36087,48935,8,0,0.003021882854131519,1
2010-03-03,1.3609200000000001,1.37351,1.35921,1.3694,49643,8,0,0.006268049115639274,1
2010-03-04,1.3695,1.37117,1.35511,1.35793,45572,8,0,-0.008375931064699804,-1
2010-03-05,1.35793,1.36297,1.353,1.36198,36121,8,0,0.002982480687516942,1
2010-03-08,1.36307,1.37038,1.36056,1.36267,31425,8,0,0.0005066153688013664,1
2010-03-09,1.36266,1.36347,1.3537,1.36013,34288,8,0,-0.001863987612554796,-1
2010-03-10,1.36013,1.3679299999999999,1.3544,1.36548,31699,9,0,0.003933447538102985,1
2010-03-11,1.36548,1.36864,1.36206,1.36765,30264,9,0,0.0015891847555438154,1
2010-03-12,1.3677000000000001,1.37954,1.36693,1.3767800000000001,34667,9,0,0.006675684568420381,1
2010-03-15,1.37612,1.3774600000000001,1.36423,1.36724,34317,9,0,-0.006929211638751376,-1
2010-03-16,1.36731,1.37825,1.36566,1.3762699999999999,38136,9,0,0.006604546385418741,1
2010-03-17,1.37642,1.38171,1.3726099999999999,1.37353,37087,10,0,-0.001990888415790426,-1
2010-03-18,1.3734199999999999,1.37402,1.35862,1.36072,39796,9,0,-0.009326334335617026,-1
2010-03-19,1.36075,1.36263,1.35029,1.35301,35368,10,0,-0.005666117937562332,-1
2010-03-22,1.35174,1.35676,1.34629,1.35578,34603,8,0,0.0020472871597401188,1
2010-03-23,1.35574,1.35687,1.34755,1.3492,40942,9,0,-0.0048532947823393124,-1
2010-03-24,1.34916,1.34946,1.3305,1.33281,46203,9,0,-0.012147939519715267,-1
2010-03-25,1.33276,1.33861,1.32671,1.32735,40724,9,0,-0.004096607918608108,-1
2010-03-26,1.32732,1.34231,1.32725,1.3407499999999999,43288,9,0,0.010095302670734885,1
2010-03-29,1.3471899999999999,1.35056,1.34172,1.34755,37315,9,0,0.005071788178258485,1
2010-03-30,1.34756,1.35367,1.33951,1.3419400000000001,36027,9,0,-0.004163110830766814,-1
2010-03-31,1.3418999999999999,1.35477,1.33841,1.35062,43433,9,0,0.006468247462628529,1
2010-04-01,1.35065,1.35904,1.346,1.35837,38590,8,0,0.005738105462676613,1
2010-04-02,1.3584,1.3590200000000001,1.34748,1.3503,20748,9,0,-0.00594094392544009,-1
2010-04-05,1.349,1.35378,1.34599,1.34818,21957,10,0,-0.0015700214767089271,-1
2010-04-06,1.34823,1.34959,1.33551,1.33932,37560,9,0,-0.006571822753638101,-1
2010-04-07,1.3393,1.34078,1.3326,1.33388,36007,9,0,-0.004061762685542036,-1
2010-04-08,1.3339400000000001,1.33657,1.32821,1.33572,37820,9,0,0.001379434431882931,1
2010-04-09,1.3357,1.34985,1.33414,1.34984,37363,9,0,0.010571077770790138,1
2010-04-12,1.36107,1.36913,1.35656,1.35858,42221,9,0,0.006474841462691838,1
2010-04-13,1.35862,1.36267,1.35463,1.36147,39476,10,0,0.0021272210690574944,1
2010-04-14,1.36147,1.3678,1.35959,1.36508,43278,9,0,0.0026515457556905986,1
2010-04-15,1.36516,1.36665,1.35215,1.3578999999999999,41184,9,0,-0.005259764995458327,-1
2010-04-16,1.35789,1.35806,1.34726,1.3501699999999999,42714,10,0,-0.005692613594521001,-1
2010-04-19,1.34769,1.34972,1.3416000000000001,1.34888,37823,9,0,-0.0009554352414880007,-1
2010-04-20,1.34887,1.35222,1.34283,1.34403,36069,9,0,-0.003595575588636546,-1
2010-04-21,1.34409,1.34467,1.33579,1.3388200000000001,37810,9,0,-0.003876401568417287,-1
2010-04-22,1.33878,1.34208,1.32651,1.32866,42655,9,0,-0.007588772202387295,-1
2010-04-23,1.3287499999999999,1.3399,1.32016,1.33811,45949,10,0,0.007112429063868886,1
2010-04-26,1.3346,1.34147,1.32916,1.3391899999999999,42180,9,0,0.000807108533678047,1
2010-04-27,1.33923,1.3413,1.31445,1.31619,51600,9,0,-0.017174560741940903,-1
2010-04-28,1.31644,1.32654,1.31141,1.3205200000000001,59113,9,0,0.0032897985853108658,1
2010-04-29,1.32061,1.3277700000000001,1.3183799999999999,1.32428,47335,9,0,0.0028473631599670313,1
2010-04-30,1.32408,1.33417,1.32248,1.3293599999999999,43675,8,0,0.003836046757483391,1
2010-05-03,1.33296,1.3332600000000001,1.3154,1.31888,36212,9,0,-0.00788349280856937,-1
2010-05-04,1.31884,1.32131,1.29629,1.29718,48690,8,0,-0.016453354361276262,-1
2010-05-05,1.29702,1.29956,1.27891,1.28182,57402,9,0,-0.011841070630136175,-1
2010-05-06,1.2819099999999999,1.2855699999999999,1.2527,1.26296,73442,9,0,-0.01471345430715687,-1
2010-05-07,1.26296,1.27973,1.2586,1.27518,83142,12,0,0.009675682523595297,1
2010-05-10,1.29299,1.30934,1.27588,1.27864,78501,10,0,0.0027133424300882503,1
2010-05-11,1.27867,1.28022,1.26266,1.26328,67118,9,0,-0.01201276356128389,-1
2010-05-12,1.26329,1.27383,1.26051,1.26334,60776,9,0,4.749540877702074e-05,1
2010-05-13,1.263,1.26834,1.25159,1.25223,49365,10,0,-0.008794148843541683,-1
2010-05-14,1.25223,1.25753,1.23529,1.23566,58712,10,0,-0.013232393410156251,-1
2010-05-17,1.23485,1.24138,1.22332,1.23968,149146,10,0,0.0032533221112602817,1
2010-05-18,1.23971,1.24437,1.21581,1.2171,72967,10,0,-0.018214377903975065,-1
2010-05-19,1.21709,1.2429999999999999,1.21435,1.2422,46987,10,0,0.020622791882343172,1
2010-05-20,1.2421,1.25969,1.22957,1.24683,43592,12,0,0.0037272580904847974,1
2010-05-21,1.2471,1.26711,1.24628,1.25712,61466,13,0,0.008252929429031886,1
2010-05-24,1.25461,1.25622,1.23316,1.2344,51026,8,0,-0.018073055873743193,-1
2010-05-25,1.23491,1.23877,1.21776,1.23704,51934,10,0,0.002138690861957171,1
2010-05-26,1.23709,1.23709,1.21537,1.21609,49658,8,0,-0.01693558817823193,-1
2010-05-27,1.21615,1.23937,1.21534,1.23563,58782,10,0,0.01606788971211026,1
2010-05-28,1.23565,1.24518,1.22651,1.2272,54622,8,0,-0.006822430662900669,-1
2010-05-31,1.22807,1.2334100000000001,1.22665,1.2308,34834,11,0,0.002933507170795213,1
2010-06-01,1.23061,1.23487,1.21107,1.22115,66264,10,0,-0.007840428989275172,-1
2010-06-02,1.22113,1.22726,1.21749,1.22492,61439,9,0,0.0030872538181223597,1
2010-06-03,1.22494,1.23252,1.2152,1.21614,55593,8,1237300000,-0.007167815040982295,-1
2010-06-04,1.21616,1.2215,1.19551,1.19671,54110,9,0,-0.015976778989261198,-1
2010-06-07,1.1945999999999999,1.19907,1.18758,1.19166,63132,8,0,-0.004219902900452044,-1
2010-06-08,1.19165,1.2008,1.19022,1.1964,63108,9,0,0.0039776446301798,1
2010-06-09,1.19636,1.20724,1.19236,1.1984,55570,8,0,0.0016716817118020977,1
2010-06-10,1.19834,1.21411,1.19565,1.21081,63926,8,0,0.010355473965287132,1
2010-06-11,1.21074,1.21521,1.20452,1.21112,70668,10,0,0.0002560269571609819,1
2010-06-14,1.21188,1.2297500000000001,1.21155,1.2213,50129,8,0,0.008405442895832005,1
2010-06-15,1.22135,1.2349,1.21679,1.23228,91751,8,0,0.008990420044215242,1
2010-06-16,1.23222,1.23525,1.22552,1.22989,43868,8,0,-0.0019394942707826601,-1
2010-06-17,1.2298499999999999,1.24095,1.22422,1.23794,46359,9,0,0.006545300799258635,1
2010-06-18,1.23794,1.24156,1.23529,1.23875,38601,9,0,0.0006543128099907314,1
2010-06-21,1.24291,1.24664,1.23038,1.23232,50850,8,0,-0.005190716448032262,-1
2010-06-22,1.23239,1.23531,1.22521,1.22674,45172,8,0,-0.004528044663723807,-1
2010-06-23,1.2267299999999999,1.23431,1.2209,1.23102,33229,8,0,0.00348892185793237,1
2010-06-24,1.231,1.23869,1.22614,1.23276,48903,8,0,0.0014134620071160064,1
2010-06-25,1.23276,1.23942,1.22538,1.23681,39618,9,0,0.0032853110094421822,1
2010-06-28,1.23781,1.23966,1.22651,1.22803,41553,7,0,-0.007098907673773636,-1
2010-06-29,1.22805,1.22902,1.21495,1.21886,40938,9,0,-0.007467244285563002,-1
2010-06-30,1.21898,1.23038,1.21662,1.22302,50649,7,0,0.0034130252859227994,1
2010-07-01,1.223,1.25328,1.2193,1.25163,54000,8,0,0.02339291262612231,1
2010-07-02,1.25163,1.26106,1.24824,1.25655,47050,8,0,0.003930874140121388,1
2010-07-05,1.25558,1.25619,1.251,1.2538,23183,7,0,-0.0021885320918387796,-1
2010-07-06,1.2538,1.26623,1.24796,1.26261,46452,8,0,0.007026639017387204,1
2010-07-07,1.26261,1.2663,1.25531,1.26316,43825,8,0,0.0004356056106002981,1
2010-07-08,1.26312,1.27105,1.26199,1.26931,41556,8,0,0.004868741885430072,1
2010-07-09,1.26924,1.27218,1.26085,1.26404,34626,8,0,-0.004151862035278953,-1
2010-07-12,1.26413,1.26463,1.25506,1.25887,33112,7,0,-0.004090060441125365,-1
2010-07-13,1.25889,1.27381,1.2521900000000001,1.27265,111442,8,0,0.010946324878661207,1
2010-07-14,1.27271,1.27768,1.26822,1.27414,39982,9,0,0.0011707853691116377,1
2010-07-15,1.27411,1.2953999999999999,1.27092,1.2931,77992,8,0,0.014880625362989841,1
2010-07-16,1.29321,1.30063,1.28894,1.2929599999999999,46349,8,0,-0.00010826695537857756,-1
2010-07-19,1.2904,1.29908,1.28711,1.2947199999999999,37159,9,0,0.001361217671080217,1
2010-07-20,1.29465,1.30275,1.28389,1.28911,42661,7,0,-0.00433298319327724,-1
2010-07-21,1.2891,1.29123,1.27318,1.27528,43357,7,0,-0.010728331949949932,-1
2010-07-22,1.27529,1.29302,1.27368,1.28865,44411,7,0,0.01048397214729313,1
2010-07-23,1.28868,1.29642,1.27932,1.29086,45808,8,0,0.0017149730337948643,1
2010-07-26,1.2894,1.30046,1.28761,1.29865,40074,8,0,0.006034736532234408,1
2010-07-27,1.2986900000000001,1.30453,1.29516,1.3000099999999999,42808,9,0,0.0010472413660338464,1
2010-07-28,1.29995,1.30412,1.2966199999999999,1.29868,42164,9,0,-0.00102306905331484,-1
2010-07-29,1.2988,1.3106,1.2977400000000001,1.30795,40083,9,0,0.007138017063479829,1
2010-07-30,1.30798,1.3093,1.29802,1.30504,41809,8,0,-0.0022248556902022543,-1
2010-08-02,1.30596,1.31945,1.30533,1.31753,35275,8,0,0.00957058787470122,1
2010-08-03,1.31741,1.3261,1.31464,1.3226,35605,7,0,0.0038481097204616788,1
2010-08-04,1.3225799999999999,1.32382,1.31308,1.31538,34858,8,0,-0.0054589445032511286,-1
2010-08-05,1.31542,1.32344,1.31186,1.31841,35801,8,0,0.0023035168544451867,1
2010-08-06,1.31844,1.33327,1.31573,1.32781,34237,6,0,0.00712980028974286,1
2010-08-09,1.3288,1.3307,1.32163,1.32242,26966,7,0,-0.004059315715350897,-1
2010-08-10,1.32242,1.32306,1.30742,1.31745,40183,8,0,-0.0037582613693076805,-1
2010-08-11,1.31745,1.3186,1.28299,1.28447,47859,8,0,-0.025033208091388648,-1
2010-08-12,1.28442,1.2932000000000001,1.27805,1.28269,44967,8,0,-0.001385785576930476,-1
2010-08-13,1.28263,1.29052,1.27494,1.27531,41520,8,0,-0.0057535335895657624,-1
2010-08-16,1.2765,1.28705,1.27336,1.28219,38714,8,0,0.005394766762591097,1
2010-08-17,1.28211,1.29152,1.28038,1.28787,41361,7,0,0.004429920682582189,1
2010-08-18,1.28787,1.29214,1.28233,1.28518,38743,7,0,-0.002088720134796329,-1
2010-08-19,1.28522,1.29021,1.27721,1.28152,46086,8,0,-0.002847850106599825,-1
2010-08-20,1.28171,1.28315,1.26634,1.27105,41117,8,0,-0.00816998564205007,-1
2010-08-23,1.2705,1.27287,1.26458,1.26461,36582,7,0,-0.0050666771566815205,-1
2010-08-24,1.26484,1.27157,1.25874,1.26307,45831,7,0,-0.0012177667423158844,-1
2010-08-25,1.2631700000000001,1.27254,1.2609,1.2663,44508,8,0,0.0025572612760971225,1
2010-08-26,1.26632,1.27634,1.26501,1.27161,44506,9,0,0.004193319118692251,1
2010-08-27,1.27159,1.27778,1.2681,1.27617,39015,5,0,0.0035860051430864903,1
2010-08-30,1.27641,1.27647,1.26585,1.26631,30703,8,0,-0.00772624336883021,-1
2010-08-31,1.2663,1.2742200000000001,1.2625,1.26889,42040,7,0,0.0020374157986591257,1
2010-09-01,1.26892,1.28546,1.2663,1.28026,34286,6,0,0.00896058760018592,1
2010-09-02,1.2801,1.28474,1.2776399999999999,1.28251,29145,5,0,0.0017574555168482497,1
2010-09-03,1.28246,1.28969,1.28082,1.28951,26054,5,0,0.005458047110743713,1
2010-09-06,1.28934,1.2916699999999999,1.28666,1.2875,17840,5,0,-0.0015587316112321004,-1
2010-09-07,1.28747,1.28757,1.26767,1.26821,34184,5,0,-0.014982524271844655,-1
2010-09-08,1.26831,1.27624,1.2658800000000001,1.27234,40664,8,0,0.0032565584564070438,1
2010-09-09,1.27227,1.27654,1.26645,1.2697,37912,8,0,-0.0020749170819120977,-1
2010-09-10,1.2697,1.27461,1.26434,1.26784,36297,8,0,-0.0014649129715680331,-1
2010-09-13,1.2705,1.2892299999999999,1.2704,1.2877100000000001,39125,7,0,0.01567232458354373,1
2010-09-14,1.28751,1.30324,1.2829,1.29866,44081,7,0,0.008503467395609032,1
2010-09-15,1.29865,1.3035999999999999,1.29528,1.30118,46761,8,0,0.0019404617066822727,1
2010-09-16,1.3012000000000001,1.3115999999999999,1.2975400000000001,1.30731,42779,7,0,0.004711108378548712,1
2010-09-17,1.30741,1.3158400000000001,1.30189,1.30487,40971,8,0,-0.0018664280086589935,-1
2010-09-20,1.3046,1.3121,1.30288,1.30621,30580,9,0,0.0010269222221370722,1
2010-09-21,1.30621,1.3281399999999999,1.30571,1.32498,41868,6,0,0.014369818023135528,1
2010-09-22,1.325,1.34388,1.3247499999999999,1.33991,42092,9,0,0.011268094612748802,1
2010-09-23,1.33992,1.3413,1.33069,1.33133,45025,9,0,-0.006403415154749181,-1
2010-09-24,1.33135,1.34945,1.32863,1.3491900000000001,22781,8,0,0.013415156272299278,1
2010-09-27,1.3482,1.35054,1.34252,1.34408,39867,7,0,-0.0037874576597811682,-1
2010-09-28,1.34399,1.35945,1.3381,1.35843,48942,9,0,0.01067644783048638,1
2010-09-29,1.35833,1.3646099999999999,1.3566,1.36212,40449,6,0,0.0027163711048783235,1
2010-09-30,1.36219,1.36825,1.35592,1.36283,55816,9,0,0.0005212462925439088,1
2010-10-01,1.36295,1.37915,1.3618299999999999,1.379,47829,9,0,0.011865016179567478,1
2010-10-04,1.37877,1.37888,1.36662,1.36741,45684,9,0,-0.008404641044234995,-1
2010-10-05,1.36741,1.38582,1.36367,1.38338,53076,9,0,0.01167901360967094,1
2010-10-06,1.38333,1.39469,1.38003,1.3925100000000001,50757,7,0,0.006599777356908421,1
2010-10-07,1.39246,1.40285,1.38568,1.39136,52036,8,0,-0.0008258468520874196,-1
2010-10-08,1.39144,1.39831,1.38341,1.3928,48079,10,0,0.001034958601656033,1
2010-10-11,1.4002,1.4007,1.38659,1.38812,30329,9,0,-0.0033601378518093306,-1
2010-10-12,1.38812,1.39344,1.37752,1.3915,51452,9,0,0.002434947987205671,1
2010-10-13,1.39151,1.40009,1.39116,1.39593,43711,8,0,0.0031836148041681778,1
2010-10-14,1.39594,1.41215,1.39543,1.40799,48006,9,0,0.008639401689196635,1
2010-10-15,1.40788,1.41505,1.39368,1.3976199999999999,50460,8,0,-0.007365109127195679,-1
2010-10-18,1.39727,1.39975,1.38305,1.39483,51262,9,0,-0.0019962507691646536,-1
2010-10-19,1.39482,1.40022,1.3712900000000001,1.37411,61362,9,0,-0.014854856864277455,-1
2010-10-20,1.37409,1.39887,1.36975,1.3957899999999999,56283,9,0,0.015777485063058982,1
2010-10-21,1.39568,1.40495,1.38712,1.39248,57683,7,0,-0.0023714169036889166,-1
2010-10-22,1.3925100000000001,1.397,1.38604,1.39528,51109,8,0,0.0020108008732622196,1
2010-10-25,1.39516,1.40795,1.3934,1.39535,56400,9,0,5.01691416776584e-05,1
2010-10-26,1.39539,1.3981,1.38251,1.38621,62677,7,0,-0.006550327874726869,-1
2010-10-27,1.38618,1.38763,1.37338,1.3773900000000001,66421,8,0,-0.006362672322375307,-1
2010-10-28,1.3773900000000001,1.39448,1.37671,1.39282,60331,8,0,0.011202346466868462,1
2010-10-29,1.39284,1.39502,1.38068,1.39459,60308,8,0,0.001270803118852415,1
2010-11-01,1.39703,1.40106,1.38636,1.38977,61085,8,0,-0.0034562129371357164,-1
2010-11-02,1.38975,1.40573,1.38812,1.40312,65719,9,0,0.009605906013225196,1
2010-11-03,1.4031,1.41797,1.39916,1.41248,75787,9,0,0.006670847824847614,1
2010-11-04,1.41238,1.42813,1.4102000000000001,1.4212500000000001,79852,8,0,0.006208937471681164,1
2010-11-05,1.42124,1.42478,1.40238,1.40314,66258,9,0,-0.012742304309586672,-1
2010-11-08,1.40538,1.40846,1.3887399999999999,1.39123,72639,8,0,-0.008488105249654376,-1
2010-11-09,1.39131,1.3973,1.37483,1.37633,82240,9,0,-0.010709947312809498,-1
2010-11-10,1.37637,1.38248,1.36711,1.37791,81616,9,0,0.0011479804988627773,1
2010-11-11,1.37792,1.3820000000000001,1.36369,1.36611,74193,10,0,-0.008563694290628532,-1
2010-11-12,1.36619,1.37758,1.35735,1.369,85876,10,0,0.0021154958239089083,1
2010-11-15,1.36829,1.37497,1.3563399999999999,1.35789,72600,8,0,-0.008115412710007264,-1
2010-11-16,1.35789,1.36547,1.34475,1.34821,91507,8,0,-0.007128707038125404,-1
2010-11-17,1.34817,1.35646,1.34602,1.35294,80347,9,0,0.0035083555232493513,1
2010-11-18,1.3529,1.36666,1.35289,1.3642699999999999,79455,8,0,0.008374355108134779,1
2010-11-19,1.3643,1.37308,1.36081,1.36718,68624,9,0,0.0021330088618822796,1
2010-11-22,1.37355,1.37853,1.35765,1.36236,78858,9,0,-0.0035255050541992405,-1
2010-11-23,1.36236,1.3628,1.3361,1.33802,92697,9,0,-0.017866055961713534,-1
2010-11-24,1.338,1.34202,1.3284500000000001,1.33364,91782,9,0,-0.0032734936697508266,-1
2010-11-25,1.33362,1.3386,1.32862,1.33443,65811,9,0,0.0005923637563360895,1
2010-11-26,1.33453,1.33569,1.32003,1.32402,77723,9,0,-0.007801083608731885,-1
2010-11-29,1.3275000000000001,1.33009,1.30639,1.31061,85839,9,0,-0.0101282457968912,-1
2010-11-30,1.31063,1.31491,1.29694,1.2981099999999999,99389,9,0,-0.009537543586574326,-1
2010-12-01,1.29809,1.31806,1.29707,1.31254,96783,9,0,0.011116161188189144,1
2010-12-02,1.3125200000000001,1.32462,1.30603,1.32149,92703,9,0,0.0068188398067867695,1
2010-12-03,1.3213599999999999,1.3437299999999999,1.31929,1.3413599999999999,84074,9,0,0.015036057783259782,1
2010-12-06,1.34078,1.34216,1.32463,1.33088,86720,9,0,-0.007812965945010908,-1
2010-12-07,1.33088,1.33997,1.3253599999999999,1.32652,93134,9,0,-0.003276027891320088,-1
2010-12-08,1.32652,1.32797,1.31796,1.32627,92647,8,0,-0.000188463046165821,-1
2010-12-09,1.3262800000000001,1.3322,1.3164500000000001,1.32365,82497,9,0,-0.0019754650259751205,-1
2010-12-10,1.32365,1.32817,1.31786,1.3226200000000001,69405,7,0,-0.0007781513239903948,-1
2010-12-13,1.3205200000000001,1.34325,1.31823,1.33864,75222,8,0,0.012112322511378837,1
2010-12-14,1.3385799999999999,1.34966,1.33637,1.33789,79216,8,0,-0.0005602701249028952,-1
2010-12-15,1.3378700000000001,1.33802,1.3208199999999999,1.32203,83075,4,0,-0.01185448728968752,-1
2010-12-16,1.32217,1.32648,1.31812,1.32396,73545,4,0,0.001459876099634716,1
2010-12-17,1.32401,1.33581,1.31328,1.31873,74778,9,0,-0.003950270400918554,-1
2010-12-20,1.31661,1.31823,1.3094700000000001,1.31197,71399,9,0,-0.0051261440931804625,-1
2010-12-21,1.31201,1.32006,1.30732,1.30993,74937,8,0,-0.001554913603207475,-1
2010-12-22,1.30991,1.31798,1.30777,1.3103099999999999,69688,9,0,0.00029009183696815377,1
2010-12-23,1.31026,1.31506,1.30549,1.3109899999999999,57887,9,0,0.0005189611618625634,1
2010-12-24,1.31094,1.31474,1.30948,1.31209,25556,10,0,0.0008390605572887733,1
2010-12-27,1.31129,1.31692,1.30718,1.3162099999999999,46182,10,0,0.0031400285041420783,1
2010-12-28,1.31622,1.32737,1.30932,1.31091,61634,9,0,-0.004026713062505127,-1
2010-12-29,1.31077,1.3237999999999999,1.30832,1.32173,56088,9,0,0.008253808423156483,1
2010-12-30,1.32171,1.33137,1.32171,1.32901,59251,9,0,0.0055079327850620086,1
2010-12-31,1.32901,1.34223,1.32863,1.33827,46339,10,0,0.006967592418416713,1
2011-01-03,1.33443,1.33945,1.32501,1.33499,63214,9,0,-0.002450925448526986,-1
2011-01-04,1.33507,1.3433,1.32919,1.33104,80673,8,0,-0.002958823661600385,-1
2011-01-05,1.33099,1.33247,1.3125499999999999,1.31485,83725,8,0,-0.012163421084264936,-1
2011-01-06,1.31495,1.31699,1.29834,1.30022,73723,8,0,-0.01112674449556994,-1
2011-01-07,1.3001800000000001,1.30206,1.29044,1.29055,82379,8,0,-0.00743720293488781,-1
2011-01-10,1.28939,1.29639,1.28736,1.29451,73379,9,0,0.003068459184068839,1
2011-01-11,1.29457,1.2992,1.29047,1.29731,81690,8,0,0.0021629805872491747,1
2011-01-12,1.29736,1.31442,1.29616,1.3128,85250,8,0,0.011940091419938126,1
2011-01-13,1.31283,1.3382800000000001,1.30888,1.33477,83518,8,0,0.016735222425350527,1
2011-01-14,1.33477,1.34562,1.33144,1.33875,81796,8,0,0.0029817871243735805,1
2011-01-17,1.33704,1.3382,1.3244799999999999,1.32758,69216,6,0,-0.008343604108310032,-1
2011-01-18,1.32795,1.34644,1.32532,1.3385099999999999,87506,8,0,0.008233025505054226,1
2011-01-19,1.3385099999999999,1.35372,1.33683,1.34557,90324,8,0,0.005274521669617727,1
2011-01-20,1.34559,1.35223,1.33959,1.34638,91805,9,0,0.0006019753710322373,1
2011-01-21,1.34641,1.36238,1.34484,1.36196,87401,8,0,0.011571770228316014,1
2011-01-24,1.36097,1.3685100000000001,1.35399,1.36401,83078,8,0,0.0015051837058355222,1
2011-01-25,1.36392,1.37023,1.35728,1.36801,93956,8,0,0.002932529820162566,1
2011-01-26,1.36801,1.3721,1.36421,1.3697599999999999,89591,8,0,0.0012792304149822353,1
2011-01-27,1.36971,1.37573,1.3637000000000001,1.3727800000000001,92594,6,0,0.002204765798388131,1
2011-01-28,1.3727800000000001,1.37454,1.35833,1.36102,88142,5,0,-0.008566558370605826,-1
2011-01-31,1.358,1.37385,1.35702,1.36908,90313,8,0,0.005922029066435686,1
2011-02-01,1.36908,1.38419,1.36898,1.38238,92318,9,0,0.00971455283840239,1
2011-02-02,1.3824,1.3860700000000001,1.37672,1.38045,83748,8,0,-0.0013961428840115753,-1
2011-02-03,1.38046,1.38248,1.3609200000000001,1.3625099999999999,82362,8,0,-0.012995762251439835,-1
2011-02-04,1.36257,1.36748,1.35436,1.358,53718,8,0,-0.00331006744904605,-1
2011-02-07,1.35686,1.36256,1.3508,1.35774,56235,8,0,-0.00019145802650966104,-1
2011-02-08,1.35802,1.36871,1.3572,1.36277,52629,8,0,0.0037046857277536205,1
2011-02-09,1.36235,1.37424,1.36106,1.37237,51816,8,0,0.007044475590158417,1
2011-02-10,1.37239,1.37272,1.35773,1.3593600000000001,68144,8,0,-0.009479950742146803,-1
2011-02-11,1.35928,1.36204,1.34972,1.35513,49758,8,0,-0.0031117584745764537,-1
2011-02-14,1.3524,1.35579,1.34279,1.34885,68464,8,0,-0.004634241733265321,-1
2011-02-15,1.34889,1.35498,1.34609,1.34851,64536,8,0,-0.00025206657523080267,-1
2011-02-16,1.3487,1.35873,1.3462,1.35601,68841,8,0,0.0055616940178417895,1
2011-02-17,1.35596,1.36174,1.35367,1.36051,57795,8,0,0.003318559597643267,1
2011-02-18,1.36053,1.37138,1.35453,1.36923,62537,8,0,0.006409361195433894,1
2011-02-21,1.36886,1.3715,1.3647,1.36746,53603,7,0,-0.0012926973554480137,-1
2011-02-22,1.36738,1.37026,1.35278,1.3654,83175,8,0,-0.0015064426016117016,-1
2011-02-23,1.36542,1.3786,1.3654,1.37491,74692,8,0,0.006964991943752885,1
2011-02-24,1.37494,1.3818,1.3704,1.3801700000000001,75173,8,0,0.0038257049552334887,1
2011-02-25,1.38013,1.38372,1.37239,1.37523,68016,8,0,-0.003579269220458481,-1
2011-02-28,1.3747,1.3854600000000001,1.3711,1.3808799999999999,72482,8,0,0.004108403685201711,1
2011-03-01,1.3808799999999999,1.38532,1.37628,1.3775,79752,8,0,-0.0024477145008979795,-1
2011-03-02,1.37755,1.38897,1.37447,1.38633,73548,9,0,0.006410163339382935,1
2011-03-03,1.38633,1.39728,1.3832900000000001,1.39596,74667,8,0,0.006946398043755853,1
2011-03-04,1.39596,1.40052,1.39418,1.39863,59009,7,0,0.0019126622539327176,1
2011-03-07,1.39921,1.40354,1.3955,1.39682,74128,5,0,-0.0012941235351737745,-1
2011-03-08,1.39682,1.39881,1.38622,1.39023,70216,7,0,-0.004717859137182923,-1
2011-03-09,1.39021,1.39411,1.38553,1.39045,70488,8,0,0.0001582471965069221,1
2011-03-10,1.39046,1.39236,1.37748,1.37999,74343,8,0,-0.007522744435254691,-1
2011-03-11,1.37994,1.39147,1.37519,1.39016,70765,9,0,0.007369618620424845,1
2011-03-14,1.39507,1.40026,1.39043,1.39935,73056,8,0,0.006610749841744923,1
2011-03-15,1.39941,1.40123,1.3855,1.39714,88130,8,0,-0.0015793046771716002,-1
2011-03-16,1.3971,1.40003,1.38665,1.39121,88893,8,0,-0.0042443849578424064,-1
2011-03-17,1.39126,1.40518,1.3869099999999999,1.40152,90125,9,0,0.007410815045895358,1
2011-03-18,1.40156,1.41831,1.39801,1.4179300000000001,76710,8,0,0.011708716250927509,1
2011-03-21,1.41808,1.42395,1.41411,1.42138,61146,8,0,0.0024331243432327287,1
2011-03-22,1.4214,1.42479,1.41788,1.4188399999999999,62172,8,0,-0.0017869957365378442,-1
2011-03-23,1.4188100000000001,1.4214,1.40767,1.40988,73682,8,0,-0.006315017901947995,-1
2011-03-24,1.40991,1.4218899999999999,1.40534,1.41802,69038,9,0,0.0057735410105825835,1
2011-03-25,1.41798,1.4193,1.40548,1.40868,64533,9,0,-0.006586648989436061,-1
2011-03-28,1.40463,1.4114900000000001,1.40204,1.40819,59764,8,0,-0.0003478433710990547,-1
2011-03-29,1.40825,1.4148399999999999,1.40469,1.4108399999999999,61395,7,0,0.0018818483301257238,1
2011-03-30,1.41082,1.41464,1.40516,1.41253,68572,8,0,0.0011978679368320755,1
2011-03-31,1.41253,1.42319,1.41157,1.41736,70342,8,0,0.0034193964022002366,1
2011-04-01,1.41733,1.42448,1.40614,1.42344,66888,7,0,0.004289665293221168,1
2011-04-04,1.42312,1.4267699999999999,1.41925,1.42177,60730,7,0,-0.001173214185353877,-1
2011-04-05,1.42177,1.42445,1.4151099999999999,1.42183,60321,6,0,4.2200918573209734e-05,1
2011-04-06,1.42184,1.43483,1.4217,1.43299,65951,8,0,0.007849039617957132,1
2011-04-07,1.43298,1.4335499999999999,1.42424,1.43037,69292,7,0,-0.0018283449291341958,-1
2011-04-08,1.43037,1.44869,1.42908,1.4482300000000001,68944,8,0,0.012486279773765041,1
2011-04-11,1.4453,1.44825,1.44205,1.44313,60639,7,0,-0.003521540086864672,-1
2011-04-12,1.44316,1.45183,1.4377,1.44774,76607,8,0,0.003194445406858648,1
2011-04-13,1.44782,1.45193,1.4413,1.44404,71254,8,0,-0.0025557075165431042,-1
2011-04-14,1.44404,1.45141,1.43647,1.4485999999999999,73134,8,0,0.003157807262956558,1
2011-04-15,1.44858,1.45029,1.43905,1.44285,66841,8,0,-0.003969349716968051,-1
2011-04-18,1.44162,1.44199,1.41574,1.42273,76174,8,0,-0.013944623488234997,-1
2011-04-19,1.42273,1.4352,1.42051,1.43307,70718,7,0,0.007267717697665876,1
2011-04-20,1.4331,1.45437,1.43278,1.45211,75032,8,0,0.013286161876251645,1
2011-04-21,1.45213,1.46478,1.4505,1.4550100000000001,70127,8,0,0.0019970938840723207,1
2011-04-22,1.45499,1.45873,1.45339,1.45597,33966,10,0,0.0006597892797985949,1
2011-04-25,1.45604,1.46259,1.45251,1.45784,55412,8,0,0.0012843671229489928,1
2011-04-26,1.45785,1.46559,1.44929,1.46467,64063,9,0,0.00468501344454797,1
2011-04-27,1.46468,1.47946,1.4632100000000001,1.47711,71297,7,0,0.008493380761536828,1
2011-04-28,1.4771,1.4880900000000001,1.47705,1.48232,71480,8,14575658000,0.0035271577607627336,1
2011-04-29,1.48231,1.48772,1.48034,1.48062,49280,8,0,-0.0011468508824006296,-1
2011-05-02,1.4824899999999999,1.4901200000000001,1.47632,1.48218,65803,7,0,0.0010536126757709763,1
2011-05-03,1.48225,1.48885,1.47542,1.48205,67531,9,0,-8.770864537366307e-05,-1
2011-05-04,1.48205,1.4938500000000001,1.47748,1.48285,73499,9,0,0.0005397928544921271,1
2011-05-05,1.4828000000000001,1.48989,1.45096,1.4540899999999999,79035,10,0,-0.0193950837913478,-1
2011-05-06,1.45411,1.45873,1.43117,1.43149,89714,10,0,-0.015542366703574007,-1
2011-05-09,1.43656,1.44407,1.42548,1.43567,87290,9,0,0.0029200343697826092,1
2011-05-10,1.43566,1.4411800000000001,1.427,1.44101,88979,9,0,0.003719517716466836,1
2011-05-11,1.44102,1.44224,1.4172,1.41997,76054,8,0,-0.014600870222968632,-1
2011-05-12,1.41993,1.4276,1.41229,1.42402,68235,8,0,0.002852172933231145,1
2011-05-13,1.42405,1.43388,1.40672,1.4117,56326,9,0,-0.008651563882529856,-1
2011-05-16,1.40753,1.4243700000000001,1.40478,1.41604,66876,7,0,0.0030743075724304347,1
2011-05-17,1.41605,1.42379,1.41202,1.42354,61456,8,0,0.005296460551961868,1
2011-05-18,1.42351,1.42862,1.41946,1.42504,35193,8,0,0.0010537111707433766,1
2011-05-19,1.42499,1.43246,1.42058,1.4308,36135,8,0,0.004041991803738876,1
2011-05-20,1.4307699999999999,1.43451,1.41321,1.41573,35440,8,0,-0.01053256919206047,-1
2011-05-23,1.41318,1.41429,1.39692,1.40465,40286,8,0,-0.007826351069766146,-1
2011-05-24,1.40476,1.41327,1.4002,1.41022,38134,8,0,0.003965400633609839,1
2011-05-25,1.4102299999999999,1.41177,1.4013,1.40814,52747,8,0,-0.0014749471713634277,-1
2011-05-26,1.40815,1.42062,1.40674,1.41347,121309,8,0,0.003785135000781148,1
2011-05-27,1.41346,1.43216,1.41242,1.43173,93816,8,0,0.012918562120172394,1
2011-05-30,1.43099,1.43099,1.42567,1.4285700000000001,56185,7,0,-0.002207120057552636,-1
2011-05-31,1.42854,1.4423599999999999,1.42844,1.43945,76025,8,0,0.0076160076160074475,1
2011-06-01,1.43947,1.4457900000000001,1.43075,1.4329399999999999,80961,8,0,-0.004522560700267464,-1
2011-06-02,1.4329100000000001,1.45121,1.43239,1.44906,72620,7,0,0.011249598727092636,1
2011-06-03,1.44907,1.4642,1.44524,1.46327,56239,8,0,0.009806357224683593,1
2011-06-06,1.46269,1.46571,1.4557,1.45777,69705,8,0,-0.003758704818659586,-1
2011-06-07,1.45773,1.46955,1.45634,1.46871,60283,8,0,0.0075046132105887065,1
2011-06-08,1.46872,1.46932,1.4564,1.4577499999999999,57299,8,0,-0.0074623308890114926,-1
2011-06-09,1.45776,1.46455,1.44775,1.45118,47895,8,0,-0.004506945635396997,-1
2011-06-10,1.45127,1.4550100000000001,1.4322300000000001,1.43458,48621,6,0,-0.011438966909687265,-1
2011-06-13,1.4327,1.44295,1.43208,1.44157,81129,8,0,0.004872506238759788,1
2011-06-14,1.4416,1.44971,1.43785,1.44425,74697,8,0,0.0018590841929284618,1
2011-06-15,1.44427,1.44506,1.4156,1.41622,75794,7,0,-0.019407997230396434,-1
2011-06-16,1.41628,1.42184,1.40731,1.42149,98789,8,0,0.0037211732640407558,1
2011-06-17,1.42147,1.4338199999999999,1.4127399999999999,1.42858,83098,8,0,0.004987724148604711,1
2011-06-20,1.42747,1.43265,1.4191,1.43078,80630,8,0,0.0015399907600555096,1
2011-06-21,1.4307699999999999,1.44315,1.43067,1.43977,80988,7,0,0.006283286039782565,1
2011-06-22,1.43978,1.44407,1.4332,1.4335,83539,8,0,-0.004354862234940304,-1
2011-06-23,1.43358,1.43372,1.41265,1.42634,82159,6,0,-0.0049947680502268055,-1
2011-06-24,1.42637,1.43055,1.4141599999999999,1.41865,78903,6,0,-0.005391421400227192,-1
2011-06-27,1.41875,1.42924,1.4102299999999999,1.42872,82561,7,0,0.0070982976773692474,1
2011-06-28,1.4287,1.43959,1.42366,1.43672,79870,7,0,0.005599417660563377,1
2011-06-29,1.43668,1.44466,1.4338,1.44342,70381,6,0,0.004663399966590598,1
2011-06-30,1.44342,1.45364,1.44268,1.44906,73936,7,0,0.003907386623436038,1
2011-07-01,1.44908,1.4550100000000001,1.44359,1.4524599999999999,67242,7,0,0.0023463486674117906,1
2011-07-04,1.45366,1.45769,1.44953,1.45388,61750,5,0,0.0009776517081365732,1
2011-07-05,1.45391,1.4553,1.44025,1.44231,76518,6,0,-0.007958015792224993,-1
2011-07-06,1.4423,1.44657,1.42858,1.43158,76199,7,0,-0.007439454763539022,-1
2011-07-07,1.43157,1.43733,1.42214,1.43577,73025,6,0,0.0029268360832086504,1
2011-07-08,1.43578,1.43679,1.42059,1.42632,79165,7,0,-0.006581834137779685,-1
2011-07-11,1.42236,1.42266,1.39858,1.40469,91629,7,0,-0.015164899882214367,-1
2011-07-12,1.40465,1.40607,1.38371,1.3971,108622,7,0,-0.005403327424556292,-1
2011-07-13,1.39712,1.4238,1.39512,1.4238,99713,7,0,0.01911101567532736,1
2011-07-14,1.42382,1.42808,1.41156,1.4145400000000001,96044,7,0,-0.006503722432925851,-1
2011-07-15,1.4145400000000001,1.4197899999999999,1.40919,1.41566,78557,7,0,0.0007917768320442331,1
2011-07-18,1.41208,1.41339,1.40138,1.41035,155099,8,0,-0.0037509006399841782,-1
2011-07-19,1.41035,1.4216,1.40687,1.41537,110672,7,0,0.0035594001488992166,1
2011-07-20,1.41533,1.42391,1.41331,1.42208,72833,7,0,0.004740809823579717,1
2011-07-21,1.42202,1.44375,1.41388,1.44193,88744,7,0,0.013958427092709114,1
2011-07-22,1.44193,1.44369,1.43241,1.4358,73399,7,0,-0.004251246593107827,-1
2011-07-25,1.43997,1.4405999999999999,1.43247,1.43772,74980,5,0,0.001337233597994203,1
2011-07-26,1.43768,1.45244,1.43571,1.45137,78968,6,0,0.009494199148651905,1
2011-07-27,1.45134,1.4535,1.4339,1.43674,76808,6,7081862000,-0.01008013118639639,-1
2011-07-28,1.43674,1.4399899999999999,1.42544,1.43273,88495,7,34997499000,-0.0027910408285423127,-1
2011-07-29,1.43273,1.44128,1.42293,1.43945,82935,7,0,0.004690346401624801,1
2011-08-01,1.43607,1.44526,1.41843,1.42533,86600,7,0,-0.009809302164020872,-1
2011-08-02,1.42535,1.42822,1.4151,1.41919,86356,7,0,-0.0043077743399774215,-1
2011-08-03,1.41903,1.4365999999999999,1.41425,1.4363000000000001,88352,7,0,0.01205617288735139,1
2011-08-04,1.43631,1.43671,1.40862,1.4092,106316,8,46180586000,-0.018867924528301994,-1
2011-08-05,1.40921,1.42972,1.40553,1.42804,108678,7,0,0.013369287539029218,1
2011-08-08,1.43705,1.44006,1.41303,1.41628,119420,7,0,-0.008235063443601032,-1
2011-08-09,1.4163000000000001,1.43967,1.41521,1.4391,129294,6,0,0.016112633095150652,1
2011-08-10,1.4391,1.44006,1.41608,1.41615,107593,4,0,-0.015947467166979368,-1
2011-08-11,1.41614,1.42912,1.41039,1.42353,118172,8,0,0.005211312360978715,1
2011-08-12,1.42357,1.42899,1.41495,1.42479,93555,4,0,0.0008851236011886421,1
2011-08-15,1.42639,1.44748,1.42635,1.44482,88724,6,0,0.014058212087395328,1
2011-08-16,1.44483,1.44709,1.4353799999999999,1.43988,95147,6,0,-0.003419111031131905,-1
2011-08-17,1.4399,1.45167,1.4325,1.4425,92149,6,0,0.001819596077450747,1
2011-08-18,1.44244,1.44508,1.4271099999999999,1.4322300000000001,93938,6,0,-0.007119584055459094,-1
2011-08-19,1.43221,1.44507,1.42585,1.4395,97672,7,0,0.005076000363070099,1
2011-08-22,1.43735,1.44339,1.4346999999999999,1.43571,85245,6,0,-0.002632858631469226,-1
2011-08-23,1.4357,1.44987,1.43527,1.44346,85962,6,0,0.005398026063759387,1
2011-08-24,1.44347,1.44806,1.43798,1.44081,84902,4,0,-0.0018358665983123634,-1
2011-08-25,1.4408,1.4473799999999999,1.43283,1.43709,79829,7,0,-0.0025818810252565827,-1
2011-08-26,1.4371,1.45008,1.4329100000000001,1.44984,82280,6,0,0.008872095693380322,1
2011-08-29,1.44916,1.45482,1.44657,1.45228,75191,7,30329667000,0.0016829443248909115,1
2011-08-30,1.45228,1.45328,1.43841,1.44308,96072,8,122467509000,-0.00633486655465898,-1
2011-08-31,1.44308,1.44688,1.43584,1.4372500000000001,93216,8,98660437316,-0.004039970064029563,-1
2011-09-01,1.4372500000000001,1.43767,1.42262,1.42615,83686,6,0,-0.007723082275178372,-1
2011-09-02,1.42614,1.4287,1.41839,1.4203700000000001,80132,6,0,-0.004052869613995647,-1
2011-09-05,1.41571,1.41726,1.40584,1.40636,82639,7,0,-0.009863627083084081,-1
2011-09-06,1.40637,1.42544,1.39733,1.4001000000000001,100638,7,0,-0.004451207372223265,-1
2011-09-07,1.40007,1.41476,1.40001,1.40838,94976,7,0,0.005913863295478716,1
2011-09-08,1.40839,1.40888,1.3872,1.39015,97398,6,0,-0.012943949786279219,-1
2011-09-09,1.39015,1.3936,1.36272,1.36532,104141,7,0,-0.017861381865266313,-1
2011-09-12,1.3578299999999999,1.3692,1.34989,1.36604,117773,7,0,0.0005273488998913667,1
2011-09-13,1.36603,1.37385,1.35582,1.36782,111128,6,0,0.001303036514304301,1
2011-09-14,1.36782,1.37826,1.3590900000000001,1.37406,113708,7,0,0.004562003772426104,1
2011-09-15,1.37401,1.39359,1.37031,1.3881000000000001,105969,7,0,0.010217894415091022,1
2011-09-16,1.38809,1.38835,1.3753600000000001,1.37941,95834,7,0,-0.006260355882141133,-1
2011-09-19,1.36761,1.37196,1.35868,1.36742,101440,7,0,-0.008692121994185897,-1
2011-09-20,1.36745,1.37432,1.35927,1.3700700000000001,112022,6,0,0.0019379561509997867,1
2011-09-21,1.37004,1.37953,1.35578,1.3587099999999999,112465,4,0,-0.008291547147226241,-1
2011-09-22,1.35865,1.36001,1.33856,1.34549,124341,4,0,-0.009729817253129602,-1
2011-09-23,1.34549,1.35663,1.34188,1.34974,119062,7,0,0.0031587005477557994,1
2011-09-26,1.3507799999999999,1.35492,1.33624,1.3526799999999999,124551,7,0,0.002178197282439509,1
2011-09-27,1.3526799999999999,1.3666800000000001,1.34793,1.35849,112088,7,0,0.004295176981991444,1
2011-09-28,1.35849,1.3689200000000001,1.35228,1.35245,109597,4,0,-0.004446112963658266,-1
2011-09-29,1.35247,1.36774,1.35194,1.35824,114179,6,0,0.004281119449887294,1
2011-09-30,1.35831,1.36001,1.33837,1.33846,104660,4,0,-0.014562963835551779,-1
2011-10-03,1.33447,1.33808,1.31635,1.3189899999999999,112427,7,0,-0.014546568444331665,-1
2011-10-04,1.31901,1.33681,1.31458,1.33365,122484,7,0,0.01111456493225882,1
2011-10-05,1.3336299999999999,1.33826,1.32599,1.33472,113635,4,0,0.0008023094515052787,1
2011-10-06,1.33466,1.345,1.32417,1.34274,107650,7,0,0.006008750899065163,1
2011-10-07,1.34275,1.35241,1.3360699999999999,1.33755,119619,2,0,-0.003865230796729069,-1
2011-10-10,1.33863,1.36975,1.33774,1.36349,94215,6,0,0.019393667526447667,1
2011-10-11,1.36353,1.36828,1.35654,1.36489,100139,7,0,0.0010267768740510608,1
2011-10-12,1.36493,1.3832499999999999,1.35824,1.37759,102879,7,0,0.00930477913971095,1
2011-10-13,1.37759,1.38251,1.36852,1.37716,103352,7,0,-0.00031213931576168363,-1
2011-10-14,1.37716,1.38936,1.37231,1.3878,97421,6,0,0.0077260449040053025,1
2011-10-17,1.38782,1.39137,1.37241,1.3734600000000001,97300,7,0,-0.010332900994379446,-1
2011-10-18,1.3734899999999999,1.38163,1.36526,1.37331,106548,6,0,-0.00010921322790624632,-1
2011-10-19,1.37336,1.38681,1.37247,1.37579,104641,7,0,0.001805855924736699,1
2011-10-20,1.37578,1.38412,1.36565,1.37759,109672,7,0,0.0013083392087456236,1
2011-10-21,1.37759,1.39004,1.37043,1.38917,101192,7,0,0.008405984363997865,1
2011-10-24,1.38686,1.39557,1.38222,1.39314,102017,7,0,0.0028578215769128335,1
2011-10-25,1.39316,1.39588,1.38492,1.39079,104531,7,0,-0.0016868369295262031,-1
2011-10-26,1.39081,1.3974,1.37997,1.38941,105800,6,0,-0.0009922418193976101,-1
2011-10-27,1.38943,1.4245999999999999,1.38641,1.41844,113922,6,0,0.020893760661000016,1
2011-10-28,1.41843,1.42001,1.41331,1.41453,96320,6,0,-0.002756549448689971,-1
2011-10-31,1.41501,1.41695,1.38287,1.38594,107043,6,0,-0.02021166041017164,-1
2011-11-01,1.38592,1.38702,1.3608500000000001,1.3696,114733,6,0,-0.011789832171666847,-1
2011-11-02,1.36963,1.38265,1.36362,1.37473,111203,6,0,0.0037456191588784993,1
2011-11-03,1.37473,1.38541,1.36563,1.38128,111165,6,0,0.0047645719523106145,1
2011-11-04,1.38128,1.38655,1.37111,1.3789799999999999,99631,6,0,-0.0016651222054906434,-1
2011-11-07,1.3816,1.38166,1.36814,1.37643,98464,6,0,-0.0018491928816950498,-1
2011-11-08,1.37647,1.38464,1.37242,1.38287,94554,5,0,0.004678770442376301,1
2011-11-09,1.38283,1.3858,1.35218,1.35227,109069,7,0,-0.02212789343900723,-1
2011-11-10,1.3523800000000001,1.36518,1.34837,1.36082,107189,5,0,0.006322701827297772,1
2011-11-11,1.36086,1.37944,1.35778,1.37672,85393,6,0,0.011684131626519267,1
2011-11-14,1.37759,1.37919,1.35914,1.3620999999999999,98914,6,0,-0.010619443314544785,-1
2011-11-15,1.3620999999999999,1.36402,1.34961,1.35252,101149,6,0,-0.0070332574700828765,-1
2011-11-16,1.35249,1.3556,1.34286,1.34547,108063,6,0,-0.005212492236713717,-1
2011-11-17,1.34552,1.35392,1.34213,1.34688,112227,6,0,0.0010479609355840136,1
2011-11-18,1.34683,1.36136,1.3447,1.35222,101063,4,0,0.003964718460441885,1
2011-11-21,1.35214,1.35398,1.343,1.34855,100507,6,0,-0.0027140554051855448,-1
2011-11-22,1.34854,1.35678,1.34687,1.35157,96054,4,0,0.0022394423640206274,1
2011-11-23,1.3516,1.35304,1.33201,1.33464,98239,6,0,-0.012526173265165585,-1
2011-11-24,1.33459,1.34109,1.3316,1.334,79708,7,0,-0.00047953006054068936,-1
2011-11-25,1.33401,1.33441,1.32119,1.32375,85351,6,0,-0.007683658170914653,-1
2011-11-28,1.33095,1.33981,1.32725,1.33121,94847,4,0,0.005635505193578805,1
2011-11-29,1.33121,1.34412,1.3285,1.33321,94820,7,0,0.001502392560152055,1
2011-11-30,1.33318,1.35302,1.32587,1.34392,92600,4,0,0.008033243074984542,1
2011-12-01,1.34392,1.3519999999999999,1.34177,1.34599,89678,6,0,0.001540270254181797,1
2011-12-02,1.34601,1.35449,1.33625,1.33898,72990,6,0,-0.005208062467031649,-1
2011-12-05,1.34094,1.34851,1.33748,1.3394300000000001,82004,4,0,0.0003360767151114885,1
2011-12-06,1.33939,1.34271,1.3333300000000001,1.34021,86817,5,0,0.0005823372628652734,1
2011-12-07,1.34018,1.3453,1.33508,1.34158,82663,5,0,0.0010222278598130963,1
2011-12-08,1.34155,1.34569,1.32882,1.33433,84746,6,0,-0.005404075791231255,-1
2011-12-09,1.3343,1.34327,1.3281,1.33842,82663,5,0,0.0030652087564544406,1
2011-12-12,1.33636,1.33759,1.31623,1.31665,81427,7,0,-0.016265447318479898,-1
2011-12-13,1.31665,1.32356,1.3008600000000001,1.30335,86806,6,0,-0.010101393688527804,-1
2011-12-14,1.30334,1.3063500000000001,1.29462,1.29829,92199,8,0,-0.003882303295354328,-1
2011-12-15,1.29829,1.3048899999999999,1.29566,1.30197,82393,7,0,0.0028344976854171033,1
2011-12-16,1.30195,1.30834,1.2995,1.30419,75805,8,0,0.0017051084126360472,1
2011-12-19,1.30328,1.3043,1.29828,1.29961,66031,3,0,-0.003511758256082298,-1
2011-12-20,1.29951,1.31314,1.2995,1.30805,64887,4,0,0.0064942559690983614,1
2011-12-21,1.30811,1.31956,1.30254,1.30438,83421,3,0,-0.002805703145904115,-1
2011-12-22,1.30438,1.31183,1.30171,1.30507,73989,5,0,0.0005289869516551526,1
2011-12-23,1.30503,1.30946,1.30259,1.30451,61183,5,0,-0.0004290957573156451,-1
2011-12-26,1.30487,1.30813,1.30487,1.3054000000000001,21539,5,0,0.000682248507102301,1
2011-12-27,1.30537,1.30824,1.30422,1.30676,51089,6,0,0.001041826260149925,1
2011-12-28,1.30677,1.3079100000000001,1.29116,1.29362,66973,5,0,-0.01005540420582196,-1
2011-12-29,1.29362,1.29641,1.28577,1.29505,75936,6,0,0.0011054250861921577,1
2011-12-30,1.29501,1.29981,1.29039,1.29565,71042,5,0,0.00046330257519011653,1
2012-01-02,1.29443,1.29681,1.29168,1.29338,40489,5,0,-0.001752016362443598,-1
2012-01-03,1.29337,1.30762,1.2931599999999999,1.3050899999999999,82261,5,0,0.00905379702794229,1
2012-01-04,1.3050899999999999,1.30719,1.28974,1.29361,80553,5,0,-0.00879632822257459,-1
2012-01-05,1.29359,1.29434,1.27702,1.27904,92272,5,0,-0.011263054552763219,-1
2012-01-06,1.27907,1.28121,1.26972,1.27188,78126,6,0,-0.005597948461346092,-1
2012-01-09,1.26923,1.27848,1.26661,1.27686,81621,5,0,0.003915463722993007,1
2012-01-10,1.27682,1.28174,1.27424,1.27708,76875,6,0,0.00017229766771609256,1
2012-01-11,1.27708,1.27893,1.26619,1.27075,83512,6,0,-0.0049566197888933905,-1
2012-01-12,1.2708,1.28442,1.26994,1.28136,84400,5,0,0.008349399960653203,1
2012-01-13,1.28135,1.28778,1.26241,1.26754,90371,5,0,-0.010785415496035622,-1
2012-01-16,1.26383,1.2687300000000001,1.26254,1.2650000000000001,71891,5,0,-0.0020038815343104144,-1
2012-01-17,1.26501,1.2808,1.26488,1.27401,88013,5,0,0.007122529644268738,1
2012-01-18,1.27402,1.28673,1.27337,1.2852999999999999,90963,5,0,0.008861782874545643,1
2012-01-19,1.28529,1.2971300000000001,1.2839,1.29666,86901,5,0,0.008838403485567525,1
2012-01-20,1.29664,1.29854,1.28873,1.29298,76943,5,0,-0.0028380608640660165,-1
2012-01-23,1.28808,1.30521,1.28807,1.3013,80895,4,0,0.006434747637241056,1
2012-01-24,1.30131,1.30618,1.29534,1.3030300000000001,76125,4,0,0.0013294397909784372,1
2012-01-25,1.30302,1.31199,1.29307,1.30987,82577,5,0,0.005249303546349671,1
2012-01-26,1.3099,1.31832,1.30896,1.31045,76345,5,0,0.000442792032796957,1
2012-01-27,1.31044,1.3233,1.3077,1.32189,83190,5,0,0.008729825632416421,1
2012-01-30,1.32148,1.32206,1.3076699999999999,1.31403,80908,5,0,-0.005946031818078623,-1
2012-01-31,1.3140399999999999,1.32126,1.30427,1.3087900000000001,85860,5,0,-0.003987732395759558,-1
2012-02-01,1.30881,1.32168,1.30257,1.31698,87590,5,0,0.006257688399208261,1
2012-02-02,1.31697,1.31959,1.30854,1.31446,83784,4,0,-0.0019134686935261547,-1
2012-02-03,1.31445,1.31989,1.30657,1.31561,80714,4,0,0.0008748839827761312,1
2012-02-06,1.31211,1.31409,1.30278,1.3123,83160,5,0,-0.0025159431746489824,-1
2012-02-07,1.31229,1.3269199999999999,1.30891,1.32613,88933,5,0,0.010538748761716121,1
2012-02-08,1.32612,1.32878,1.32207,1.32508,83107,5,0,-0.0007917775783671255,-1
2012-02-09,1.32507,1.33199,1.32148,1.32847,87966,6,0,0.0025583361004619665,1
2012-02-10,1.32846,1.32901,1.31551,1.3195700000000001,83812,5,0,-0.006699436193515762,-1
2012-02-13,1.3237999999999999,1.32833,1.31685,1.31731,80614,5,0,-0.0017126791303229139,-1
2012-02-14,1.3173,1.32154,1.308,1.31278,88156,5,0,-0.003438826092567404,-1
2012-02-15,1.31277,1.31902,1.30442,1.30592,92272,5,0,-0.005225551882265145,-1
2012-02-16,1.30592,1.31572,1.29745,1.31303,91906,5,0,0.0054444376378337545,1
2012-02-17,1.31303,1.31964,1.31148,1.31418,74619,6,0,0.0008758368049472942,1
2012-02-20,1.32026,1.32762,1.31821,1.32332,68034,5,0,0.006954907242539221,1
2012-02-21,1.3233,1.32922,1.3186499999999999,1.3232,89333,4,0,-9.068101441833676e-05,-1
2012-02-22,1.32318,1.32652,1.3211,1.32476,81678,5,0,0.0011789600967351266,1
2012-02-23,1.32476,1.33776,1.32309,1.33738,76951,5,0,0.009526253812011332,1
2012-02-24,1.3373599999999999,1.34856,1.33569,1.34478,72768,5,0,0.005533206717612149,1
2012-02-27,1.34595,1.34707,1.33662,1.33939,81655,5,0,-0.004008090542691023,-1
2012-02-28,1.33938,1.34703,1.33896,1.34583,84016,5,0,0.004808158938023999,1
2012-02-29,1.34584,1.34851,1.33145,1.33232,87549,5,0,-0.01003841495582658,-1
2012-03-01,1.33227,1.33559,1.32825,1.33161,81634,5,0,-0.000532905007805895,-1
2012-03-02,1.3316,1.3332,1.31876,1.31979,76894,5,0,-0.00887647284114712,-1
2012-03-05,1.3195299999999999,1.32394,1.316,1.32158,77212,5,0,0.0013562763773025122,1
2012-03-06,1.32157,1.32252,1.3103,1.31134,81954,5,0,-0.0077483012757457725,-1
2012-03-07,1.31135,1.31636,1.30961,1.31503,76652,5,0,0.0028139155367792323,1
2012-03-08,1.31503,1.32904,1.31349,1.3276,78295,5,0,0.009558717291620722,1
2012-03-09,1.32759,1.32766,1.30966,1.3122099999999999,74656,5,0,-0.01159234709249779,-1
2012-03-12,1.3115999999999999,1.31581,1.30786,1.31547,70958,5,0,0.0024843584487239667,1
2012-03-13,1.31547,1.31905,1.3051599999999999,1.30816,74602,5,0,-0.005556949227272345,-1
2012-03-14,1.30816,1.30901,1.30106,1.3029899999999999,71912,5,0,-0.0039521159491194835,-1
2012-03-15,1.303,1.3118400000000001,1.30032,1.30715,75314,5,0,0.0031926568891551543,1
2012-03-16,1.30715,1.3186200000000001,1.30484,1.31735,66309,5,0,0.0078032360478903495,1
2012-03-19,1.3179699999999999,1.32642,1.31415,1.32345,61597,5,0,0.004630508217254414,1
2012-03-20,1.32345,1.32512,1.3172,1.3229,66865,5,0,-0.00041558049038503686,-1
2012-03-21,1.3228900000000001,1.3284,1.3178,1.32121,69814,5,0,-0.0012774964094035557,-1
2012-03-22,1.3212,1.3254000000000001,1.3134299999999999,1.3197999999999999,74565,5,0,-0.0010672035482627296,-1
2012-03-23,1.31981,1.32916,1.31906,1.3269,68511,5,0,0.005379602970147168,1
2012-03-26,1.3268,1.33667,1.3191899999999999,1.33561,70754,5,0,0.006564172130529844,1
2012-03-27,1.3356,1.3384800000000001,1.3312599999999999,1.33181,66203,5,0,-0.002845141920171379,-1
2012-03-28,1.3317999999999999,1.3372,1.3277,1.3314599999999999,71717,5,0,-0.0002628002492848225,-1
2012-03-29,1.33147,1.33449,1.32518,1.32987,71149,5,0,-0.0011941778198366615,-1
2012-03-30,1.32988,1.33755,1.32975,1.33408,68332,5,0,0.0031657229654025176,1
2012-04-02,1.33562,1.33801,1.32781,1.33167,67768,5,0,-0.001806488366514758,-1
2012-04-03,1.33166,1.3367,1.32128,1.32347,75163,5,0,-0.006157681707930629,-1
2012-04-04,1.32346,1.32372,1.3106900000000001,1.31393,79404,5,0,-0.0072083235736358775,-1
2012-04-05,1.31396,1.31636,1.30346,1.3063500000000001,70589,5,0,-0.005768952683932849,-1
2012-04-06,1.30634,1.31115,1.30506,1.30911,40496,5,0,0.0021127569181305095,1
2012-04-09,1.30961,1.3133,1.3033000000000001,1.31088,48962,5,0,0.0013520636157389188,1
2012-04-10,1.31086,1.31436,1.30538,1.30815,79254,5,0,-0.002082570487001223,-1
2012-04-11,1.30815,1.31564,1.30659,1.3109600000000001,75140,5,0,0.002148071704315413,1
2012-04-12,1.31095,1.32122,1.31018,1.31864,76970,5,0,0.005858302312808927,1
2012-04-13,1.31863,1.32001,1.30691,1.3076400000000001,72950,5,0,-0.008341928047078784,-1
2012-04-16,1.3069,1.31466,1.29945,1.3131300000000001,82170,5,0,0.004198403230246894,1
2012-04-17,1.31314,1.31717,1.30899,1.31271,74122,5,0,-0.0003198464736926532,-1
2012-04-18,1.31271,1.31402,1.3057699999999999,1.31181,75476,5,0,-0.0006856045889801488,-1
2012-04-19,1.31182,1.3164799999999999,1.30697,1.3134299999999999,78863,5,0,0.0012349349372240415,1
2012-04-20,1.3134299999999999,1.3226200000000001,1.31284,1.3216999999999999,70194,5,0,0.006296490867423454,1
2012-04-23,1.3192,1.32098,1.31042,1.31554,68704,5,0,-0.004660664295982442,-1
2012-04-24,1.3155299999999999,1.3217400000000001,1.31445,1.31944,68753,5,0,0.002964562080970623,1
2012-04-25,1.31945,1.32356,1.3173,1.32224,72000,5,0,0.0021221124113262047,1
2012-04-26,1.32222,1.32623,1.31806,1.3191899999999999,70652,5,0,-0.0023066916747339627,-1
2012-04-27,1.31918,1.32695,1.31572,1.32514,73480,5,0,0.00451034346834045,1
2012-04-30,1.32408,1.3266,1.32078,1.32417,63196,5,0,-0.0007319981284995558,-1
2012-05-01,1.32416,1.32828,1.32039,1.32378,50158,5,0,-0.0002945241169941548,-1
2012-05-02,1.32376,1.32408,1.3123,1.31538,68200,5,0,-0.006345465258577709,-1
2012-05-03,1.31539,1.31795,1.30963,1.31513,62752,5,0,-0.0001900591464064627,-1
2012-05-04,1.31513,1.31775,1.30799,1.30832,62146,5,0,-0.005178195311490108,-1
2012-05-07,1.3024499999999999,1.3064,1.29546,1.30573,76110,5,0,-0.0019796380090496557,-1
2012-05-08,1.3057400000000001,1.30645,1.29821,1.29985,78330,5,0,-0.004503228079312027,-1
2012-05-09,1.29987,1.30053,1.2911000000000001,1.2934,85681,5,0,-0.004962111012809078,-1
2012-05-10,1.29341,1.29783,1.29244,1.29314,76964,5,0,-0.00020102056595028284,-1
2012-05-11,1.2931300000000001,1.29569,1.29044,1.29162,74604,5,0,-0.0011754334410813971,-1
2012-05-14,1.28872,1.29038,1.28207,1.28256,71904,5,0,-0.0070144469735681225,-1
2012-05-15,1.28257,1.28689,1.27215,1.27337,74081,5,0,-0.007165356786427157,-1
2012-05-16,1.27336,1.27579,1.26807,1.27158,81600,5,0,-0.0014057186834933733,-1
2012-05-17,1.27161,1.27488,1.2664900000000001,1.2681200000000001,78698,5,0,-0.002721024237562597,-1
2012-05-18,1.26813,1.27933,1.26417,1.27783,84062,5,0,0.007657004069015372,1
2012-05-21,1.27767,1.2823,1.27248,1.2806899999999999,82078,5,0,0.0022381693965549676,1
2012-05-22,1.28073,1.28168,1.26575,1.26798,81623,5,0,-0.009924337661729066,-1
2012-05-23,1.26799,1.26864,1.25449,1.2586300000000001,95304,5,0,-0.007373933342797234,-1
2012-05-24,1.25864,1.2618800000000001,1.25156,1.2536,92714,5,0,-0.003996408793688455,-1
2012-05-25,1.25359,1.2601499999999999,1.24964,1.25153,80013,5,0,-0.0016512444160816653,-1
2012-05-28,1.2570700000000001,1.26235,1.25244,1.25394,65679,5,0,0.0019256430129521718,1
2012-05-29,1.25393,1.2574,1.24609,1.24864,86677,5,0,-0.0042266775124807365,-1
2012-05-30,1.24865,1.24932,1.23608,1.23675,91346,5,0,-0.009522360328036883,-1
2012-05-31,1.23676,1.24278,1.23362,1.23597,90493,5,0,-0.0006306852637962823,-1
2012-06-01,1.23594,1.24537,1.22882,1.24325,95563,5,0,0.005890110601389997,1
2012-06-04,1.24371,1.25087,1.23854,1.24943,81685,5,0,0.004970842549768761,1
2012-06-05,1.24943,1.25411,1.24099,1.2450700000000001,83091,5,0,-0.0034895912536115903,-1
2012-06-06,1.2450700000000001,1.25848,1.24404,1.2577,91707,5,0,0.01014400796742354,1
2012-06-07,1.2577,1.26243,1.25397,1.25631,89930,5,0,-0.0011051920171741836,-1
2012-06-08,1.2563,1.25742,1.24352,1.2516,90408,5,0,-0.0037490746710604483,-1
2012-06-11,1.26478,1.26677,1.24637,1.24653,89699,5,0,-0.004050814956855331,-1
2012-06-12,1.24652,1.2528000000000001,1.24423,1.25045,89863,5,0,0.003144729769841259,1
2012-06-13,1.25045,1.26094,1.24733,1.25659,89681,5,0,0.004910232316366114,1
2012-06-14,1.25657,1.2635399999999999,1.25419,1.26281,87456,5,0,0.004949904105555403,1
2012-06-15,1.2628,1.26643,1.25919,1.26361,80996,5,0,0.000633507811943046,1
2012-06-18,1.27371,1.27468,1.25569,1.25767,93228,5,0,-0.004700817499070031,-1
2012-06-19,1.25766,1.27297,1.25682,1.26877,88455,5,0,0.008825844617427414,1
2012-06-20,1.26878,1.2741799999999999,1.2638099999999999,1.26974,88858,5,0,0.0007645199681582948,1
2012-06-21,1.26975,1.27009,1.25317,1.25474,92236,5,0,-0.011813442122009299,-1
2012-06-22,1.25475,1.25827,1.25191,1.25677,76329,5,0,0.0016178650557088226,1
2012-06-25,1.2554400000000001,1.25575,1.2471,1.25008,72487,5,0,-0.005323169712835196,-1
2012-06-26,1.25003,1.25298,1.24419,1.2490999999999999,82709,5,0,-0.0007839498272111944,-1
2012-06-27,1.24911,1.25074,1.24454,1.24686,77962,5,0,-0.0017932911696419973,-1
2012-06-28,1.24686,1.25236,1.24071,1.24403,87821,5,0,-0.002269701490143383,-1
2012-06-29,1.24402,1.26918,1.24331,1.26655,99444,5,0,0.018102457336238054,1
2012-07-02,1.26696,1.26703,1.2568,1.25846,75159,5,0,-0.006387430421223139,-1
2012-07-03,1.25845,1.26257,1.2558799999999999,1.26058,72204,5,0,0.0016845986364286691,1
2012-07-04,1.26057,1.26063,1.2508,1.25261,67460,5,0,-0.006322486474480082,-1
2012-07-05,1.25262,1.25375,1.23637,1.23901,82763,5,0,-0.010857329895178958,-1
2012-07-06,1.23899,1.24008,1.22598,1.22875,79040,5,0,-0.008280804836119149,-1
2012-07-09,1.22659,1.2323,1.22557,1.23135,73736,4,0,0.0021159715157679226,1
2012-07-10,1.23135,1.23331,1.22351,1.2251,76793,5,0,-0.0050757298899580805,-1
2012-07-11,1.22512,1.22957,1.2212399999999999,1.22422,76041,5,0,-0.0007183087094930762,-1
2012-07-12,1.22422,1.22475,1.2167,1.21989,79116,5,0,-0.0035369459737629727,-1
2012-07-13,1.21988,1.22554,1.21622,1.22485,73513,5,0,0.00406594037167296,1
2012-07-16,1.22498,1.22889,1.21753,1.22695,66899,5,0,0.0017144956525287913,1
2012-07-17,1.22693,1.23156,1.2189,1.22887,77830,5,0,0.0015648559435998965,1
2012-07-18,1.2288999999999999,1.23052,1.22166,1.22802,77059,5,0,-0.0006916923677851017,-1
2012-07-19,1.22804,1.23214,1.2229,1.22742,81345,5,0,-0.0004885913910196438,-1
2012-07-20,1.22741,1.22823,1.2144,1.21551,76812,5,0,-0.009703280050838203,-1
2012-07-23,1.21217,1.21438,1.20669,1.21153,86146,5,0,-0.00327434574787544,-1
2012-07-24,1.21152,1.21368,1.20418,1.20602,85876,5,0,-0.004547968271524372,-1
2012-07-25,1.20604,1.21681,1.20529,1.21479,86998,5,0,0.007271852871428397,1
2012-07-26,1.2147999999999999,1.23276,1.21172,1.22788,86590,5,0,0.010775524987858054,1
2012-07-27,1.22787,1.23889,1.22417,1.23211,88386,5,0,0.0034449620484084953,1
2012-07-30,1.2301199999999999,1.23099,1.22251,1.2254800000000001,71863,5,0,-0.005381013058898931,-1
2012-07-31,1.2254800000000001,1.23289,1.22487,1.22989,79110,5,0,0.003598589940268182,1
2012-08-01,1.22989,1.23357,1.2217500000000001,1.22287,75656,4,0,-0.005707827529291221,-1
2012-08-02,1.22286,1.24011,1.21337,1.21822,89237,5,0,-0.003802530113585112,-1
2012-08-03,1.2182,1.23918,1.21662,1.23848,81209,5,0,0.016630822019011227,1
2012-08-06,1.23945,1.2442199999999999,1.23413,1.2398,76390,5,0,0.0010658226212776345,1
2012-08-07,1.23978,1.24414,1.23756,1.23972,74947,5,0,-6.452653653821194e-05,-1
2012-08-08,1.23972,1.24016,1.23264,1.23645,74782,5,0,-0.0026376923821507248,-1
2012-08-09,1.2364600000000001,1.2386,1.22667,1.23037,77253,8,0,-0.004917303570706522,-1
2012-08-10,1.23037,1.23156,1.22409,1.22884,70941,8,0,-0.0012435283695149124,-1
2012-08-13,1.22864,1.23729,1.22604,1.23322,69134,6,0,0.0035643370984017597,1
2012-08-14,1.23321,1.23849,1.23166,1.23183,70319,7,0,-0.001127130601190407,-1
2012-08-15,1.23184,1.23429,1.2263600000000001,1.22861,62313,7,0,-0.0026139970612828467,-1
2012-08-16,1.22861,1.23718,1.22561,1.2355800000000001,68593,5,0,0.005673077705700136,1
2012-08-17,1.2355800000000001,1.23814,1.22886,1.23327,65877,5,0,-0.0018695673287039138,-1
2012-08-20,1.2338,1.23683,1.22948,1.23459,64261,5,0,0.0010703252329173907,1
2012-08-21,1.23459,1.24868,1.23457,1.24701,70294,5,0,0.010060019925643315,1
2012-08-22,1.24702,1.25367,1.2431,1.25297,74426,5,0,0.004779432402306272,1
2012-08-23,1.25298,1.25885,1.25232,1.2564,74036,5,0,0.002737495710192661,1
2012-08-24,1.2563900000000001,1.25675,1.2482199999999999,1.25109,62139,6,0,-0.004226361031518522,-1
2012-08-27,1.25118,1.25349,1.24894,1.2497099999999999,44369,4,0,-0.0011030381507326492,-1
2012-08-28,1.2497,1.25753,1.24647,1.25635,55731,5,0,0.005313232669979628,1
2012-08-29,1.25633,1.25723,1.25184,1.25305,51813,8,0,-0.002626656584550524,-1
2012-08-30,1.25305,1.25632,1.24875,1.2505600000000001,53033,8,0,-0.0019871513507041527,-1
2012-08-31,1.25057,1.2636,1.24929,1.25783,66431,5,0,0.005813395598771587,1
2012-09-03,1.25803,1.26098,1.25598,1.2587,49267,5,0,0.000691667395434914,1
2012-09-04,1.25872,1.26267,1.2555,1.25668,61072,5,0,-0.0016048303805512587,-1
2012-09-05,1.25667,1.26234,1.25012,1.26021,69681,5,0,0.002808988764045006,1
2012-09-06,1.2602,1.26501,1.25619,1.2631999999999999,69896,5,0,0.002372620436276396,1
2012-09-07,1.26321,1.28165,1.26262,1.2815400000000001,68179,7,0,0.014518682710576547,1
2012-09-10,1.28064,1.2808,1.27543,1.27579,58405,5,0,-0.004486789331585528,-1
2012-09-11,1.2757800000000001,1.28705,1.27565,1.28507,66823,5,0,0.007273924391945297,1
2012-09-12,1.28506,1.29358,1.28148,1.2898399999999999,72911,5,0,0.0037118600543160074,1
2012-09-13,1.28982,1.30008,1.28564,1.29862,73091,7,0,0.006807045835142578,1
2012-09-14,1.29862,1.31676,1.29795,1.3128600000000001,78937,6,0,0.010965486439451055,1
2012-09-17,1.31239,1.3170600000000001,1.30831,1.31134,68341,5,0,-0.0011577776762184966,-1
2012-09-18,1.3113299999999999,1.31182,1.30288,1.30434,71566,5,0,-0.005338051153781498,-1
2012-09-19,1.30433,1.30844,1.29929,1.3045499999999999,72340,5,0,0.00016100096600557556,1
2012-09-20,1.30453,1.30584,1.2920099999999999,1.29649,77052,5,0,-0.006178375685102155,-1
2012-09-21,1.2965,1.30471,1.29553,1.29788,72607,5,0,0.0010721255081025394,1
2012-09-24,1.29789,1.29798,1.28905,1.29304,61715,4,0,-0.003729158319721315,-1
2012-09-25,1.29304,1.297,1.28863,1.29036,69256,5,0,-0.0020726350306254915,-1
2012-09-26,1.29034,1.29122,1.28349,1.28734,67119,5,0,-0.0023404321274683726,-1
2012-09-27,1.28735,1.29272,1.28293,1.29139,69776,5,0,0.003146022029922202,1
2012-09-28,1.29139,1.2959100000000001,1.28382,1.28595,69494,6,0,-0.004212515196803546,-1
2012-10-01,1.28488,1.29382,1.28031,1.2886,64697,8,0,0.0020607333100042258,1
2012-10-02,1.2885900000000001,1.29669,1.28797,1.29163,59037,7,0,0.0023513891044544266,1
2012-10-03,1.2916,1.29362,1.28769,1.29085,60407,5,0,-0.0006038881103721527,-1
2012-10-04,1.29084,1.3031,1.29075,1.30164,65442,5,0,0.00835883332687759,1
2012-10-05,1.30163,1.30708,1.29934,1.3039100000000001,58605,5,0,0.0017439537813837003,1
2012-10-08,1.30231,1.30246,1.29373,1.29665,54357,5,0,-0.005567868948010202,-1
2012-10-09,1.29675,1.29902,1.28585,1.28837,60200,6,0,-0.006385686191339279,-1
2012-10-10,1.2883499999999999,1.29124,1.28352,1.2851,59630,5,0,-0.0025380907658515417,-1
2012-10-11,1.28511,1.29504,1.28253,1.29298,56964,5,0,0.006131818535522582,1
2012-10-12,1.29297,1.2991,1.29219,1.2950300000000001,54130,6,0,0.0015854846942722212,1
2012-10-15,1.29545,1.2978399999999999,1.28908,1.29456,54667,5,0,-0.00036292595538345296,-1
2012-10-16,1.29459,1.30983,1.29424,1.3097699999999999,57973,6,0,0.011749165739710854,1
2012-10-17,1.30975,1.31384,1.3082799999999999,1.31149,60653,5,0,0.001313207662414051,1
2012-10-18,1.31149,1.3128,1.30553,1.30682,60847,5,0,-0.0035608353857062847,-1
2012-10-19,1.30679,1.3076400000000001,1.30128,1.3023,55508,5,0,-0.003458777796483181,-1
2012-10-22,1.30231,1.30824,1.30154,1.30649,55092,5,0,0.0032173846271978945,1
2012-10-23,1.30649,1.30748,1.29515,1.2983799999999999,57374,5,0,-0.006207471928602604,-1
2012-10-24,1.2984,1.29962,1.2920099999999999,1.29698,57655,5,0,-0.001078266763197111,-1
2012-10-25,1.297,1.30224,1.29265,1.29416,55774,8,0,-0.0021742817930885394,-1
2012-10-26,1.2941500000000001,1.29556,1.28819,1.29385,51177,3,0,-0.0002395376151326234,-1
2012-10-29,1.29244,1.29356,1.28846,1.29032,33401,3,0,-0.002728291533021676,-1
2012-10-30,1.29031,1.29828,1.28853,1.2966199999999999,36521,3,0,0.0048825097650195826,1
2012-10-31,1.2966,1.30199,1.29458,1.29582,50680,2,0,-0.0006169887862287338,-1
2012-11-01,1.29581,1.2982,1.29243,1.29467,50951,8,0,-0.0008874689385871548,-1
2012-11-02,1.29466,1.2947600000000001,1.28207,1.28333,54714,4,0,-0.008758988777062826,-1
2012-11-05,1.28198,1.28418,1.2766899999999999,1.2796699999999999,55087,4,0,-0.0028519554596246888,-1
2012-11-06,1.27965,1.2826,1.2763200000000001,1.2809,58710,4,0,0.0009611853055866426,1
2012-11-07,1.28091,1.28757,1.27358,1.27705,75756,6,0,-0.003005699117807681,-1
2012-11-08,1.27705,1.2775400000000001,1.2717100000000001,1.27435,63599,7,0,-0.0021142476802004095,-1
2012-11-09,1.27438,1.27895,1.26895,1.27106,63401,5,0,-0.002581708321889642,-1
2012-11-12,1.27154,1.27385,1.2697,1.27069,47907,4,0,-0.00029109562097773267,-1
2012-11-13,1.27069,1.27261,1.26612,1.27017,61567,4,0,-0.0004092264832493697,-1
2012-11-14,1.2701799999999999,1.27758,1.2701500000000001,1.27324,64072,6,0,0.0024169992993063882,1
2012-11-15,1.27326,1.2801,1.27169,1.27801,59959,5,0,0.003746347899846292,1
2012-11-16,1.27801,1.27837,1.26905,1.2741799999999999,58031,6,0,-0.002996846660041963,-1
2012-11-19,1.27411,1.2818800000000001,1.27396,1.27808,56293,5,0,0.0030607920388017185,1
2012-11-20,1.27806,1.2827600000000001,1.27646,1.28134,58819,5,0,0.0025507010515772865,1
2012-11-21,1.28134,1.28324,1.27359,1.28268,60952,4,0,0.0010457801988543736,1
2012-11-22,1.28269,1.28983,1.28269,1.288,52556,5,0,0.0041475660336172115,1
2012-11-23,1.28799,1.2989600000000001,1.28677,1.29729,51348,6,0,0.007212732919254616,1
2012-11-26,1.29731,1.30053,1.2943500000000001,1.29934,53834,4,0,0.001580217222055147,1
2012-11-27,1.29931,1.30077,1.2915,1.29369,61254,4,0,-0.004348361475826179,-1
2012-11-28,1.29369,1.29606,1.28796,1.29496,59525,4,0,0.0009816880396387173,1
2012-11-29,1.2949899999999999,1.30125,1.29385,1.29765,53842,4,0,0.0020772842404397363,1
2012-11-30,1.29763,1.30267,1.29679,1.29848,58301,3,0,0.00063961777058541,1
2012-12-03,1.29934,1.30751,1.29882,1.30587,53932,4,0,0.005691269792372555,1
2012-12-04,1.30584,1.31073,1.30453,1.30935,55870,4,0,0.0026648900732844094,1
2012-12-05,1.30934,1.31253,1.30596,1.30701,54075,4,0,-0.0017871462939627047,-1
2012-12-06,1.30702,1.30857,1.295,1.29571,57791,4,0,-0.008645687485176135,-1
2012-12-07,1.29573,1.29718,1.28769,1.29261,53249,4,0,-0.0023925106698257093,-1
2012-12-10,1.28992,1.29458,1.2885499999999999,1.294,49425,4,0,0.0010753436844832542,1
2012-12-11,1.294,1.3014000000000001,1.29283,1.30078,51764,4,0,0.005239567233384923,1
2012-12-12,1.3008,1.3096,1.29951,1.30698,52652,4,0,0.004766370946662768,1
2012-12-13,1.307,1.30998,1.30405,1.30745,51960,4,0,0.0003596076451055641,1
2012-12-14,1.30748,1.31727,1.30657,1.31622,52693,4,0,0.006707713488087519,1
2012-12-17,1.31821,1.31863,1.31437,1.31593,47536,4,0,-0.00022032790870818442,-1
2012-12-18,1.3159399999999999,1.32376,1.31558,1.3223500000000001,46294,4,0,0.004878678957087379,1
2012-12-19,1.32237,1.33076,1.3188900000000001,1.31986,56575,3,0,-0.0018830113056301778,-1
2012-12-20,1.31988,1.32942,1.31988,1.32454,54315,4,0,0.0035458306183988597,1
2012-12-21,1.32461,1.32464,1.3157,1.31867,61536,4,0,-0.004431727241155481,-1
2012-12-24,1.3179,1.3232599999999999,1.3170600000000001,1.3187,32298,4,0,2.275019527253619e-05,1
2012-12-26,1.31867,1.32534,1.31826,1.32203,27835,4,0,0.0025252142261318333,1
2012-12-27,1.3220399999999999,1.32833,1.3201399999999999,1.32342,48243,3,0,0.0010514133567316453,1
2012-12-28,1.32344,1.32562,1.31654,1.32146,45173,4,0,-0.0014810113191578989,-1
2012-12-31,1.32157,1.32338,1.3171599999999999,1.31964,36556,4,0,-0.00137726454073539,-1
2013-01-01,1.32036,1.32192,1.31977,1.32053,1377,4,0,0.0006744263587039612,1
2013-01-02,1.32049,1.32992,1.31567,1.31888,83431,4,0,-0.001249498307497654,-1
2013-01-03,1.3188900000000001,1.3188900000000001,1.30246,1.30366,50519,4,0,-0.011540094625743014,-1
2013-01-04,1.3036400000000001,1.30884,1.29975,1.30677,49254,5,0,0.002385591335164028,1
2013-01-07,1.30779,1.31276,1.30165,1.3125200000000001,48815,4,0,0.004400162232068405,1
2013-01-08,1.31253,1.31388,1.30569,1.30802,50086,4,0,-0.003428519184469736,-1
2013-01-09,1.30804,1.30953,1.3036400000000001,1.3054000000000001,48758,5,0,-0.002003027476643937,-1
2013-01-10,1.30538,1.32789,1.30383,1.32668,53915,5,0,0.01630151677646685,1
2013-01-11,1.32669,1.33644,1.32481,1.33416,54809,3,0,0.0056381342901075104,1
2013-01-14,1.33621,1.3403100000000001,1.33357,1.33765,50048,4,0,0.0026158781555436494,1
2013-01-15,1.33762,1.3393,1.32664,1.32972,57596,5,0,-0.005928307105745101,-1
2013-01-16,1.32972,1.33242,1.32564,1.32901,53389,4,0,-0.0005339469963601129,-1
2013-01-17,1.32905,1.33871,1.32696,1.33743,54847,5,0,0.006335542998171517,1
2013-01-18,1.33741,1.33979,1.32798,1.33195,53787,4,0,-0.004097410705606985,-1
2013-01-21,1.33107,1.33315,1.32991,1.3315299999999999,37620,4,0,-0.000315327151920175,-1
2013-01-22,1.33149,1.33711,1.32667,1.33213,55080,4,0,0.00045060944928021485,1
2013-01-23,1.3321,1.33538,1.32642,1.33094,47766,4,0,-0.0008933062088535282,-1
2013-01-24,1.33095,1.33922,1.32859,1.3378999999999999,55147,4,0,0.005229386749214804,1
2013-01-25,1.3378999999999999,1.34785,1.335,1.34629,57450,4,0,0.006271021750504646,1
2013-01-28,1.34598,1.34765,1.34244,1.34447,50182,4,0,-0.0013518632686865262,-1
2013-01-29,1.34446,1.3496299999999999,1.3414,1.34867,53730,4,0,0.003123907562087691,1
2013-01-30,1.34866,1.35857,1.34816,1.35677,57285,4,0,0.006005916940393208,1
2013-01-31,1.35676,1.35931,1.35409,1.35869,53999,4,0,0.0014151256292518344,1
2013-02-01,1.35864,1.37106,1.35828,1.36391,63059,5,0,0.003841935982453748,1
2013-02-04,1.3648799999999999,1.36532,1.34985,1.35026,57532,4,0,-0.010007991729659493,-1
2013-02-05,1.3502399999999999,1.35969,1.34578,1.35816,64106,3,0,0.005850725045546845,1
2013-02-06,1.35815,1.35953,1.34939,1.35175,58827,2,0,-0.004719620663250268,-1
2013-02-07,1.35174,1.35765,1.33705,1.3394300000000001,63280,4,0,-0.00911411133715545,-1
2013-02-08,1.33945,1.3428200000000001,1.33532,1.3361399999999999,56801,4,0,-0.002456268711317655,-1
2013-02-11,1.33682,1.34265,1.33562,1.34016,50788,4,0,0.003008666756477707,1
2013-02-12,1.34015,1.34751,1.3364,1.34518,55790,3,0,0.003745821394460336,1
2013-02-13,1.34519,1.35193,1.3426,1.34484,52950,1,0,-0.00025275427823789887,-1
2013-02-14,1.34483,1.34546,1.33147,1.3357299999999999,57620,4,0,-0.006774040034502327,-1
2013-02-15,1.33572,1.33929,1.3306200000000001,1.33585,44266,3,0,8.983851526900288e-05,1
2013-02-18,1.33484,1.33782,1.33215,1.33515,30013,2,0,-0.0005240109293707107,-1
2013-02-19,1.33518,1.33954,1.33294,1.33847,34759,3,0,0.0024866119911619577,1
2013-02-20,1.33846,1.3431600000000001,1.32709,1.32874,40208,3,0,-0.007269494273312027,-1
2013-02-21,1.3287200000000001,1.32888,1.31612,1.31916,41856,3,0,-0.007209837891536286,-1
2013-02-22,1.31915,1.32443,1.31451,1.31907,36020,2,0,-6.822523424010463e-05,-1
2013-02-25,1.31904,1.33183,1.30487,1.3057400000000001,51066,3,0,-0.010105604706346027,-1
2013-02-26,1.30575,1.31209,1.3018,1.30645,54147,3,0,0.0005437529676657338,1
2013-02-27,1.30646,1.3146499999999999,1.30415,1.31352,47288,3,0,0.005411611619273726,1
2013-02-28,1.31352,1.31605,1.30527,1.3066499999999999,40009,2,0,-0.005230221085328113,-1
2013-03-01,1.30664,1.31006,1.29664,1.3018,40350,3,0,-0.0037117820380360156,-1
2013-03-04,1.30136,1.30304,1.29822,1.30241,15805,3,0,0.0004685819634351329,1
2013-03-05,1.30252,1.30742,1.30122,1.30439,14700,3,0,0.0015202585975229166,1
2013-03-06,1.30438,1.30698,1.29646,1.29765,24486,1,0,-0.005167166261624168,-1
2013-03-07,1.29769,1.31181,1.29731,1.31042,47153,1,0,0.009840866181173524,1
2013-03-08,1.31043,1.31341,1.2955,1.30042,36352,1,0,-0.007631141160849175,-1
2013-03-11,1.29892,1.30535,1.29793,1.30344,36137,1,0,0.0023223266329339687,1
2013-03-12,1.30341,1.30742,1.29909,1.30277,47365,1,0,-0.000514024427668236,-1
2013-03-13,1.30277,1.30646,1.2922799999999999,1.29568,47362,1,0,-0.0054422499750531594,-1
2013-03-14,1.29568,1.30311,1.2911000000000001,1.30124,53321,1,0,0.0042911830081502345,1
2013-03-15,1.30124,1.3106900000000001,1.30023,1.30754,49765,1,0,0.0048415357658848635,1
2013-03-18,1.29071,1.29954,1.28817,1.29425,59157,1,0,-0.010164124998088053,-1
2013-03-19,1.29423,1.29694,1.28438,1.28578,60018,1,0,-0.006544330693451839,-1
2013-03-20,1.28578,1.29776,1.28566,1.2933,52707,1,0,0.005848589960957495,1
2013-03-21,1.29331,1.29551,1.28799,1.2898,54341,1,0,-0.0027062553158585523,-1
2013-03-22,1.2898100000000001,1.30095,1.2888,1.29867,46525,1,0,0.006877035199255754,1
2013-03-25,1.29724,1.3047900000000001,1.28296,1.28593,56987,1,0,-0.009810036421877721,-1
2013-03-26,1.28596,1.28895,1.28286,1.28633,48150,1,0,0.0003110589223362936,1
2013-03-27,1.28632,1.28668,1.27509,1.27785,47403,1,0,-0.006592398529148835,-1
2013-03-28,1.27786,1.28443,1.2755,1.28144,44316,1,0,0.002809406424854277,1
2013-03-29,1.28144,1.28368,1.2793,1.28148,20433,1,0,3.121488325641408e-05,1
2013-04-01,1.28112,1.28677,1.2771,1.2843499999999999,27167,1,0,0.0022395979648530684,1
2013-04-02,1.28431,1.28775,1.28086,1.28223,41697,1,0,-0.001650640401759551,-1
2013-04-03,1.28221,1.28639,1.27898,1.28427,39340,1,0,0.0015909782176364295,1
2013-04-04,1.28427,1.29487,1.27454,1.2933,51336,1,0,0.0070312317503327115,1
2013-04-05,1.2933,1.30397,1.29005,1.29915,48511,1,0,0.004523312456506723,1
2013-04-08,1.2993700000000001,1.30376,1.29683,1.3018399999999999,42375,1,0,0.0020705846130160133,1
2013-04-09,1.3018399999999999,1.31029,1.30045,1.30812,46645,1,0,0.004823941498187212,1
2013-04-10,1.30811,1.3121399999999999,1.30521,1.30667,41753,4,0,-0.0011084609974619797,-1
2013-04-11,1.30668,1.3138,1.30431,1.3106499999999999,45086,1,0,0.0030459105971667455,1
2013-04-12,1.3106499999999999,1.31262,1.30366,1.31082,45206,1,0,0.00012970663411304706,1
2013-04-15,1.31025,1.31094,1.3021,1.30466,55627,1,0,-0.00469934849941267,-1
2013-04-16,1.30466,1.32015,1.30275,1.3179,59273,1,0,0.010148237855073461,1
2013-04-17,1.3179,1.31995,1.30011,1.30355,57946,1,0,-0.01088853479019658,-1
2013-04-18,1.30355,1.30961,1.3020800000000001,1.30483,55587,1,0,0.000981933949599112,1
2013-04-19,1.30485,1.3128199999999999,1.3047,1.3051,45677,1,0,0.00020692350727680164,1
2013-04-22,1.30691,1.3084,1.3014999999999999,1.30615,40961,1,0,0.0008045360508772692,1
2013-04-23,1.30615,1.30831,1.2973,1.30006,49025,2,0,-0.004662557899169251,-1
2013-04-24,1.3001,1.3034,1.29547,1.30111,44259,2,0,0.0008076550313063091,1
2013-04-25,1.30111,1.30933,1.29887,1.30088,44918,1,0,-0.00017677214071054603,-1
2013-04-26,1.3009,1.30475,1.29905,1.30267,49241,1,0,0.0013759916364306513,1
2013-04-29,1.30585,1.31163,1.30318,1.30929,39215,1,0,0.005081870312511949,1
2013-04-30,1.30929,1.3185799999999999,1.3054000000000001,1.31664,42841,1,0,0.005613729578626492,1
2013-05-01,1.31667,1.32427,1.31605,1.31836,38963,1,0,0.0013063555717582886,1
2013-05-02,1.31842,1.32176,1.30376,1.30618,47452,1,0,-0.009238751175703164,-1
2013-05-03,1.3062,1.31582,1.30323,1.31131,41727,1,0,0.003927483195271808,1
2013-05-06,1.3117,1.31406,1.30534,1.30727,29352,1,0,-0.003080888577071783,-1
2013-05-07,1.30728,1.31315,1.30677,1.3078699999999999,35949,1,0,0.00045897175028875026,1
2013-05-08,1.3078699999999999,1.31944,1.30715,1.316,39917,1,0,0.006216214149724619,1
2013-05-09,1.31592,1.31769,1.30098,1.30441,42819,1,0,-0.008806990881458976,-1
2013-05-10,1.30446,1.30506,1.2934999999999999,1.29853,52419,1,0,-0.0045077851289089255,-1
2013-05-13,1.29756,1.29982,1.2941500000000001,1.2982,42328,1,0,-0.0002541335202113082,-1
2013-05-14,1.29817,1.30293,1.29129,1.2931300000000001,48751,1,0,-0.003905407487290069,-1
2013-05-15,1.2931300000000001,1.29424,1.2843,1.28802,47559,1,0,-0.003951652192741739,-1
2013-05-16,1.28808,1.29297,1.28463,1.28829,45602,1,0,0.00020962407416025286,1
2013-05-17,1.2883499999999999,1.28897,1.27962,1.28363,42052,1,0,-0.003617197991135468,-1
2013-05-20,1.28446,1.29006,1.28192,1.28839,37774,1,0,0.0037082336810450034,1
2013-05-21,1.2884,1.29333,1.28413,1.29061,44374,1,0,0.0017230807441845908,1
2013-05-22,1.29055,1.2998,1.28335,1.28529,58662,1,0,-0.0041220818062776,-1
2013-05-23,1.2852700000000001,1.2956400000000001,1.28214,1.29321,71861,1,0,0.006162033471045492,1
2013-05-24,1.29322,1.2993299999999999,1.29043,1.29278,60141,1,0,-0.0003325059348442405,-1
2013-05-27,1.29363,1.29485,1.29152,1.29335,28779,1,0,0.00044091028635961926,1
2013-05-28,1.29332,1.29496,1.2849300000000001,1.28522,57184,1,0,-0.006286001469053226,-1
2013-05-29,1.28522,1.29775,1.28378,1.29401,64374,1,0,0.0068392959960164035,1
2013-05-30,1.29398,1.30614,1.29334,1.3044,64449,1,0,0.008029304255763092,1
2013-05-31,1.30458,1.30593,1.2944200000000001,1.29956,63023,1,0,-0.0037105182459368224,-1
2013-06-03,1.29922,1.31074,1.29555,1.307,57303,1,0,0.005725014620332924,1
2013-06-04,1.3069899999999999,1.31012,1.30426,1.30823,56611,1,0,0.000941086457536322,1
2013-06-05,1.3082099999999999,1.3115700000000001,1.30532,1.30923,62140,1,0,0.00076439158251973,1
2013-06-06,1.30923,1.33045,1.30749,1.32453,65838,3,0,0.01168625833505188,1
2013-06-07,1.32452,1.32844,1.31915,1.32168,70848,3,0,-0.002151706643111151,-1
2013-06-10,1.31917,1.32687,1.31772,1.32566,55336,3,0,0.003011318927425677,1
2013-06-11,1.3256700000000001,1.33171,1.32322,1.33137,67927,3,0,0.004307288445000834,1
2013-06-12,1.33135,1.33589,1.32656,1.3336999999999999,60716,3,0,0.0017500769883653788,1
2013-06-13,1.33369,1.33898,1.32786,1.33756,65269,3,0,0.0028942040938744196,1
2013-06-14,1.33734,1.33734,1.32947,1.33445,56672,1,0,-0.0023251293399924045,-1
2013-06-17,1.33487,1.33803,1.3318400000000001,1.3362,45015,1,0,0.0013114017010753543,1
2013-06-18,1.33623,1.3415599999999999,1.33258,1.3394,54620,1,0,0.002394851070198989,1
2013-06-19,1.33941,1.34158,1.32621,1.32959,53778,1,0,-0.007324175003732947,-1
2013-06-20,1.32959,1.33015,1.31612,1.3227,80023,1,0,-0.005182048601448663,-1
2013-06-21,1.32268,1.32541,1.30988,1.31209,65213,1,0,-0.008021471233083832,-1
2013-06-24,1.31042,1.3143799999999999,1.30592,1.31232,66324,1,0,0.00017529285338646616,1
2013-06-25,1.31232,1.31508,1.30651,1.3082099999999999,62448,1,0,-0.0031318580833943344,-1
2013-06-26,1.30822,1.3087,1.29848,1.30067,62392,1,0,-0.005763600645156242,-1
2013-06-27,1.3011599999999999,1.30545,1.29999,1.30377,48582,5,0,0.002383387023610961,1
2013-06-28,1.30378,1.31022,1.29911,1.30078,50885,5,0,-0.002293349287067592,-1
2013-07-01,1.30144,1.307,1.3005200000000001,1.30614,46839,1,0,0.0041206045603408015,1
2013-07-02,1.30614,1.3078,1.29636,1.29816,53009,1,0,-0.0061096054021775315,-1
2013-07-03,1.2981500000000001,1.30314,1.2923,1.30084,56369,1,0,0.0020644604671227196,1
2013-07-04,1.30084,1.30232,1.28831,1.2912,49935,1,0,-0.007410596230128297,-1
2013-07-05,1.29114,1.2916699999999999,1.28061,1.28291,55458,1,0,-0.00642038413878554,-1
2013-07-08,1.28204,1.28819,1.28117,1.2867899999999999,46248,1,0,0.0030243742741111745,1
2013-07-09,1.2868,1.2898100000000001,1.27553,1.27863,55562,1,0,-0.0063413610612453875,-1
2013-07-10,1.27862,1.30239,1.27647,1.3023500000000001,64954,1,0,0.018551105480084207,1
2013-07-11,1.30236,1.32066,1.3006,1.30957,86326,1,0,0.005543824624716587,1
2013-07-12,1.30958,1.3100100000000001,1.29992,1.30651,51799,1,0,-0.002336644852890535,-1
2013-07-15,1.30664,1.30788,1.29934,1.3066,46584,1,0,6.888581028841045e-05,1
2013-07-16,1.3066,1.31742,1.30524,1.3153299999999999,53612,1,0,0.0066814633399663315,1
2013-07-17,1.31541,1.31781,1.30831,1.31228,53103,1,0,-0.002318809728357185,-1
2013-07-18,1.31228,1.3125499999999999,1.30668,1.31113,46144,1,0,-0.0008763373670253038,-1
2013-07-19,1.31115,1.31539,1.30891,1.3140800000000001,43742,1,0,0.0022499675852130085,1
2013-07-22,1.31366,1.32179,1.31358,1.31842,40714,1,0,0.003302690855959911,1
2013-07-23,1.31839,1.32386,1.31634,1.32232,43294,1,0,0.002958086194080778,1
2013-07-24,1.32233,1.3256000000000001,1.31772,1.31972,48714,1,0,-0.0019662411519147938,-1
2013-07-25,1.31969,1.32956,1.3165499999999999,1.32759,50029,1,0,0.005963386172824547,1
2013-07-26,1.32758,1.32968,1.32526,1.32765,43962,1,0,4.5194676067117356e-05,1
2013-07-29,1.32792,1.32949,1.32393,1.3262,41825,1,0,-0.001092155312017451,-1
2013-07-30,1.32622,1.33009,1.32346,1.32626,42652,1,0,4.524204494038564e-05,1
2013-07-31,1.32625,1.33446,1.3214000000000001,1.3296299999999999,55008,1,0,0.0025409798983606624,1
2013-08-01,1.33022,1.33108,1.31943,1.32096,48557,1,0,-0.006520610997044263,-1
2013-08-02,1.32097,1.32937,1.31877,1.32798,46485,1,0,0.00531431686046524,1
2013-08-05,1.32813,1.33003,1.32327,1.32611,40112,1,0,-0.0014081537372551134,-1
2013-08-06,1.32612,1.33229,1.3246,1.33073,41828,1,0,0.00348387388678173,1
2013-08-07,1.3308,1.33452,1.3265500000000001,1.33365,48724,1,0,0.002194284340174324,1
2013-08-08,1.33365,1.34002,1.33282,1.33814,44968,1,0,0.003366700408653056,1
2013-08-09,1.33809,1.33903,1.3332600000000001,1.3338700000000001,35344,1,0,-0.003190996457769768,-1
2013-08-12,1.33366,1.33439,1.32772,1.3299,36997,1,0,-0.002976302038429579,-1
2013-08-13,1.32991,1.33171,1.32335,1.3260100000000001,46684,1,0,-0.002925031957289992,-1
2013-08-14,1.32605,1.32795,1.32388,1.32577,41683,1,0,-0.00018099411015015665,-1
2013-08-15,1.32575,1.33623,1.32058,1.33504,44459,1,0,0.006992163044872157,1
2013-08-16,1.33503,1.33798,1.33109,1.33279,41037,1,0,-0.0016853427612656402,-1
2013-08-19,1.33354,1.33744,1.33152,1.33357,40700,1,0,0.0005852384846825043,1
2013-08-20,1.33357,1.34518,1.33233,1.34176,48602,1,0,0.006141409899742989,1
2013-08-21,1.34178,1.34267,1.33355,1.33579,49026,1,0,-0.004449379918912477,-1
2013-08-22,1.3357700000000001,1.3373,1.3298,1.33559,46181,1,0,-0.00014972413328440126,-1
2013-08-23,1.33557,1.34097,1.33334,1.33788,40212,1,0,0.0017145980428123764,1
2013-08-26,1.33819,1.33942,1.33566,1.3370199999999999,27937,1,0,-0.0006428080246360102,-1
2013-08-27,1.33701,1.33986,1.33232,1.33905,42804,1,0,0.0015183018952598104,1
2013-08-28,1.33906,1.33976,1.3305,1.33404,43352,1,0,-0.0037414584966956044,-1
2013-08-29,1.33404,1.3343099999999999,1.32195,1.32374,45328,1,0,-0.007720907918802977,-1
2013-08-30,1.32389,1.32546,1.3175,1.32195,40635,1,0,-0.0013522292897396593,-1
2013-09-02,1.32122,1.3227,1.31837,1.3195700000000001,30761,1,0,-0.0018003706645484119,-1
2013-09-03,1.31954,1.31969,1.31386,1.31661,36876,1,0,-0.002243154967148442,-1
2013-09-04,1.31667,1.32178,1.31571,1.32028,34779,1,0,0.0027874617388594647,1
2013-09-05,1.32043,1.32226,1.31104,1.31177,37308,1,0,-0.006445602447965437,-1
2013-09-06,1.3118,1.3189,1.31047,1.31766,32677,1,0,0.004490116407601885,1
2013-09-09,1.31735,1.32806,1.31651,1.32531,32240,1,0,0.005805746550703539,1
2013-09-10,1.32534,1.32757,1.323,1.3265500000000001,34424,1,0,0.0009356301544545254,1
2013-09-11,1.32654,1.33244,1.3243800000000001,1.33108,34891,1,0,0.0034148731672383192,1
2013-09-12,1.3311,1.3324099999999999,1.32577,1.32998,34490,1,0,-0.000826396610271396,-1
2013-09-13,1.3300100000000001,1.3321100000000001,1.3254299999999999,1.32932,32643,1,0,-0.0004962480638805999,-1
2013-09-16,1.33627,1.33854,1.333,1.33349,33097,1,0,0.0031369421960099064,1
2013-09-17,1.3335,1.33693,1.33251,1.33578,29536,1,0,0.001717298217459362,1
2013-09-18,1.33578,1.35415,1.3338,1.3508200000000001,37727,1,0,0.01125933911272825,1
2013-09-19,1.35083,1.3568500000000001,1.35009,1.35291,44450,1,0,0.001547208362328023,1
2013-09-20,1.35286,1.35486,1.3498,1.35217,33752,1,0,-0.0005469691258103149,-1
2013-09-23,1.35318,1.3544399999999999,1.34792,1.34927,33629,1,0,-0.002144700740291605,-1
2013-09-24,1.3493,1.35186,1.34643,1.34702,33948,1,0,-0.0016675683888324189,-1
2013-09-25,1.3470900000000001,1.35372,1.34622,1.35219,31336,1,0,0.0038381018841591175,1
2013-09-26,1.35222,1.3526,1.34722,1.3486500000000001,30502,1,0,-0.002617975284538332,-1
2013-09-27,1.3487,1.35642,1.34741,1.35216,30493,1,0,0.0026026026026024773,1
2013-09-30,1.34819,1.35556,1.34775,1.35215,33824,1,0,-7.395574488255896e-06,-1
2013-10-01,1.35215,1.35876,1.35168,1.35241,37764,1,0,0.00019228635876200606,1
2013-10-02,1.35241,1.36068,1.3506,1.35811,37266,1,0,0.00421469820542586,1
2013-10-03,1.35812,1.36455,1.35774,1.36215,38034,1,0,0.002974722224267534,1
2013-10-04,1.36219,1.36315,1.35384,1.35565,34243,1,0,-0.004771868002789725,-1
2013-10-07,1.35629,1.3590900000000001,1.35425,1.35766,31485,1,0,0.001482683583520883,1
2013-10-08,1.35767,1.3607,1.3557299999999999,1.35727,31661,1,0,-0.0002872589602699316,-1
2013-10-09,1.3572899999999999,1.36044,1.34857,1.35232,39161,1,0,-0.003647026752230609,-1
2013-10-10,1.35232,1.35463,1.34877,1.35253,33791,1,0,0.00015528868906766746,1
2013-10-11,1.35254,1.35813,1.35193,1.35372,31185,1,0,0.0008798326099976883,1
2013-10-14,1.35569,1.35974,1.35453,1.35591,25966,1,0,0.0016177643825900923,1
2013-10-15,1.35592,1.35708,1.34794,1.35256,37245,1,0,-0.0024706654571468034,-1
2013-10-16,1.35254,1.35673,1.34734,1.35334,38403,1,0,0.0005766842136394335,1
2013-10-17,1.35335,1.36816,1.35154,1.36723,41666,1,0,0.010263496238934744,1
2013-10-18,1.36723,1.37036,1.36594,1.36853,32382,1,0,0.0009508275857026405,1
2013-10-21,1.36829,1.36884,1.36509,1.36768,25811,1,0,-0.0006211043966883878,-1
2013-10-22,1.36769,1.37916,1.36622,1.37781,29785,1,0,0.007406703322414554,1
2013-10-23,1.3778000000000001,1.37927,1.37414,1.3775,34224,1,0,-0.0002249947380262851,-1
2013-10-24,1.37751,1.38249,1.37647,1.37989,34862,1,0,0.0017350272232306008,1
2013-10-25,1.37988,1.3832,1.3774199999999999,1.3801999999999999,33435,1,0,0.00022465558848883127,1
2013-10-28,1.3808,1.38171,1.37748,1.37829,27904,1,0,-0.0013838574119692248,-1
2013-10-29,1.37831,1.38129,1.37364,1.37465,37708,1,0,-0.002640953645459243,-1
2013-10-30,1.37465,1.3784100000000001,1.36961,1.3721700000000001,35347,1,0,-0.00180409558796768,-1
2013-10-31,1.37219,1.37384,1.3575,1.3588,41927,1,0,-0.009743690650575454,-1
2013-11-01,1.3587799999999999,1.35892,1.34799,1.3485800000000001,37370,1,0,-0.007521342360906624,-1
2013-11-04,1.3491,1.35244,1.34425,1.35121,29553,1,0,0.0019501994690711566,1
2013-11-05,1.35121,1.35221,1.34489,1.34717,33544,1,0,-0.0029899127448731466,-1
2013-11-06,1.34717,1.35472,1.3467500000000001,1.35149,30391,1,0,0.0032067222399549955,1
2013-11-07,1.35151,1.35286,1.32959,1.34131,43860,1,0,-0.007532427172972089,-1
2013-11-08,1.34134,1.34376,1.33178,1.33644,38571,1,0,-0.0036307788654375006,-1
2013-11-11,1.33574,1.34158,1.33445,1.3406500000000001,27958,1,0,0.003150160126904389,1
2013-11-12,1.3406500000000001,1.34558,1.33591,1.34345,40522,1,0,0.002088539141461121,1
2013-11-13,1.34344,1.34972,1.339,1.34816,39936,1,0,0.003505898991402745,1
2013-11-14,1.34816,1.3494,1.34182,1.34585,38618,1,0,-0.00171344647519589,-1
2013-11-15,1.34582,1.35046,1.3431899999999999,1.34943,31271,1,0,0.002660028977969242,1
2013-11-18,1.34917,1.3541699999999999,1.3474300000000001,1.35037,32819,1,0,0.0006965904122482325,1
2013-11-19,1.35034,1.35469,1.34876,1.35354,35702,1,0,0.002347504757955088,1
2013-11-20,1.3535300000000001,1.3577,1.34152,1.3439,40871,1,0,-0.007122065103358555,-1
2013-11-21,1.34387,1.34862,1.33992,1.34753,40801,1,0,0.002701093831386059,1
2013-11-22,1.34753,1.35567,1.3462100000000001,1.35554,32070,1,0,0.005944209034307368,1
2013-11-25,1.3553600000000001,1.3559999999999999,1.3490199999999999,1.3522,29685,1,0,-0.0024639627012112975,-1
2013-11-26,1.35217,1.35747,1.35193,1.35666,31837,1,0,0.0032983286496079955,1
2013-11-27,1.35673,1.36128,1.35576,1.35776,34649,1,0,0.0008108147951588762,1
2013-11-28,1.35776,1.36179,1.35635,1.36025,27976,1,0,0.0018339028988922923,1
2013-11-29,1.36022,1.3621400000000001,1.35798,1.35901,35294,1,0,-0.0009115971328799155,-1
2013-12-02,1.3587799999999999,1.36152,1.35259,1.35385,36341,1,0,-0.0037968815534837885,-1
2013-12-03,1.3538999999999999,1.36134,1.35241,1.35885,37894,1,0,0.0036931713262178256,1
2013-12-04,1.35889,1.36052,1.35282,1.35898,41884,1,0,9.566913198666427e-05,1
2013-12-05,1.35896,1.36771,1.35431,1.36722,45297,1,0,0.006063371057705158,1
2013-12-06,1.3672,1.37061,1.36195,1.37045,37051,1,0,0.0023624581267096545,1
2013-12-09,1.37101,1.37452,1.36943,1.37351,30204,1,0,0.0022328432266773834,1
2013-12-10,1.37354,1.37947,1.37341,1.37589,33946,1,0,0.001732786801697861,1
2013-12-11,1.37592,1.38105,1.37412,1.3786100000000001,34578,1,0,0.0019769022232882794,1
2013-12-12,1.37862,1.3803,1.3737599999999999,1.37501,40054,1,0,-0.0026113259007261025,-1
2013-12-13,1.3749799999999999,1.37689,1.37093,1.3737599999999999,35094,1,0,-0.0009090842975688629,-1
2013-12-16,1.3737,1.37984,1.37361,1.37582,35672,1,0,0.0014995341253203343,1
2013-12-17,1.37583,1.3782,1.3723,1.37711,35429,1,0,0.0009376226541262245,1
2013-12-18,1.3771200000000001,1.38111,1.36727,1.3675,44318,1,0,-0.006978382264307248,-1
2013-12-19,1.3675,1.36938,1.3649200000000001,1.3654899999999999,42186,1,0,-0.0014698354661791813,-1
2013-12-20,1.36548,1.3709,1.3625099999999999,1.367,39853,1,0,0.0011058301415609595,1
2013-12-23,1.36723,1.37164,1.36714,1.36957,28269,1,0,0.0018800292611558245,1
2013-12-24,1.3695300000000001,1.36987,1.36547,1.36794,20420,1,0,-0.0011901545740634623,-1
2013-12-26,1.3685399999999999,1.37018,1.3679700000000001,1.36889,15775,1,0,0.0006944749038699793,1
2013-12-27,1.3688500000000001,1.3893,1.36881,1.37462,40781,1,0,0.004185873225752257,1
2013-12-30,1.37586,1.38189,1.3728500000000001,1.37937,32669,1,0,0.0034555004292096125,1
2013-12-31,1.37938,1.38123,1.37596,1.37876,24648,1,0,-0.0004422308735146929,-1
2014-01-01,1.3755,1.37648,1.37372,1.3758,2671,4,0,-0.002146856595781732,-1
2014-01-02,1.37581,1.3774899999999999,1.36294,1.36643,58177,1,0,-0.006810582933565845,-1
2014-01-03,1.36643,1.36716,1.35821,1.35874,38433,1,0,-0.005627803839201362,-1
2014-01-06,1.35955,1.36528,1.35712,1.36334,40642,1,0,0.003385489497622851,1
2014-01-07,1.36334,1.36562,1.3596599999999999,1.36138,38225,1,0,-0.00143764578168315,-1
2014-01-08,1.36142,1.36349,1.35533,1.3574899999999999,41559,1,0,-0.0028573947024344015,-1
2014-01-09,1.35746,1.36328,1.35484,1.36017,41634,1,0,0.0019742318543785053,1
2014-01-10,1.36016,1.36871,1.35721,1.36665,38148,1,0,0.004764110368556729,1
2014-01-13,1.36662,1.36846,1.3637299999999999,1.3668,38040,1,0,0.00010975743606644883,1
2014-01-14,1.3668,1.36992,1.3649,1.36722,38446,1,0,0.00030728709394201026,1
2014-01-15,1.36728,1.3676,1.35812,1.36042,38011,1,0,-0.004973596056231044,-1
2014-01-16,1.36043,1.3649200000000001,1.3583,1.36162,39055,1,0,0.0008820805339528892,1
2014-01-17,1.36163,1.36208,1.35168,1.35405,35641,1,0,-0.005559554060604377,-1
2014-01-20,1.35325,1.35677,1.35074,1.35557,29493,1,0,0.0011225582511724674,1
2014-01-21,1.35557,1.35687,1.35162,1.35591,37867,1,0,0.00025081699949103253,1
2014-01-22,1.35588,1.35832,1.35344,1.35447,37004,1,0,-0.0010620173905346864,-1
2014-01-23,1.3545099999999999,1.36981,1.35303,1.36931,47468,1,0,0.010956315016205531,1
2014-01-24,1.3693,1.37393,1.36627,1.36752,46994,1,0,-0.0013072277278336486,-1
2014-01-27,1.3679999999999999,1.3716300000000001,1.36529,1.36728,43910,1,0,-0.00017550017550016506,-1
2014-01-28,1.3673,1.36882,1.3629,1.36517,38227,1,0,-0.0015432098765432167,-1
2014-01-29,1.3651900000000001,1.36845,1.36029,1.36608,47676,1,0,0.0006665836489228028,1
2014-01-30,1.36609,1.36642,1.35434,1.35565,45145,1,0,-0.007634984773951747,-1
2014-01-31,1.35567,1.35733,1.3479,1.34849,47059,1,0,-0.005281599232840328,-1
2014-02-03,1.34855,1.3535300000000001,1.3477000000000001,1.3525800000000001,43781,1,0,0.003033022121039286,1
2014-02-04,1.3526,1.35384,1.34934,1.3514300000000001,40329,1,0,-0.0008502269736355705,-1
2014-02-05,1.35147,1.35552,1.34986,1.35361,47210,1,0,0.0016131061172237615,1
2014-02-06,1.35361,1.36188,1.3484099999999999,1.35898,48216,1,0,0.003967169273276783,1
2014-02-07,1.35898,1.36425,1.35516,1.36342,44538,1,0,0.003267156249540104,1
2014-02-10,1.36232,1.36513,1.36179,1.36442,27636,1,0,0.0007334497073534507,1
2014-02-11,1.36441,1.3682699999999999,1.36291,1.36372,33489,1,0,-0.0005130385072045218,-1
2014-02-12,1.36375,1.36525,1.3562,1.35948,36133,1,0,-0.0031091426392514387,-1
2014-02-13,1.35952,1.36916,1.35852,1.36787,37460,1,0,0.006171477329567132,1
2014-02-14,1.36785,1.37145,1.36735,1.36918,33344,1,0,0.0009576933480521799,1
2014-02-17,1.3700700000000001,1.3724,1.3691900000000001,1.37047,24586,1,0,0.0009421697658451578,1
2014-02-18,1.37047,1.37696,1.36943,1.37604,32249,1,0,0.004064299109064695,1
2014-02-19,1.37601,1.3773,1.37242,1.37321,28902,1,0,-0.002056626260864447,-1
2014-02-20,1.3732199999999999,1.37623,1.36857,1.37202,34472,1,0,-0.0008665826785415609,-1
2014-02-21,1.37208,1.37583,1.37018,1.3738000000000001,28282,1,0,0.0012973571813823526,1
2014-02-24,1.37382,1.3771,1.37081,1.37336,29773,1,0,-0.0003202795166692418,-1
2014-02-25,1.37337,1.37668,1.37152,1.37447,32276,1,0,0.0008082367332673535,1
2014-02-26,1.37449,1.37569,1.3661400000000001,1.3683100000000001,33706,1,0,-0.004481727502237187,-1
2014-02-27,1.3683100000000001,1.37266,1.3643,1.3708,34317,1,0,0.0018197630653871144,1
2014-02-28,1.37081,1.3824100000000001,1.3694,1.38016,40727,1,0,0.006828129559381502,1
2014-03-03,1.37856,1.37924,1.3726,1.37361,36361,1,0,-0.004745826570832445,-1
2014-03-04,1.37362,1.37812,1.37206,1.37395,33935,1,0,0.0002475229504734777,1
2014-03-05,1.37396,1.37491,1.37072,1.37361,31361,1,0,-0.0002474616980239208,-1
2014-03-06,1.37361,1.38723,1.3721,1.38596,36167,1,0,0.008990907171613438,1
2014-03-07,1.38599,1.39146,1.38522,1.38746,46042,1,0,0.0010822823169498452,1
2014-03-10,1.38761,1.3897599999999999,1.38614,1.38769,47649,1,0,0.0001657705447366542,1
2014-03-11,1.38767,1.38784,1.38335,1.38545,52547,1,0,-0.0016141933717185308,-1
2014-03-12,1.38545,1.39142,1.38432,1.39018,57901,1,0,0.0034140531957125297,1
2014-03-13,1.39018,1.39666,1.3845399999999999,1.38676,89631,1,0,-0.0024601130788818315,-1
2014-03-14,1.38676,1.39374,1.38473,1.39134,77345,1,0,0.0033026623208054495,1
2014-03-17,1.39062,1.39474,1.38788,1.39252,54594,1,0,0.0008481032673537392,1
2014-03-18,1.3925100000000001,1.3942700000000001,1.38797,1.39304,65481,1,0,0.0003734237210237801,1
2014-03-19,1.39304,1.39329,1.38095,1.38223,71573,1,0,-0.007760006891402993,-1
2014-03-20,1.38226,1.38448,1.3749,1.37782,73143,1,0,-0.00319049651649872,-1
2014-03-21,1.37781,1.38106,1.3765399999999999,1.37933,52262,1,0,0.0010959341568563818,1
2014-03-24,1.37914,1.38757,1.37601,1.3838,62209,1,0,0.0032407038199704363,1
2014-03-25,1.38381,1.3847,1.3749,1.3825,77942,1,0,-0.0009394421159125699,-1
2014-03-26,1.38249,1.38263,1.37762,1.3783,65940,1,0,-0.0030379746835442756,-1
2014-03-27,1.3783400000000001,1.37967,1.37283,1.3743699999999999,73914,1,0,-0.002851338605528664,-1
2014-03-28,1.37436,1.37729,1.37047,1.37513,62356,1,0,0.0005529806384017011,1
2014-03-31,1.37531,1.3808500000000001,1.37215,1.37735,71368,1,0,0.0016143928210423653,1
2014-04-01,1.37734,1.38152,1.3769,1.3793199999999999,56271,1,0,0.0014302827894143721,1
2014-04-02,1.37931,1.38201,1.3753,1.3765100000000001,54934,1,0,-0.002037235739349663,-1
2014-04-03,1.37653,1.38066,1.3698000000000001,1.37168,72640,1,0,-0.0035088738912176787,-1
2014-04-04,1.37169,1.3731200000000001,1.36725,1.3701400000000001,72175,1,0,-0.0011227108363466298,-1
2014-04-07,1.37008,1.37483,1.3696,1.37412,40145,1,0,0.002904812646882693,1
2014-04-08,1.37413,1.38116,1.37371,1.37946,70728,1,0,0.00388612348266526,1
2014-04-09,1.37955,1.3862,1.37799,1.38536,70702,1,0,0.004277035941600449,1
2014-04-10,1.38534,1.38988,1.38357,1.38868,43523,1,0,0.00239648899924938,1
2014-04-11,1.38868,1.3905699999999999,1.38632,1.3884400000000001,38018,1,0,-0.0001728259930292575,-1
2014-04-14,1.3857300000000001,1.3862700000000001,1.3808,1.38181,40756,1,0,-0.004775143326323117,-1
2014-04-15,1.38185,1.3833199999999999,1.37899,1.38133,38986,1,0,-0.0003473704778514941,-1
2014-04-16,1.38133,1.38507,1.38035,1.3816,38832,1,0,0.00019546379214241405,1
2014-04-17,1.3816,1.38645,1.38109,1.38131,33927,1,0,-0.0002099015634047241,-1
2014-04-18,1.3813,1.38222,1.38068,1.38068,10531,1,0,-0.00045608878528358154,-1
2014-04-21,1.38164,1.3830200000000001,1.37869,1.37944,17160,1,0,-0.0008981081785786049,-1
2014-04-22,1.37945,1.38247,1.37849,1.38053,29961,1,0,0.0007901757234820561,1
2014-04-23,1.38052,1.38545,1.38001,1.3816,37502,1,0,0.0007750646490840563,1
2014-04-24,1.38158,1.38432,1.37912,1.38312,35783,1,0,0.00110017371163873,1
2014-04-25,1.38314,1.3848099999999999,1.38267,1.3833,27629,1,0,0.00013014055179594308,1
2014-04-28,1.38394,1.38792,1.38145,1.38497,35819,1,0,0.0012072580062170157,1
2014-04-29,1.38497,1.38788,1.3805399999999999,1.38116,36508,1,0,-0.0027509621147029373,-1
2014-04-30,1.38118,1.38764,1.3774899999999999,1.38653,46057,1,0,0.0038880361435316146,1
2014-05-01,1.38656,1.38889,1.38626,1.3867,21019,1,0,0.0001226082378311677,1
2014-05-02,1.3867099999999999,1.38811,1.3812,1.38689,40799,1,0,0.00013701593711679116,1
2014-05-05,1.38724,1.38858,1.38643,1.3874,23785,1,0,0.00036772923591632534,1
2014-05-06,1.38743,1.39511,1.38719,1.3924699999999999,42961,1,0,0.003654317428283038,1
2014-05-07,1.39248,1.39384,1.39097,1.39109,58388,1,0,-0.0009910446903702574,-1
2014-05-08,1.39109,1.39932,1.38328,1.38392,64629,1,0,-0.005154231573801793,-1
2014-05-09,1.3839299999999999,1.38441,1.37453,1.37577,43198,1,0,-0.005889068732296776,-1
2014-05-12,1.37569,1.37747,1.37492,1.37582,34223,1,0,3.634328412460697e-05,1
2014-05-13,1.37582,1.37713,1.36889,1.3703400000000001,53811,1,0,-0.0039830791818696865,-1
2014-05-14,1.37035,1.37304,1.36978,1.37142,38925,1,0,0.0007881255746748916,1
2014-05-15,1.3713899999999999,1.3732199999999999,1.36484,1.37101,45460,1,0,-0.00029896020183461935,-1
2014-05-16,1.37101,1.37267,1.3685100000000001,1.36933,33834,1,0,-0.0012253739943546282,-1
2014-05-19,1.36978,1.37337,1.36951,1.37085,28640,1,0,0.0011100319134174086,1
2014-05-20,1.37086,1.37133,1.3678,1.36989,26225,1,0,-0.0007002954371374548,-1
2014-05-21,1.36991,1.37229,1.36353,1.36856,31543,1,0,-0.0009708808736468288,-1
2014-05-22,1.36856,1.36871,1.3645100000000001,1.36561,35117,1,0,-0.00215555035950199,-1
2014-05-23,1.36557,1.36563,1.36155,1.3628,33177,1,0,-0.0020576885055030303,-1
2014-05-26,1.36246,1.3654,1.3615300000000001,1.36438,19326,1,0,0.001159377751687618,1
2014-05-27,1.36439,1.36681,1.36123,1.36334,29644,1,0,-0.0007622509857957427,-1
2014-05-28,1.3633600000000001,1.3637299999999999,1.3588,1.35921,28642,1,0,-0.003029325039975328,-1
2014-05-29,1.3592,1.36253,1.35858,1.36017,27998,1,0,0.000706292625863636,1
2014-05-30,1.36019,1.36498,1.3598,1.3633899999999999,30340,1,0,0.0023673511399309177,1
2014-06-02,1.36304,1.36359,1.35879,1.35979,35805,1,0,-0.002640477046186196,-1
2014-06-03,1.35979,1.36475,1.35867,1.3627099999999999,37123,1,0,0.002147390405871308,1
2014-06-04,1.3626800000000001,1.36389,1.35962,1.36001,41642,1,0,-0.0019813459943788247,-1
2014-06-05,1.3599700000000001,1.36693,1.35028,1.36628,54705,1,0,0.004610260218674833,1
2014-06-06,1.36629,1.36769,1.36208,1.36423,43247,1,0,-0.001500424510349152,-1
2014-06-09,1.3645800000000001,1.36685,1.35823,1.35923,35632,1,0,-0.0036650711390309176,-1
2014-06-10,1.35925,1.36017,1.35333,1.35445,42205,1,0,-0.0035166969534221604,-1
2014-06-11,1.35445,1.35569,1.35215,1.35337,41066,1,0,-0.0007973716268595554,-1
2014-06-12,1.35339,1.35714,1.35121,1.35489,42333,1,0,0.0011231222799381602,1
2014-06-13,1.3549,1.3578700000000001,1.3520699999999999,1.35379,35882,1,0,-0.000811874026673709,-1
2014-06-16,1.35373,1.35792,1.35129,1.3572199999999999,35655,1,0,0.002533627815244577,1
2014-06-17,1.3571900000000001,1.35869,1.3536000000000001,1.35462,37785,1,0,-0.0019156805823667966,-1
2014-06-18,1.3546,1.35992,1.35416,1.3587500000000001,37845,1,0,0.0030488255008787046,1
2014-06-19,1.3587500000000001,1.36433,1.35838,1.3606,40000,1,0,0.0013615455381783548,1
2014-06-20,1.36063,1.36338,1.35642,1.35995,32198,1,0,-0.00047773041305310127,-1
2014-06-23,1.35949,1.36133,1.35738,1.36035,31070,1,0,0.0002941284606050587,1
2014-06-24,1.36037,1.36274,1.35832,1.36028,34580,1,0,-5.145734553613224e-05,-1
2014-06-25,1.36028,1.3651,1.36003,1.36306,31221,1,0,0.002043696885935198,1
2014-06-26,1.36306,1.36411,1.35757,1.3612,35090,1,0,-0.0013645767611110138,-1
2014-06-27,1.36124,1.36502,1.36098,1.3648799999999999,34345,1,0,0.0027034969144872356,1
2014-06-30,1.3645,1.36969,1.36402,1.36927,30053,1,0,0.0032163999765548734,1
2014-07-01,1.36928,1.36991,1.36753,1.36787,20306,4,0,-0.0010224426154082922,-1
2014-07-02,1.36786,1.3682,1.36422,1.36567,19840,6,0,-0.0016083399738279214,-1
2014-07-03,1.36568,1.36639,1.35962,1.3608799999999999,25201,1,0,-0.0035074359105787822,-1
2014-07-04,1.36087,1.3611,1.3585099999999999,1.35944,15455,1,0,-0.001058138851331436,-1
2014-07-07,1.35935,1.36089,1.35758,1.36056,24109,1,0,0.0008238686517978433,1
2014-07-08,1.36055,1.36172,1.35881,1.36117,23993,2,0,0.00044834479920030645,1
2014-07-09,1.36116,1.36473,1.36021,1.36404,28213,1,0,0.0021084802045299167,1
2014-07-10,1.36403,1.36506,1.35891,1.36063,28737,1,0,-0.002499926688366849,-1
2014-07-11,1.36064,1.3624399999999999,1.35916,1.36032,46432,2,0,-0.0002278356349632027,-1
2014-07-14,1.36055,1.36401,1.3597299999999999,1.3620700000000001,59943,2,0,0.0012864620089392265,1
2014-07-15,1.36206,1.36277,1.35619,1.35679,65493,1,0,-0.003876452752061277,-1
2014-07-16,1.35679,1.35714,1.35206,1.35251,28406,1,0,-0.003154504381665424,-1
2014-07-17,1.35249,1.35399,1.35163,1.3525800000000001,29829,1,0,5.175562472747863e-05,1
2014-07-18,1.3525800000000001,1.35358,1.34908,1.35203,30906,1,0,-0.0004066302917388187,-1
2014-07-21,1.3526799999999999,1.35484,1.35123,1.35221,23368,5,0,0.0001331331405367564,1
2014-07-22,1.35221,1.3529,1.34584,1.34659,49940,1,0,-0.004156159176459284,-1
2014-07-23,1.34659,1.34737,1.34545,1.34622,43492,2,0,-0.00027476811798687883,-1
2014-07-24,1.34622,1.34846,1.34378,1.34622,51248,3,0,0.0,-1
2014-07-25,1.34622,1.34752,1.3421,1.34288,53051,4,0,-0.0024810209326855404,-1
2014-07-28,1.34305,1.34436,1.34265,1.34393,40623,3,0,0.0007819015846539656,1
2014-07-29,1.34393,1.3444099999999999,1.34039,1.34087,53807,4,0,-0.002276904303051497,-1
2014-07-30,1.34088,1.34149,1.3366500000000001,1.33945,53762,1,0,-0.0010590139237957041,-1
2014-07-31,1.33945,1.3400400000000001,1.3371,1.33877,32420,1,0,-0.0005076710590167233,-1
2014-08-01,1.33872,1.34446,1.33781,1.34264,35005,1,0,0.0028907131172644096,1
2014-08-04,1.34271,1.34308,1.34091,1.34218,29284,6,0,-0.00034260859202772664,-1
2014-08-05,1.3421699999999999,1.34244,1.3357999999999999,1.33712,42585,6,0,-0.003769986141948012,-1
2014-08-06,1.33712,1.33875,1.33327,1.33838,51687,6,0,0.000942323800406708,1
2014-08-07,1.33836,1.33933,1.3336700000000001,1.3361399999999999,52397,6,0,-0.0016736651773039402,-1
2014-08-08,1.33613,1.34323,1.33432,1.34094,52960,6,0,0.003592437918182423,1
2014-08-11,1.34061,1.34082,1.33801,1.33843,31465,6,0,-0.0018718212597133022,-1
2014-08-12,1.33843,1.33857,1.33356,1.3367,36874,6,0,-0.0012925591924867197,-1
2014-08-13,1.33674,1.34148,1.33419,1.3363,43631,6,0,-0.00029924440787010287,-1
2014-08-14,1.3363,1.34074,1.33479,1.33637,43915,6,0,5.23834468308948e-05,1
2014-08-15,1.33637,1.34114,1.33583,1.33975,44977,6,0,0.0025292396566818365,1
2014-08-18,1.33913,1.33988,1.33526,1.3361100000000001,29223,6,0,-0.0027169247994027756,-1
2014-08-19,1.3361100000000001,1.33627,1.33129,1.33174,40243,6,0,-0.0032706887905937787,-1
2014-08-20,1.33174,1.3324,1.3255,1.32576,47561,6,0,-0.00449036598735475,-1
2014-08-21,1.32575,1.32881,1.32417,1.32819,38070,6,0,0.0018329109341057581,1
2014-08-22,1.32817,1.3296299999999999,1.3220399999999999,1.32381,42957,2,0,-0.0032977209585978162,-1
2014-08-25,1.31914,1.321,1.31834,1.31903,30319,3,0,-0.003610790068061087,-1
2014-08-26,1.31904,1.32144,1.31644,1.3168199999999999,39818,6,0,-0.0016754736435108386,-1
2014-08-27,1.31681,1.32094,1.3152300000000001,1.31935,44381,6,0,0.0019212952415668116,1
2014-08-28,1.31934,1.3220399999999999,1.31596,1.3183799999999999,37032,1,0,-0.0007352105203320969,-1
2014-08-29,1.31837,1.3195999999999999,1.31323,1.31323,29807,1,0,-0.003906309258332241,-1
2014-09-01,1.31292,1.31451,1.31188,1.31273,24812,6,0,-0.00038074061664750136,-1
2014-09-02,1.31271,1.31365,1.31098,1.31326,38631,6,0,0.0004037387733959452,1
2014-09-03,1.31323,1.316,1.31219,1.31487,39092,1,0,0.001225956779312476,1
2014-09-04,1.31488,1.3154,1.2920099999999999,1.2935699999999999,58967,1,0,-0.016199320084875346,-1
2014-09-05,1.2935699999999999,1.29883,1.29221,1.2951,48589,1,0,0.0011827732554094972,1
2014-09-08,1.29531,1.2959,1.28811,1.29001,56781,1,0,-0.003930198440274757,-1
2014-09-09,1.29,1.29574,1.28594,1.29404,66399,1,0,0.003124006790645062,1
2014-09-10,1.29403,1.2962799999999999,1.28833,1.29157,58156,1,0,-0.001908750888689692,-1
2014-09-11,1.29157,1.29516,1.28966,1.29233,54262,1,0,0.0005884311342008175,1
2014-09-12,1.29231,1.29791,1.29089,1.29643,60379,1,0,0.00317256428311663,1
2014-09-15,1.29679,1.29694,1.29088,1.29409,48841,1,0,-0.0018049566887529123,-1
2014-09-16,1.2940800000000001,1.29951,1.29223,1.29574,54854,1,0,0.0012750272392181294,1
2014-09-17,1.29575,1.29814,1.28355,1.28449,53639,1,0,-0.008682297374473236,-1
2014-09-18,1.28456,1.29303,1.2834699999999999,1.2916,48950,1,0,0.005535270807869308,1
2014-09-19,1.2916,1.2928899999999999,1.28275,1.28284,54009,1,0,-0.006782285537318078,-1
2014-09-22,1.28267,1.2867899999999999,1.28164,1.28464,97268,1,0,0.0014031367902467284,1
2014-09-23,1.28463,1.29012,1.28427,1.2848600000000001,42215,1,0,0.00017125420351238319,1
2014-09-24,1.28485,1.28637,1.27742,1.2778,43863,1,0,-0.005494762075245574,-1
2014-09-25,1.2778100000000001,1.27834,1.26968,1.27515,56799,1,0,-0.0020738769760526576,-1
2014-09-26,1.27515,1.27607,1.26769,1.26825,46875,1,0,-0.005411128102576046,-1
2014-09-29,1.2681200000000001,1.27149,1.26638,1.26887,46692,1,0,0.0004888626059529333,1
2014-09-30,1.26889,1.27024,1.25712,1.26307,57763,1,0,-0.004570996240749636,-1
2014-10-01,1.26306,1.26397,1.25837,1.26185,57895,1,0,-0.0009659005439128787,-1
2014-10-02,1.26183,1.2698800000000001,1.26138,1.26696,71150,1,0,0.004049609700043755,1
2014-10-03,1.267,1.26719,1.25006,1.25145,52132,1,0,-0.012241901875355232,-1
2014-10-06,1.25132,1.2675,1.25089,1.2653400000000001,49595,1,0,0.01109912501498278,1
2014-10-07,1.26536,1.2682,1.25836,1.26646,73989,1,0,0.0008851375914771253,1
2014-10-08,1.2664900000000001,1.27489,1.26228,1.27304,73519,1,0,0.005195584542741161,1
2014-10-09,1.2730299999999999,1.27914,1.26638,1.26895,82394,1,0,-0.003212782002136594,-1
2014-10-10,1.26895,1.27161,1.26056,1.26272,69128,1,0,-0.0049095709050789305,-1
2014-10-13,1.26273,1.27681,1.26273,1.27412,77625,1,0,0.009028129751647018,1
2014-10-14,1.27412,1.27489,1.264,1.2658,81218,1,0,-0.006529997174520408,-1
2014-10-15,1.2658,1.28868,1.26248,1.28156,113044,1,0,0.012450624111234099,1
2014-10-16,1.28173,1.2845,1.2705899999999999,1.2804,113729,1,0,-0.0009051468522738304,-1
2014-10-17,1.28036,1.28368,1.27435,1.27591,67640,1,0,-0.0035067166510464043,-1
2014-10-20,1.27552,1.28164,1.27308,1.27942,70412,8,0,0.0027509777335390506,1
2014-10-21,1.27941,1.28397,1.27107,1.27112,80797,8,0,-0.006487314564411983,-1
2014-10-22,1.2711299999999999,1.2739099999999999,1.26367,1.26441,76195,8,0,-0.005278809239096183,-1
2014-10-23,1.26444,1.26762,1.2613400000000001,1.26447,71117,3,0,4.7452962251171016e-05,1
2014-10-24,1.26447,1.26953,1.2634400000000001,1.26681,65321,3,0,0.001850577712401158,1
2014-10-27,1.2675100000000001,1.27231,1.26653,1.26947,71688,5,0,0.002099762395308069,1
2014-10-28,1.26947,1.27644,1.26848,1.27355,64547,1,0,0.003213939675612565,1
2014-10-29,1.27355,1.27701,1.26261,1.26377,71684,8,0,-0.007679321581406273,-1
2014-10-30,1.26376,1.26388,1.25469,1.26047,88424,3,0,-0.0026112346392145325,-1
2014-10-31,1.26047,1.26135,1.24851,1.25231,102892,8,0,-0.006473775655112757,-1
2014-11-03,1.25085,1.2511,1.2438500000000001,1.24903,93570,8,0,-0.0026191597927029964,-1
2014-11-04,1.24901,1.25772,1.2487,1.25521,87384,7,0,0.00494783952347011,1
2014-11-05,1.2551999999999999,1.25665,1.2456800000000001,1.24746,102610,2,0,-0.006174265660725986,-1
2014-11-06,1.24746,1.25328,1.23645,1.23786,120163,1,0,-0.0076956375354720885,-1
2014-11-07,1.23785,1.24683,1.23571,1.24535,90631,1,0,0.006050765029971039,1
2014-11-10,1.24637,1.2509000000000001,1.2418,1.24235,75514,8,0,-0.002408961336170412,-1
2014-11-11,1.24234,1.24988,1.23939,1.24728,78930,1,0,0.00396828590976761,1
2014-11-12,1.24729,1.24974,1.24187,1.24279,99066,8,0,-0.003599833237123873,-1
2014-11-13,1.24281,1.24917,1.24259,1.24747,99148,1,0,0.0037657206768642038,1
2014-11-14,1.24744,1.25462,1.23988,1.2521499999999999,111269,1,0,0.0037515932246865447,1
2014-11-17,1.25204,1.2577099999999999,1.2444,1.24491,95885,1,0,-0.005782054865630992,-1
2014-11-18,1.24492,1.25449,1.24432,1.25311,73934,1,0,0.006586821537299947,1
2014-11-19,1.25309,1.25991,1.25116,1.25446,59235,1,0,0.0010773196287636733,1
2014-11-20,1.25446,1.25746,1.2504,1.25413,84296,1,0,-0.0002630613969356599,-1
2014-11-21,1.25412,1.25675,1.23747,1.23892,79516,1,0,-0.012127929321521624,-1
2014-11-24,1.23623,1.24444,1.23623,1.2441,56449,1,22002835000,0.0041810609240304775,1
2014-11-25,1.24407,1.24865,1.24015,1.24736,60512,1,139000000,0.0026203681376095744,1
2014-11-26,1.24734,1.2530999999999999,1.24429,1.25044,68393,1,82500000,0.0024692149820420006,1
2014-11-27,1.25047,1.25233,1.24643,1.24664,35740,3,0,-0.00303893029653568,-1
2014-11-28,1.24657,1.24897,1.24259,1.24498,57848,8,0,-0.0013315792851184005,-1
2014-12-01,1.24613,1.25062,1.24189,1.24682,61169,3,0,0.0014779353885203683,1
2014-12-02,1.24685,1.24757,1.23765,1.23818,54975,3,0,-0.006929628976115265,-1
2014-12-03,1.23806,1.23904,1.23008,1.23092,53442,3,0,-0.005863444733399059,-1
2014-12-04,1.23103,1.24561,1.22794,1.23787,59826,3,0,0.005646183342540523,1
2014-12-05,1.23767,1.23925,1.2270699999999999,1.22844,57636,1,0,-0.0076179243377737516,-1
2014-12-08,1.22828,1.23435,1.22472,1.23162,61884,1,87218412900,0.002588649018266942,1
2014-12-09,1.23061,1.24476,1.2292,1.23736,72055,1,101372244000,0.004660528409736742,1
2014-12-10,1.23737,1.24481,1.2361900000000001,1.24467,70683,1,95058820900,0.005907739057347872,1
2014-12-11,1.24435,1.24949,1.237,1.2408,66758,1,78777831000,-0.0031092578755814726,-1
2014-12-12,1.24112,1.2485,1.23842,1.246,64055,1,65821630000,0.004190844616376532,1
2014-12-15,1.24731,1.24785,1.2414399999999999,1.24345,70545,1,101470122000,-0.0020465489566613426,-1
2014-12-16,1.2435100000000001,1.25696,1.24334,1.25102,77617,1,98135508000,0.006087900599139662,1
2014-12-17,1.25079,1.2515399999999999,1.23204,1.23406,73896,1,105755494000,-0.01355693753896825,-1
2014-12-18,1.23405,1.23527,1.22656,1.22856,68692,1,91197851000,-0.004456833541318761,-1
2014-12-19,1.22849,1.23019,1.222,1.22224,60976,1,79103809000,-0.0051442338998503034,-1
2014-12-22,1.2223,1.22723,1.22164,1.22285,169863,1,272711468000,0.0004990836496923112,1
2014-12-23,1.22285,1.22454,1.21644,1.21721,155269,1,255166361000,-0.004612176472993501,-1
2014-12-24,1.21721,1.22199,1.21693,1.21891,120599,1,165042777000,0.0013966365705178063,1
2014-12-26,1.22085,1.22108,1.21684,1.21773,76436,1,85910978000,-0.0009680780369345499,-1
2014-12-29,1.21807,1.2220900000000001,1.2143,1.215,67561,1,87504004000,-0.0022418762779925494,-1
2014-12-30,1.215,1.21873,1.21237,1.21546,46410,1,61562037000,0.00037860082304508325,1
2014-12-31,1.21525,1.21695,1.20973,1.20995,32048,1,40019199000,-0.004533263126717424,-1
2015-01-02,1.20538,1.2069,1.19997,1.20014,53082,9,0,-0.00810777304847321,-1
2015-01-05,1.19454,1.19757,1.18642,1.19317,95141,10,0,-0.00580765577349307,-1
2015-01-06,1.19318,1.19682,1.18836,1.18887,91697,10,0,-0.0036038452190383374,-1
2015-01-07,1.18889,1.18956,1.18014,1.18386,98091,9,0,-0.004214085644351551,-1
2015-01-08,1.18386,1.1846700000000001,1.17536,1.17899,82605,9,0,-0.004113662088422565,-1
2015-01-09,1.17901,1.1844999999999999,1.1762299999999999,1.18402,91031,10,0,0.0042663635823882995,1
2015-01-12,1.18481,1.18702,1.17856,1.18325,80991,9,0,-0.0006503268525870354,-1
2015-01-13,1.18324,1.18589,1.17529,1.17718,93072,9,0,-0.005129938728079431,-1
2015-01-14,1.17712,1.18451,1.17267,1.17881,101182,9,0,0.001384665046976652,1
2015-01-15,1.17882,1.17921,1.15673,1.1629800000000001,123477,9,0,-0.013428796837488433,-1
2015-01-16,1.16305,1.16479,1.14594,1.1565,121343,9,0,-0.005571892895836594,-1
2015-01-19,1.15524,1.16381,1.15512,1.1606,49997,7,0,0.0035451794206657894,1
2015-01-20,1.1605,1.16138,1.15397,1.15479,36580,6,0,-0.0050060313630881925,-1
2015-01-21,1.1548,1.1679,1.15406,1.16087,45779,6,0,0.0052650265416223085,1
2015-01-22,1.16088,1.16485,1.13156,1.13642,56260,7,0,-0.021061789864498248,-1
2015-01-23,1.1363,1.13731,1.11145,1.12032,62443,8,0,-0.014167297302053794,-1
2015-01-26,1.11492,1.12945,1.1097,1.1237300000000001,51017,8,0,0.0030437732076551427,1
2015-01-27,1.12377,1.14221,1.1223,1.13803,65402,1,26218873000,0.012725476760431675,1
2015-01-28,1.13803,1.13828,1.12757,1.12865,71647,1,0,-0.008242313471525486,-1
2015-01-29,1.12867,1.1367,1.12612,1.13185,45808,2,14000000,0.0028352456474549648,1
2015-01-30,1.13154,1.13628,1.1277,1.1284399999999999,44897,9,0,-0.003012766709369785,-1
2015-02-02,1.1311499999999999,1.13616,1.12918,1.13413,62989,1,0,0.005042359363369053,1
2015-02-03,1.13399,1.15332,1.13122,1.14781,76916,1,0,0.012062109282004574,1
2015-02-04,1.14779,1.14842,1.13155,1.13433,68437,2,0,-0.011744103989336119,-1
2015-02-05,1.13428,1.14983,1.13035,1.14763,75428,5,0,0.011724983029629765,1
2015-02-06,1.1476,1.1485,1.1309,1.13102,66082,5,0,-0.014473305856417151,-1
2015-02-09,1.12952,1.13586,1.12698,1.1323400000000001,65433,5,0,0.00116708811515287,1
2015-02-10,1.13233,1.13448,1.12726,1.13197,68796,5,0,-0.00032675698111894746,-1
2015-02-11,1.1320000000000001,1.13466,1.12794,1.13351,64393,5,0,0.0013604600828645008,1
2015-02-12,1.13348,1.14224,1.13016,1.14022,71197,5,0,0.005919665463912871,1
2015-02-13,1.1402,1.14421,1.13792,1.13919,60539,5,0,-0.000903334444230186,-1
2015-02-16,1.13994,1.14285,1.13191,1.13528,51186,5,0,-0.003432263274782854,-1
2015-02-17,1.13533,1.14478,1.13217,1.141,69407,5,0,0.005038404622648152,1
2015-02-18,1.14097,1.14152,1.13335,1.13962,64941,5,0,-0.0012094653812444456,-1
2015-02-19,1.1396,1.14496,1.1355,1.13674,59622,5,0,-0.0025271581755321737,-1
2015-02-20,1.13675,1.14231,1.12788,1.13785,69731,1,0,0.0009764765909530126,1
2015-02-23,1.1394,1.13952,1.12947,1.1334,55201,5,0,-0.003910884562991712,-1
2015-02-24,1.13335,1.13577,1.129,1.13397,59038,5,0,0.0005029115934356287,1
2015-02-25,1.13395,1.1388,1.13353,1.13606,56284,5,0,0.0018430822684905035,1
2015-02-26,1.13593,1.13791,1.11834,1.11975,61722,5,0,-0.014356636093164177,-1
2015-02-27,1.11975,1.12446,1.11758,1.11957,64231,5,0,-0.00016075016744809822,-1
2015-03-02,1.11805,1.12402,1.11597,1.11824,54008,5,0,-0.0011879560902846587,-1
2015-03-03,1.11835,1.12171,1.11545,1.11752,56803,6,0,-0.0006438689369007156,-1
2015-03-04,1.11742,1.11852,1.10615,1.10767,58992,5,0,-0.00881415992554957,-1
2015-03-05,1.10772,1.11118,1.09879,1.10291,65263,7,0,-0.004297308765245811,-1
2015-03-06,1.10284,1.10322,1.0838700000000001,1.08433,65790,5,0,-0.016846342856624785,-1
2015-03-09,1.08296,1.09061,1.08227,1.08518,59301,2,0,0.0007838942019495754,1
2015-03-10,1.08509,1.08547,1.06676,1.06785,80767,5,0,-0.015969700879116866,-1
2015-03-11,1.06791,1.07163,1.05108,1.05444,88719,7,0,-0.012557943531394833,-1
2015-03-12,1.05457,1.06833,1.04943,1.06241,89899,5,0,0.007558514472136846,1
2015-03-13,1.06238,1.06343,1.04619,1.0491,83236,5,0,-0.012528120028990841,-1
2015-03-16,1.04855,1.06193,1.04791,1.05669,83506,1,0,0.007234772662281896,1
2015-03-17,1.05664,1.06505,1.0551,1.05972,72379,1,0,0.0028674445674701232,1
2015-03-18,1.05961,1.10415,1.05797,1.08284,87748,1,0,0.021817083757973865,1
2015-03-19,1.08291,1.09191,1.06125,1.06561,108495,1,0,-0.015911861401499805,-1
2015-03-20,1.06562,1.08813,1.0655000000000001,1.08189,82998,5,0,0.01527763440658414,1
2015-03-23,1.08667,1.09707,1.07667,1.0944099999999999,91164,5,0,0.011572340995849695,1
2015-03-24,1.09457,1.10286,1.08897,1.09176,80441,9,0,-0.002421396003325804,-1
2015-03-25,1.09184,1.10139,1.09002,1.09708,69803,9,0,0.004872865831318185,1
2015-03-26,1.09711,1.10515,1.08555,1.0874,90096,5,0,-0.008823422175228912,-1
2015-03-27,1.08743,1.09473,1.08007,1.08841,83003,5,0,0.0009288210410154374,1
2015-03-30,1.08841,1.08913,1.08095,1.0832,75521,5,0,-0.0047867990922539905,-1
2015-03-31,1.08317,1.08447,1.07123,1.07308,70009,11,0,-0.009342688330871374,-1
2015-04-01,1.07331,1.07992,1.0718,1.07624,72023,10,0,0.002944794423528574,1
2015-04-02,1.07622,1.09048,1.07497,1.08792,67761,1,0,0.010852597933546315,1
2015-04-03,1.08793,1.10261,1.08632,1.09679,42177,8,0,0.008153173027428462,1
2015-04-06,1.10007,1.10348,1.0909,1.09213,42818,1,0,-0.004248762297249131,-1
2015-04-07,1.09211,1.0954,1.08029,1.08137,70632,4,0,-0.009852306959794221,-1
2015-04-08,1.08137,1.0887,1.07627,1.07795,75544,4,0,-0.0031626547805099214,-1
2015-04-09,1.07796,1.07884,1.06372,1.06584,70600,4,0,-0.011234287304606072,-1
2015-04-10,1.06585,1.06833,1.05674,1.0603,69708,4,0,-0.005197778278165477,-1
2015-04-13,1.0603,1.0619,1.05202,1.05659,70464,2,0,-0.0034990097142318932,-1
2015-04-14,1.05658,1.07043,1.05311,1.06539,77117,4,0,0.008328679998864441,1
2015-04-15,1.06534,1.07015,1.05705,1.06869,82189,4,0,0.0030974572691688795,1
2015-04-16,1.06869,1.08172,1.06246,1.07592,109153,5,0,0.006765292086573282,1
2015-04-17,1.07592,1.08481,1.07343,1.08089,92329,4,0,0.004619302550375348,1
2015-04-20,1.08089,1.08195,1.0712,1.07379,71150,4,0,-0.006568661010833532,-1
2015-04-21,1.07379,1.07808,1.0659399999999999,1.07333,88718,4,0,-0.0004283891636168713,-1
2015-04-22,1.07333,1.08004,1.07079,1.07253,92181,4,0,-0.0007453439296394304,-1
2015-04-23,1.07253,1.08458,1.0665499999999999,1.08245,100340,4,0,0.009249158531696056,1
2015-04-24,1.08245,1.08996,1.07842,1.087,100443,4,0,0.004203427410041982,1
2015-04-27,1.08627,1.09263,1.08191,1.08869,86221,4,0,0.0015547378104876497,1
2015-04-28,1.08897,1.09905,1.08595,1.09788,100394,4,0,0.008441337754549139,1
2015-04-29,1.09767,1.11875,1.09591,1.11265,117774,4,0,0.013453200714103497,1
2015-04-30,1.11277,1.12659,1.10708,1.12222,143218,4,0,0.008601087493821158,1
2015-05-01,1.12188,1.12896,1.11742,1.11967,102047,4,0,-0.0022722817272905482,-1
2015-05-04,1.11922,1.12238,1.11224,1.11469,62220,4,0,-0.004447739065974732,-1
2015-05-05,1.11444,1.12203,1.10662,1.11849,21097,2,0,0.003409019548035852,1
2015-05-06,1.1185100000000001,1.13693,1.11749,1.13447,41796,1,0,0.014287119241119806,1
2015-05-07,1.13473,1.13918,1.12371,1.12657,31166,1,0,-0.006963604149955449,-1
2015-05-08,1.12654,1.12876,1.11789,1.12085,34340,5,0,-0.005077358708291735,-1
2015-05-11,1.12,1.12053,1.11305,1.11542,48198,6,0,-0.004844537627693102,-1
2015-05-12,1.11544,1.1278,1.11337,1.12127,105463,7,0,0.005244661203851475,1
2015-05-13,1.12127,1.13821,1.12019,1.13542,86143,5,0,0.012619618825082446,1
2015-05-14,1.13535,1.14442,1.13402,1.14095,105449,5,0,0.004870444417043762,1
2015-05-15,1.14094,1.14661,1.13233,1.14466,77665,1,0,0.0032516762347167827,1
2015-05-18,1.14485,1.14485,1.12979,1.1314,51726,6,0,-0.011584225883668586,-1
2015-05-19,1.13146,1.13256,1.11184,1.1149,112121,7,0,-0.014583701608626432,-1
2015-05-20,1.11506,1.11514,1.10616,1.10932,122301,7,0,-0.005004933177863435,-1
2015-05-21,1.10917,1.11807,1.1078999999999999,1.11113,109322,4,0,0.0016316301878627204,1
2015-05-22,1.11113,1.12069,1.10016,1.10141,105137,7,0,-0.008747851286528108,-1
2015-05-25,1.10052,1.10089,1.09584,1.09769,60698,7,0,-0.0033774888551946214,-1
2015-05-26,1.09764,1.09806,1.08626,1.08723,113774,5,0,-0.009529102023340008,-1
2015-05-27,1.08718,1.09284,1.08185,1.09034,107899,7,0,0.002860480303155777,1
2015-05-28,1.09035,1.09579,1.08681,1.09473,117478,7,0,0.00402626703597031,1
2015-05-29,1.09471,1.10053,1.09251,1.09895,104414,7,0,0.0038548317850064517,1
2015-06-01,1.09835,1.09876,1.08865,1.0925799999999999,118185,5,0,-0.0057964420583286325,-1
2015-06-02,1.09257,1.11927,1.09152,1.11501,189524,5,0,0.020529389152281974,1
2015-06-03,1.11499,1.12843,1.10811,1.12737,102112,2,0,0.011085102375763434,1
2015-06-04,1.12736,1.1379299999999999,1.12219,1.12372,67030,1,0,-0.0032376238501999888,-1
2015-06-05,1.1237,1.12793,1.10489,1.11163,185260,5,0,-0.01075890791300338,-1
2015-06-08,1.11018,1.13063,1.10837,1.12908,151939,5,0,0.01569766918848914,1
2015-06-09,1.12902,1.13446,1.12136,1.12817,171017,5,0,-0.0008059659191556046,-1
2015-06-10,1.12796,1.13855,1.12599,1.1323,187092,5,0,0.0036607958020513642,1
2015-06-11,1.13232,1.13306,1.11816,1.1256599999999999,150647,5,0,-0.0058641702728960965,-1
2015-06-12,1.12567,1.12961,1.11509,1.12621,148197,5,0,0.0004886022422401215,1
2015-06-15,1.12133,1.12938,1.11893,1.1282,112556,6,0,0.0017669883947044607,1
2015-06-16,1.1283,1.13292,1.12044,1.12467,128956,4,0,-0.0031288778585357724,-1
2015-06-17,1.12467,1.13574,1.12057,1.13365,150512,5,0,0.007984564361101398,1
2015-06-18,1.13365,1.1436,1.13297,1.13595,164081,5,0,0.0020288448815772853,1
2015-06-19,1.13575,1.13962,1.12915,1.13483,127247,5,0,-0.0009859588890356319,-1
2015-06-22,1.1374,1.14097,1.1311499999999999,1.13396,132015,5,0,-0.0007666346501237209,-1
2015-06-23,1.13398,1.13469,1.11347,1.11674,155646,5,0,-0.015185720836713879,-1
2015-06-24,1.11663,1.12344,1.11539,1.12033,143646,5,0,0.0032147142575711385,1
2015-06-25,1.12056,1.12273,1.11534,1.12035,122528,5,0,1.785188292724449e-05,1
2015-06-26,1.12023,1.12194,1.11297,1.11713,118028,5,0,-0.0028741018431740484,-1
2015-06-29,1.10047,1.12776,1.09538,1.1235,193963,5,0,0.005702111661131548,1
2015-06-30,1.12346,1.12437,1.11123,1.11453,156812,5,0,-0.00798397863818423,-1
2015-07-01,1.1138,1.11708,1.10425,1.10518,135383,5,0,-0.008389186473221844,-1
2015-07-02,1.10525,1.11209,1.1031900000000001,1.10826,127664,4,0,0.0027868763459346635,1
2015-07-03,1.10835,1.11175,1.10643,1.11038,100405,4,0,0.001912908523270529,1
2015-07-06,1.09794,1.1095,1.09688,1.10551,153241,7,0,-0.004385885912930654,-1
2015-07-07,1.10551,1.10581,1.09158,1.10103,173620,5,0,-0.004052428291015042,-1
2015-07-08,1.10104,1.10925,1.09734,1.10756,160168,6,0,0.005930810241319584,1
2015-07-09,1.10754,1.11245,1.0991,1.10353,143058,4,0,-0.00363862905847101,-1
2015-07-10,1.10353,1.12153,1.103,1.11541,157300,6,0,0.010765452683660692,1
2015-07-13,1.10993,1.11963,1.09948,1.10001,148997,5,0,-0.013806582332953843,-1
2015-07-14,1.10001,1.10808,1.09649,1.10082,143590,5,0,0.0007363569422096372,1
2015-07-15,1.10082,1.10349,1.09293,1.09477,142338,7,0,-0.00549590305408687,-1
2015-07-16,1.09483,1.0962,1.08549,1.0873,142440,5,0,-0.006823351023502733,-1
2015-07-17,1.08731,1.09063,1.08281,1.08299,118379,7,0,-0.003963947392623957,-1
2015-07-20,1.08332,1.08695,1.08078,1.08245,115065,7,0,-0.0004986195625075185,-1
2015-07-21,1.08243,1.0969,1.08109,1.09324,148089,5,0,0.009968127858099862,1
2015-07-22,1.09341,1.09662,1.08691,1.09278,201564,4,0,-0.00042076762650467003,-1
2015-07-23,1.09234,1.1018,1.09213,1.09826,167751,5,186244709000,0.005014733066124766,1
2015-07-24,1.098,1.09955,1.09251,1.09762,123864,7,175995652000,-0.0005827399704987357,-1
2015-07-27,1.09759,1.11292,1.09687,1.10866,144811,7,203628425000,0.01005812576301457,1
2015-07-28,1.10871,1.10995,1.10219,1.10592,130748,5,189336562000,-0.002471452023163012,-1
2015-07-29,1.10588,1.10837,1.09667,1.09821,137573,7,191688935000,-0.006971571180555691,-1
2015-07-30,1.09809,1.0989,1.08931,1.09313,141300,5,195616530000,-0.004625709108458276,-1
2015-07-31,1.09304,1.11139,1.09208,1.09831,153941,7,194204244000,0.004738686158096472,1
2015-08-03,1.09711,1.09957,1.0941,1.09503,133189,5,191679044000,-0.0029864063879960767,-1
2015-08-04,1.09493,1.09873,1.08786,1.08809,145962,7,205382383000,-0.006337725907052727,-1
2015-08-05,1.08783,1.0937000000000001,1.08477,1.09052,146918,6,213087197000,0.0022332711448500575,1
2015-08-06,1.09041,1.09433,1.08733,1.09235,130219,5,187670096000,0.001678098521806115,1
2015-08-07,1.09216,1.0977999999999999,1.08548,1.0964,124434,5,168302423000,0.003707602874536642,1
2015-08-10,1.09623,1.10411,1.0925,1.10154,100312,4,140314348000,0.004688070047427884,1
2015-08-11,1.10167,1.1088,1.09602,1.1037,135337,7,182689070000,0.001960891116073782,1
2015-08-12,1.1039,1.12137,1.1024,1.11553,143564,7,190941796000,0.010718492343934072,1
2015-08-13,1.11563,1.11885,1.10796,1.11476,111571,7,152605943000,-0.0006902548564359234,-1
2015-08-14,1.1146,1.11885,1.10976,1.111,110116,4,152786016000,-0.0033729233198177555,-1
2015-08-17,1.1114,1.11245,1.10584,1.10728,120954,7,182187001000,-0.0033483348334832908,-1
2015-08-18,1.10738,1.10935,1.10171,1.10228,118625,7,180837478000,-0.00451556968427147,-1
2015-08-19,1.10238,1.11342,1.10174,1.1116,149578,7,203361542000,0.00845520194505922,1
2015-08-20,1.11154,1.1244399999999999,1.11067,1.12375,154304,7,206698894000,0.010930190716085031,1
2015-08-21,1.12372,1.13884,1.12289,1.13865,186431,7,244278598000,0.013259176863181343,1
2015-08-24,1.13742,1.17138,1.13679,1.16129,261024,7,208434553000,0.01988319501163649,1
2015-08-25,1.16168,1.16214,1.13961,1.15127,240331,7,286284085000,-0.00862833573009314,-1
2015-08-26,1.15155,1.15612,1.12912,1.1311499999999999,231687,7,293677321000,-0.017476352202350554,-1
2015-08-27,1.13072,1.13642,1.12028,1.12393,182216,7,231542552000,-0.006382884674888234,-1
2015-08-28,1.12428,1.13094,1.11559,1.11803,157044,7,219971880000,-0.005249437242532906,-1
2015-08-31,1.11767,1.1262,1.11692,1.1209,123174,7,184163777000,0.0025670151963721466,1
2015-09-01,1.12079,1.13318,1.12077,1.13133,174012,7,235490083000,0.00930502274957612,1
2015-09-02,1.13127,1.13193,1.12162,1.12258,159394,7,223252877000,-0.007734259676663746,-1
2015-09-03,1.12252,1.1243,1.10869,1.11222,143763,7,205831706000,-0.009228740936057966,-1
2015-09-04,1.11206,1.11894,1.10897,1.11469,145529,7,204847038000,0.002220783657909342,1
2015-09-07,1.11571,1.11774,1.1121,1.11684,112259,7,153195005000,0.0019287873758624396,1
2015-09-08,1.1166800000000001,1.12292,1.11522,1.12012,144640,7,208937710000,0.002936857562408246,1
2015-09-09,1.11981,1.1216,1.11313,1.1206,153104,7,234688486000,0.00042852551512351233,1
2015-09-10,1.1202,1.1295,1.11715,1.12776,168140,7,243099980000,0.006389434231661717,1
2015-09-11,1.12755,1.13493,1.12538,1.13395,146209,7,202645013000,0.005488756473008394,1
2015-09-14,1.1329799999999999,1.13729,1.12832,1.1315,123048,7,197075491000,-0.0021605890912298475,-1
2015-09-15,1.13145,1.13284,1.1258,1.12687,137018,7,213710198000,-0.0040919133893061455,-1
2015-09-16,1.1268,1.13204,1.12138,1.1289,132532,7,199504615000,0.0018014500341654305,1
2015-09-17,1.12885,1.14408,1.12842,1.14336,145689,7,205113452000,0.01280892904597386,1
2015-09-18,1.14333,1.146,1.12691,1.12985,159089,7,236593818000,-0.011816050937587419,-1
2015-09-21,1.12823,1.1329799999999999,1.11809,1.11888,139437,7,216321879000,-0.009709253440722154,-1
2015-09-22,1.11886,1.12072,1.1113,1.11236,136505,7,221709409000,-0.0058272558272558506,-1
2015-09-23,1.11229,1.1213,1.11049,1.11844,143671,7,213755312000,0.00546585637743191,1
2015-09-24,1.11843,1.1295600000000001,1.11641,1.12321,159672,7,233081365000,0.004264868924573451,1
2015-09-25,1.1228,1.1228,1.11159,1.11994,156142,7,218375155000,-0.00291129886664121,-1
2015-09-28,1.1191,1.12474,1.11463,1.12436,145183,7,213683913000,0.003946639998571477,1
2015-09-29,1.12441,1.1280999999999999,1.11935,1.12478,156307,7,235262493000,0.00037354583941073827,1
2015-09-30,1.12469,1.1261,1.11569,1.11763,144420,4,227797803000,-0.006356798662849661,-1
2015-10-01,1.11748,1.1209,1.11347,1.11939,136303,7,211697027000,0.0015747608779292932,1
2015-10-02,1.11931,1.13181,1.11501,1.1209500000000001,152574,7,215596311000,0.0013936161659475754,1
2015-10-05,1.12202,1.1289,1.11731,1.11871,155664,7,239551558000,-0.001998305009143997,-1
2015-10-06,1.11854,1.12792,1.11717,1.12704,136981,7,223034765000,0.007446076284291614,1
2015-10-07,1.12706,1.1284,1.12112,1.12368,145693,7,243815744000,-0.002981260647359485,-1
2015-10-08,1.12353,1.13265,1.12341,1.12756,139258,7,225090409000,0.0034529403388863233,1
2015-10-09,1.12748,1.13869,1.12667,1.13569,145604,7,226459743000,0.007210259321011936,1
2015-10-12,1.13588,1.1396600000000001,1.13547,1.13578,94013,7,146606375000,7.92469776083049e-05,1
2015-10-13,1.13571,1.14108,1.13438,1.13782,124917,7,206748865000,0.0017961224885101323,1
2015-10-14,1.13773,1.14889,1.13768,1.1473,138506,7,228096319000,0.008331722065001435,1
2015-10-15,1.14723,1.1494900000000001,1.13629,1.13803,144400,7,235172570000,-0.008079839623463703,-1
2015-10-16,1.13819,1.13945,1.13339,1.13474,122270,7,184775914000,-0.002890960695236533,-1
2015-10-19,1.13546,1.13788,1.1305399999999999,1.13269,124837,7,197187155000,-0.0018065812432804806,-1
2015-10-20,1.13268,1.13868,1.1323699999999999,1.13453,110310,7,184550685000,0.0016244515268961646,1
2015-10-21,1.1343,1.13772,1.13342,1.13382,111411,7,188934438000,-0.0006258098067041251,-1
2015-10-22,1.13372,1.13507,1.10998,1.11087,150246,7,245739417000,-0.020241308144149928,-1
2015-10-23,1.11055,1.11394,1.0996299999999999,1.10169,153746,7,239950531000,-0.008263793243133755,-1
2015-10-26,1.10071,1.10682,1.10035,1.10529,114119,7,191914735000,0.003267706886692201,1
2015-10-27,1.10524,1.1078000000000001,1.103,1.10462,115382,7,177658025000,-0.0006061757547793922,-1
2015-10-28,1.10454,1.10955,1.08966,1.09267,128620,7,208717084000,-0.010818199923955718,-1
2015-10-29,1.09268,1.09862,1.09026,1.0985800000000001,125217,7,205707051000,0.0054087693448159335,1
2015-10-30,1.0985800000000001,1.10723,1.09653,1.1005,137706,7,215424727000,0.0017477106810608323,1
2015-11-02,1.10266,1.10527,1.09998,1.1015,109114,7,180150735000,0.0009086778736937529,1
2015-11-03,1.10139,1.10298,1.09357,1.09627,119749,7,200543770000,-0.00474807081252826,-1
2015-11-04,1.09626,1.0967500000000001,1.08439,1.08653,136540,7,228434482000,-0.008884672571538133,-1
2015-11-05,1.08628,1.08972,1.08333,1.08828,133932,7,216939064000,0.0016106320120015116,1
2015-11-06,1.08825,1.08935,1.0707,1.0739,132696,7,202222443000,-0.013213511228727715,-1
2015-11-09,1.07283,1.07896,1.07191,1.0749900000000001,146695,4,219242469000,0.0010149920849240601,1
2015-11-10,1.075,1.07637,1.0674,1.07227,141813,4,224497885000,-0.002530256095405581,-1
2015-11-11,1.07214,1.07733,1.07054,1.07417,131074,7,197648428000,0.0017719417683979,1
2015-11-12,1.07432,1.08301,1.06906,1.0812,175868,7,263659947000,0.006544587914389499,1
2015-11-13,1.08103,1.08167,1.07137,1.07668,158760,7,246799231000,-0.004180540140584443,-1
2015-11-16,1.07366,1.07578,1.06744,1.06847,148817,7,230761945000,-0.00762529256603639,-1
2015-11-17,1.0677,1.06904,1.06305,1.0643,145784,6,237581338000,-0.0039027768678577823,-1
2015-11-18,1.06413,1.06922,1.06166,1.06583,135966,7,218959615000,0.001437564596448393,1
2015-11-19,1.06574,1.07628,1.06549,1.07338,156694,7,252476817000,0.007083681262490149,1
2015-11-20,1.07322,1.07382,1.06397,1.06451,141561,7,229651629000,-0.008263615867633023,-1
2015-11-23,1.06372,1.06565,1.05922,1.06354,150590,7,249074624000,-0.0009112173676152358,-1
2015-11-24,1.06355,1.0673300000000001,1.06193,1.06426,154783,7,244526722000,0.0006769844105534162,1
2015-11-25,1.0642800000000001,1.0689,1.05657,1.06238,163860,7,263077918000,-0.0017664856332098022,-1
2015-11-26,1.06228,1.0627,1.05996,1.06102,100405,7,156318896000,-0.001280144581035092,-1
2015-11-27,1.06101,1.06376,1.05682,1.05938,122303,7,193526246000,-0.001545682456504216,-1
2015-11-30,1.05887,1.05947,1.05576,1.05643,125836,2,206755500000,-0.0027846476240820373,-1
2015-12-01,1.05639,1.06369,1.05629,1.06324,142795,5,240856439000,0.006446238747479738,1
2015-12-02,1.0634,1.06355,1.05505,1.06135,148672,7,248002153000,-0.00177758549339746,-1
2015-12-03,1.06121,1.09807,1.05222,1.09385,193877,7,292711038000,0.03062137843312751,1
2015-12-04,1.09408,1.09559,1.08357,1.08779,197815,7,289168668000,-0.005540064908351239,-1
2015-12-07,1.08681,1.08872,1.07958,1.08366,137004,7,222472652000,-0.0037966886991055437,-1
2015-12-08,1.08348,1.09021,1.08299,1.0892,147793,7,234642636000,0.005112304597382877,1
2015-12-09,1.08895,1.10427,1.08789,1.10244,173961,7,260447059000,0.012155710613294346,1
2015-12-10,1.10214,1.10242,1.09247,1.09401,152562,7,234855869000,-0.007646674648960627,-1
2015-12-11,1.09395,1.10305,1.09263,1.09894,163728,7,217507404000,0.004506357345910983,1
2015-12-14,1.09801,1.10483,1.09452,1.09922,173997,7,248298521000,0.00025479098039937753,1
2015-12-15,1.09905,1.10593,1.09044,1.09285,159311,7,229326984000,-0.0057950182856935095,-1
2015-12-16,1.09289,1.10116,1.08878,1.09104,173023,7,228037815000,-0.001656219975294082,-1
2015-12-17,1.09097,1.09138,1.08023,1.08245,150539,7,201998033000,-0.007873221880041137,-1
2015-12-18,1.08242,1.08742,1.08047,1.08613,156544,7,201864071000,0.00339969513603422,1
2015-12-21,1.08511,1.09387,1.08457,1.09139,127939,7,165604315000,0.004842882527874126,1
2015-12-22,1.09133,1.09839,1.09021,1.09568,120357,7,159462304000,0.003930767186798301,1
2015-12-23,1.09506,1.09568,1.08696,1.09099,104495,7,130519778000,-0.004280446845794428,-1
2015-12-24,1.09087,1.09673,1.09023,1.09542,61302,3,70143103000,0.004060532177196929,1
2015-12-28,1.0944099999999999,1.09922,1.0944099999999999,1.09681,79315,7,90971557000,0.0012689196837742944,1
2015-12-29,1.09641,1.09914,1.08988,1.0918,92900,7,110391898000,-0.004567792051494712,-1
2015-12-30,1.09214,1.09434,1.0901399999999999,1.09312,93938,7,113234571000,0.0012090126396775425,1
2015-12-31,1.09303,1.09368,1.08526,1.08609,66736,7,78696821000,-0.00643113290398134,-1
2016-01-04,1.08696,1.09462,1.07808,1.08319,157687,7,203037774000,-0.002670128626541035,-1
2016-01-05,1.08274,1.08386,1.07104,1.07463,132203,7,183164305000,-0.007902584034195415,-1
2016-01-06,1.07464,1.07992,1.07127,1.07796,149117,7,199604728000,0.003098740962005575,1
2016-01-07,1.07789,1.09399,1.07707,1.09287,177685,7,235053822000,0.01383168206612484,1
2016-01-08,1.09243,1.09331,1.08028,1.09245,172703,7,224941239000,-0.00038430920420551296,-1
2016-01-11,1.09171,1.09697,1.08476,1.08581,153753,5,208525277000,-0.006078081376722055,-1
2016-01-12,1.08568,1.08999,1.08193,1.0857,159298,7,218747711000,-0.00010130685847420384,-1
2016-01-13,1.08579,1.0887,1.08046,1.08757,165246,7,238781195000,0.0017223910840931111,1
2016-01-14,1.08739,1.09429,1.08342,1.08634,181007,7,261259365000,-0.0011309616852247517,-1
2016-01-15,1.08647,1.09844,1.0854300000000001,1.09132,184568,7,257717789000,0.004584200158329832,1
2016-01-18,1.09206,1.09273,1.08684,1.08941,128564,7,172660744000,-0.0017501741010886862,-1
2016-01-19,1.08894,1.09389,1.08591,1.09065,163116,7,235771451000,0.0011382307854710394,1
2016-01-20,1.09051,1.09757,1.08769,1.08883,192784,7,297034930000,-0.0016687296566266774,-1
2016-01-21,1.08876,1.09208,1.0777,1.0872600000000001,208559,7,304320742000,-0.001441914715795689,-1
2016-01-22,1.08727,1.08763,1.07888,1.07965,166857,4,257346292000,-0.006999245810569765,-1
2016-01-25,1.07886,1.08566,1.07886,1.08475,153222,7,244097483000,0.004723753068124115,1
2016-01-26,1.08474,1.0874,1.08185,1.08683,148897,7,233799945000,0.0019174925097946716,1
2016-01-27,1.08685,1.09163,1.08503,1.0892,176075,7,254195909000,0.0021806538281055055,1
2016-01-28,1.08925,1.09674,1.08694,1.0939,170459,7,224201936000,0.004315093646713342,1
2016-01-29,1.09384,1.09483,1.08096,1.083,209310,7,270680610000,-0.009964347746594826,-1
2016-02-01,1.08297,1.09125,1.08142,1.08873,149072,7,178886003000,0.005290858725761849,1
2016-02-02,1.08873,1.09397,1.08819,1.09177,151389,7,173470199000,0.0027922441744050452,1
2016-02-03,1.09158,1.11452,1.09034,1.11017,200352,7,225776652000,0.01685336655156333,1
2016-02-04,1.11016,1.12387,1.10693,1.12067,225686,7,292074146000,0.009458010935262218,1
2016-02-05,1.12053,1.12468,1.11084,1.11578,187784,7,286719575000,-0.004363461143780167,-1
2016-02-08,1.11415,1.12155,1.10862,1.1191200000000001,189737,7,308947652000,0.002993421642259353,1
2016-02-09,1.1191,1.13378,1.1162,1.1294,231656,7,335088672000,0.00918578883408383,1
2016-02-10,1.12903,1.13111,1.11602,1.12889,229356,7,338417156000,-0.0004515672038249985,-1
2016-02-11,1.12899,1.13761,1.12736,1.13218,253405,7,303158864000,0.002914367210268498,1
2016-02-12,1.1322,1.13337,1.12138,1.12503,208643,7,285054807000,-0.006315250225229163,-1
2016-02-15,1.12336,1.1249500000000001,1.11276,1.11531,159956,7,216456387000,-0.008639769606143766,-1
2016-02-16,1.1153,1.11928,1.11239,1.11423,168249,7,252286628000,-0.0009683406407187123,-1
2016-02-17,1.1142,1.11788,1.11057,1.11267,171626,7,231366771000,-0.0014000700035001756,-1
2016-02-18,1.11262,1.11493,1.10707,1.11058,166185,7,245431630000,-0.0018783646543900634,-1
2016-02-19,1.11063,1.1139000000000001,1.10664,1.11279,157798,7,217188046000,0.001989951196672113,1
2016-02-22,1.11111,1.11244,1.10028,1.10281,148929,7,237132892000,-0.008968448674053442,-1
2016-02-23,1.10273,1.10524,1.09898,1.1018,159977,7,262782117000,-0.000915842257505961,-1
2016-02-24,1.10173,1.10459,1.09571,1.10116,176041,7,298745929000,-0.0005808676710836735,-1
2016-02-25,1.10137,1.10496,1.09865,1.10168,161056,7,274334832000,0.00047222928548085186,1
2016-02-26,1.10168,1.10679,1.09114,1.09289,159885,7,273341678000,-0.007978723404255428,-1
2016-02-29,1.0913,1.09625,1.08589,1.08718,161758,7,263491697000,-0.005224679519439168,-1
2016-03-01,1.08751,1.08932,1.08338,1.08656,162298,5,258998695000,-0.0005702827498667018,-1
2016-03-02,1.08644,1.08807,1.08251,1.08672,160186,7,277718952000,0.00014725371815638155,1
2016-03-03,1.08676,1.09725,1.08533,1.09556,154816,7,252260177000,0.008134570082449999,1
2016-03-04,1.09556,1.1043,1.09027,1.10064,166289,7,242389152000,0.004636898024754421,1
2016-03-07,1.09879,1.10255,1.09397,1.10121,127729,7,221885497000,0.0005178805058874136,1
2016-03-08,1.10127,1.10575,1.09933,1.10096,142910,7,227473184000,-0.00022702300197063874,-1
2016-03-09,1.10095,1.10345,1.09457,1.09981,134228,7,227934982000,-0.0010445429443394216,-1
2016-03-10,1.09973,1.12177,1.08219,1.11759,176693,7,251523367000,0.016166428746783756,1
2016-03-11,1.11759,1.12093,1.10801,1.11462,150540,7,209617761000,-0.002657504093630192,-1
2016-03-14,1.11444,1.11759,1.10775,1.11012,127000,7,208908434000,-0.0040372503633524515,-1
2016-03-15,1.11012,1.11248,1.10715,1.11048,130357,7,210619657000,0.000324289266025124,1
2016-03-16,1.11049,1.1242,1.10575,1.1212,146973,7,201770198000,0.009653483178445388,1
2016-03-17,1.12123,1.13422,1.12048,1.13151,161032,7,202177158000,0.009195504816268407,1
2016-03-18,1.1313900000000001,1.13365,1.12558,1.1268799999999999,138417,7,214825698000,-0.00409187722600779,-1
2016-03-21,1.12682,1.1284399999999999,1.12344,1.12386,115649,7,166191958000,-0.002679965923611971,-1
2016-03-22,1.12386,1.12596,1.11881,1.1215,118562,7,149681676000,-0.0020999056822025297,-1
2016-03-23,1.12151,1.12231,1.11628,1.11796,90109,7,110528292000,-0.003156486847971318,-1
2016-03-24,1.11802,1.11874,1.11439,1.11786,104732,7,142564891000,-8.944863859172703e-05,-1
2016-03-25,1.11786,1.11789,1.11536,1.11613,45514,7,50904538000,-0.0015475998783389677,-1
2016-03-28,1.11599,1.12197,1.11527,1.11952,62033,7,107492825000,0.0030372806035139366,1
2016-03-29,1.1193,1.13032,1.11687,1.12893,141292,7,229344619000,0.008405388023438487,1
2016-03-30,1.12896,1.13652,1.12831,1.13387,152488,7,250207053000,0.004375824896140523,1
2016-03-31,1.1335899999999999,1.14115,1.13098,1.13788,145361,7,247984493000,0.0035365606286434925,1
2016-04-01,1.13777,1.14377,1.13344,1.13897,159690,7,265091454000,0.0009579217492179382,1
2016-04-04,1.13994,1.14123,1.1357,1.13888,129475,7,201912145000,-7.901876256632967e-05,-1
2016-04-05,1.13863,1.14049,1.1335600000000001,1.13826,146695,7,246752444000,-0.0005443944928349431,-1
2016-04-06,1.13826,1.14317,1.13262,1.13979,149211,7,244160300000,0.0013441568710137464,1
2016-04-07,1.13975,1.14538,1.13373,1.13767,165889,7,257431452000,-0.0018599917528668852,-1
2016-04-08,1.13751,1.1419,1.1348799999999999,1.13949,140419,7,217414690000,0.0015997609148521441,1
2016-04-11,1.14138,1.1447,1.13721,1.14097,126835,7,205171184000,0.001298826668070907,1
2016-04-12,1.14052,1.14645,1.13458,1.13835,144352,7,238679436000,-0.002296291751755164,-1
2016-04-13,1.13827,1.13909,1.1268,1.12723,151524,7,257584925000,-0.009768524618966046,-1
2016-04-14,1.12728,1.12945,1.12335,1.12663,137771,7,230033869000,-0.0005322782395783543,-1
2016-04-15,1.12616,1.13167,1.12453,1.12827,119449,7,186494558000,0.0014556686756077575,1
2016-04-18,1.12998,1.13317,1.12734,1.13119,119210,7,148461651000,0.002588033006283741,1
2016-04-19,1.13091,1.13842,1.1303,1.13575,121795,7,169921984000,0.004031153033531076,1
2016-04-20,1.1356600000000001,1.13876,1.12901,1.12952,129818,7,201561503000,-0.005485362095531521,-1
2016-04-21,1.12952,1.13985,1.12696,1.1286,147583,7,202846835000,-0.0008145052765776706,-1
2016-04-22,1.12859,1.13084,1.12154,1.12154,143320,7,206099671000,-0.006255537834485292,-1
2016-04-25,1.12167,1.12779,1.12145,1.1266,122000,7,172644030000,0.004511653619130973,1
2016-04-26,1.1266,1.13394,1.12559,1.1295,125742,7,197827389000,0.0025741168116455437,1
2016-04-27,1.12948,1.13611,1.12713,1.13191,131122,7,189349013000,0.0021336874723330013,1
2016-04-28,1.13199,1.13676,1.1296,1.13509,155075,7,214840865000,0.002809410642188759,1
2016-04-29,1.13509,1.1459,1.1347,1.14504,156574,4,230532280000,0.008765824736364669,1
2016-05-02,1.14582,1.15354,1.14479,1.15331,131824,7,179662354000,0.0072224551107384904,1
2016-05-03,1.15331,1.16159,1.14947,1.1494900000000001,159314,7,229552231000,-0.003312205738266294,-1
2016-05-04,1.1496,1.15292,1.14659,1.14855,156038,7,217122544000,-0.0008177539604521389,-1
2016-05-05,1.14829,1.14934,1.13856,1.14048,129054,7,183670486000,-0.0070262504897479205,-1
2016-05-06,1.1404,1.14796,1.13863,1.14009,138490,7,196953325000,-0.00034196127946117816,-1
2016-05-09,1.13939,1.14194,1.1375,1.13806,118175,7,173221091000,-0.0017805611837661273,-1
2016-05-10,1.13814,1.14096,1.13583,1.13717,117173,7,178481592000,-0.0007820325817620155,-1
2016-05-11,1.13691,1.14462,1.13686,1.14251,110018,7,171402650000,0.004695867812200438,1
2016-05-12,1.14242,1.14288,1.13702,1.13766,116605,7,186349913000,-0.004245039430727071,-1
2016-05-13,1.13736,1.13795,1.12825,1.1308799999999999,133533,7,214303443000,-0.005959601286851912,-1
2016-05-16,1.13098,1.1342,1.13019,1.13193,103824,7,159552610000,0.0009284804753821874,1
2016-05-17,1.13198,1.13482,1.13013,1.13118,120937,7,193573641000,-0.0006625851421907525,-1
2016-05-18,1.13111,1.13159,1.1214,1.12158,142939,7,240962107000,-0.008486712989975165,-1
2016-05-19,1.12144,1.12297,1.11796,1.12019,137673,7,222577909000,-0.0012393230977727487,-1
2016-05-20,1.12016,1.1237,1.1196,1.1221700000000001,100668,7,159216170000,0.0017675572893884883,1
2016-05-23,1.12033,1.12426,1.11873,1.1219,105512,7,162707941000,-0.00024060525588831538,-1
2016-05-24,1.12187,1.12267,1.11321,1.11393,122763,7,215466619000,-0.0071040199661287495,-1
2016-05-25,1.11398,1.11666,1.11285,1.11539,117544,7,200803395000,0.0013106748179867456,1
2016-05-26,1.11536,1.12164,1.11492,1.11927,117558,7,194347744000,0.003478603896394983,1
2016-05-27,1.11918,1.12004,1.11107,1.1113,110864,7,172103454000,-0.0071207126073244975,-1
2016-05-30,1.11125,1.11443,1.10977,1.1138,74596,7,101095229000,0.0022496175650139616,1
2016-05-31,1.11362,1.11731,1.11219,1.11303,134654,7,260318595000,-0.0006913269886873463,-1
2016-06-01,1.11301,1.11937,1.11138,1.11869,142623,7,239981471000,0.005085217828809663,1
2016-06-02,1.11865,1.12198,1.11449,1.1151,134491,7,230252800000,-0.003209110656213987,-1
2016-06-03,1.11499,1.1373199999999999,1.10707,1.13662,151235,7,260841265000,0.019298717603802418,1
2016-06-06,1.13542,1.13923,1.13262,1.13528,142741,7,238558863000,-0.0011789340324821485,-1
2016-06-07,1.13528,1.13801,1.1338300000000001,1.13555,121862,7,232684807000,0.00023782679162853704,1
2016-06-08,1.13563,1.14103,1.13541,1.13938,118280,7,212773199000,0.0033728149354939063,1
2016-06-09,1.13936,1.14151,1.13052,1.13129,129055,7,234791241000,-0.00710035282346555,-1
2016-06-10,1.1313,1.1320999999999999,1.1245,1.12533,133550,7,190393311000,-0.005268322004083781,-1
2016-06-13,1.12478,1.1302699999999999,1.12316,1.12893,149811,7,265786291000,0.0031990616085948442,1
2016-06-14,1.1289,1.1298,1.11886,1.12056,139493,7,244088637000,-0.007414100077064112,-1
2016-06-15,1.12068,1.12982,1.11894,1.12602,140534,7,235963293000,0.004872563718141043,1
2016-06-16,1.1258,1.12946,1.11307,1.1223,179607,7,300730192000,-0.0033036713379868132,-1
2016-06-17,1.12231,1.12961,1.12225,1.12752,136556,7,211145043000,0.0046511627906977715,1
2016-06-20,1.13308,1.13821,1.13018,1.13121,141590,7,233207905000,0.003272669220945046,1
2016-06-21,1.13093,1.13492,1.12428,1.12439,126239,7,193884624000,-0.006028942459843978,-1
2016-06-22,1.12421,1.13372,1.12362,1.12947,122068,7,195905220000,0.0045180053184392666,1
2016-06-23,1.12937,1.14208,1.1293,1.13791,141171,7,202045596000,0.007472531364268287,1
2016-06-24,1.1384,1.14278,1.09113,1.1091199999999999,298052,7,429939034000,-0.02530077071121628,-1
2016-06-27,1.1002399999999999,1.10833,1.09705,1.10237,211882,7,220133990000,-0.006085905943450487,-1
2016-06-28,1.10235,1.11112,1.10098,1.10647,154073,7,245216723000,0.0037192594138084623,1
2016-06-29,1.10641,1.113,1.10489,1.11235,152566,7,224389449000,0.005314197402550347,1
2016-06-30,1.1117,1.11541,1.10238,1.11048,172106,7,269098391000,-0.0016811255450173146,-1
2016-07-01,1.11014,1.11689,1.10716,1.11361,133497,7,192669653000,0.0028186009653483612,1
2016-07-04,1.11245,1.11591,1.10975,1.11532,94539,7,127629900000,0.001535546555796019,1
2016-07-05,1.11528,1.11862,1.10619,1.1075,128447,7,202579142000,-0.007011440662769597,-1
2016-07-06,1.10709,1.11112,1.10288,1.10989,159080,7,236141099000,0.0021580135440182335,1
2016-07-07,1.10969,1.11069,1.10522,1.10601,128413,7,186064340000,-0.003495841930281518,-1
2016-07-08,1.10601,1.11198,1.10016,1.10497,124816,7,196034624000,-0.0009403169953254853,-1
2016-07-11,1.10448,1.10743,1.10153,1.10568,115627,7,177721959000,0.00064255138148539,1
2016-07-12,1.10556,1.1126,1.10517,1.10604,142857,7,228770318000,0.00032559149120903186,1
2016-07-13,1.10595,1.11195,1.10418,1.10883,133693,7,217916982000,0.0025225127481827148,1
2016-07-14,1.10877,1.11644,1.1085,1.11191,150937,7,244531316000,0.002777702623486089,1
2016-07-15,1.11173,1.11486,1.1024,1.10244,140172,7,290529903000,-0.008516876365892823,-1
2016-07-18,1.10497,1.10839,1.10372,1.10748,108109,7,200246449000,0.004571677370196925,1
2016-07-19,1.10735,1.10801,1.09996,1.10189,109057,7,197807737000,-0.005047495214360542,-1
2016-07-20,1.10187,1.10298,1.0981,1.10129,105232,7,211557165000,-0.0005445189628727753,-1
2016-07-21,1.10122,1.106,1.09793,1.10237,134508,7,218944428000,0.0009806681255617455,1
2016-07-22,1.10229,1.10406,1.09551,1.09747,118458,7,172925190000,-0.004444968567722363,-1
2016-07-25,1.09725,1.09986,1.09516,1.09942,100144,7,158289821000,0.0017768139448004483,1
2016-07-26,1.09927,1.10294,1.09778,1.09855,103516,7,159726966000,-0.0007913263357044453,-1
2016-07-27,1.09821,1.10647,1.09314,1.10583,119260,7,178606045000,0.006626917300077473,1
2016-07-28,1.1057,1.11191,1.10519,1.10757,117064,7,166491563000,0.0015734787444723342,1
2016-07-29,1.10763,1.11972,1.1072,1.11743,140309,7,180590161000,0.008902371859115021,1
2016-08-01,1.11715,1.11831,1.11548,1.11614,101194,7,116101428000,-0.001154434729692233,-1
2016-08-02,1.11602,1.12334,1.11573,1.12209,116373,7,132347202000,0.005330872471195569,1
2016-08-03,1.12202,1.12265,1.11403,1.11474,99248,7,124760270000,-0.006550276715771464,-1
2016-08-04,1.11478,1.11561,1.11135,1.11282,110679,7,136334548000,-0.0017223747241510434,-1
2016-08-05,1.11252,1.11608,1.10453,1.10867,103834,7,123608737000,-0.003729264391366005,-1
2016-08-08,1.10795,1.11046,1.10716,1.10878,88072,7,110596909000,9.921798190637432e-05,1
2016-08-09,1.10855,1.11221,1.107,1.11169,93176,7,125489494000,0.0026245062140370923,1
2016-08-10,1.11151,1.11898,1.11114,1.11744,106029,7,148655311000,0.005172305228975604,1
2016-08-11,1.11744,1.11909,1.11349,1.11354,107170,7,166227314000,-0.0034901202749141325,-1
2016-08-12,1.11356,1.12209,1.11309,1.11634,109188,7,166632641000,0.0025145032957956115,1
2016-08-15,1.11659,1.12032,1.1153,1.11825,83715,7,114617140000,0.0017109482774064766,1
2016-08-16,1.1182,1.13221,1.1177,1.12772,123356,7,156360444000,0.008468589313659791,1
2016-08-17,1.1277300000000001,1.13155,1.12403,1.12874,114477,7,142330543000,0.00090447983542008,1
2016-08-18,1.12837,1.1366100000000001,1.12837,1.13536,121750,7,152999492000,0.005864946754788436,1
2016-08-19,1.13521,1.13591,1.13037,1.1323699999999999,110099,7,135203091000,-0.0026335259301014657,-1
2016-08-22,1.13087,1.13302,1.12707,1.1319,105292,7,135779511000,-0.00041505868223279396,-1
2016-08-23,1.1318,1.13548,1.13028,1.13041,100937,7,130072512000,-0.0013163707041258244,-1
2016-08-24,1.13039,1.13111,1.12448,1.12628,109242,7,135104472000,-0.003653541635335822,-1
2016-08-25,1.12625,1.1297,1.12588,1.12833,82751,7,90615060000,0.0018201512945272835,1
2016-08-26,1.1278299999999999,1.13406,1.11806,1.11856,122981,7,144472650000,-0.008658814353956767,-1
2016-08-29,1.11823,1.12074,1.11575,1.11889,94988,7,100022902000,0.00029502217136312403,1
2016-08-30,1.11873,1.1192,1.11317,1.11418,96173,7,107449318000,-0.004209529086862895,-1
2016-08-31,1.114,1.1165,1.11227,1.11571,103050,7,116624197000,0.0013732072017089703,1
2016-09-01,1.11562,1.12048,1.11272,1.11957,105894,7,115765550000,0.003459680382895236,1
2016-09-02,1.11927,1.12518,1.11449,1.11449,119722,7,128319760000,-0.004537456344846702,-1
2016-09-05,1.11564,1.11819,1.11393,1.11458,81686,7,85491202000,8.075442579102976e-05,1
2016-09-06,1.11456,1.1262699999999999,1.11404,1.12555,110662,7,111752409000,0.009842272425487852,1
2016-09-07,1.12516,1.12706,1.12283,1.12385,109600,7,113161874000,-0.0015103727066767547,-1
2016-09-08,1.12384,1.13266,1.1234,1.12607,127443,7,130598616000,0.001975352582640033,1
2016-09-09,1.12596,1.12849,1.11981,1.12235,121473,7,129108171000,-0.0033035246476683655,-1
2016-09-12,1.12304,1.1268,1.121,1.12349,126786,7,135125284000,0.001015725932195899,1
2016-09-13,1.12331,1.12601,1.12036,1.12182,124533,7,151370242000,-0.0014864395766762684,-1
2016-09-14,1.1218,1.12737,1.12097,1.1249500000000001,116530,7,145098461000,0.0027901089301314297,1
2016-09-15,1.12488,1.12833,1.12187,1.12435,123670,7,140884762000,-0.0005333570380907648,-1
2016-09-16,1.12422,1.12497,1.11492,1.11535,119434,7,138333230000,-0.008004624894383361,-1
2016-09-19,1.11531,1.11975,1.11505,1.11731,99139,7,108852103000,0.0017572959160800927,1
2016-09-20,1.1172900000000001,1.12131,1.1149499999999999,1.11501,113779,7,141376137000,-0.0020585155417922607,-1
2016-09-21,1.11486,1.11962,1.11228,1.11878,134851,7,142583455000,0.0033811355951964828,1
2016-09-22,1.11865,1.12569,1.11844,1.12068,110922,7,113265798000,0.0016982784819177255,1
2016-09-23,1.12068,1.12403,1.11935,1.12149,105350,7,107434035000,0.000722775457757896,1
2016-09-26,1.1229,1.12788,1.12204,1.12524,100826,7,130637233000,0.0033437658828878725,1
2016-09-27,1.12533,1.12586,1.11906,1.12137,119008,7,128073938000,-0.003439266289858245,-1
2016-09-28,1.12152,1.12365,1.11814,1.12163,121252,7,120679241000,0.0002318592436036937,1
2016-09-29,1.1216,1.12496,1.11965,1.1221,127561,7,141757934000,0.00041903301445245233,1
2016-09-30,1.12212,1.12503,1.11531,1.12399,159432,7,177491298000,0.0016843418590142267,1
2016-10-03,1.12262,1.12439,1.12049,1.12096,103336,7,123027778000,-0.0026957535209388706,-1
2016-10-04,1.12101,1.12384,1.11376,1.12042,146345,7,178500846000,-0.0004817299457607893,-1
2016-10-05,1.12015,1.1233,1.11894,1.12031,127464,7,149862744000,-9.817746916340742e-05,-1
2016-10-06,1.1203,1.12121,1.11395,1.11493,127469,7,158984828000,-0.004802242236523813,-1
2016-10-07,1.11481,1.12048,1.1104,1.11931,187746,7,208004910000,0.003928497753222127,1
2016-10-10,1.1181,1.12028,1.11309,1.1139000000000001,109958,7,137254865000,-0.004833334822345825,-1
2016-10-11,1.11346,1.11419,1.10486,1.1053,147615,7,175804876000,-0.007720621240686065,-1
2016-10-12,1.1053,1.10673,1.10041,1.10046,152051,7,162336030000,-0.004378901655659018,-1
2016-10-13,1.10063,1.10573,1.09851,1.10547,121174,7,119271680000,0.004552641622594056,1
2016-10-14,1.10543,1.10582,1.09699,1.09711,133087,7,135381567000,-0.007562394275737905,-1
2016-10-17,1.09689,1.10076,1.09635,1.09985,109813,7,107652751000,0.0024974706273754865,1
2016-10-18,1.09994,1.10262,1.09697,1.09794,108880,7,105709438000,-0.0017366004455153794,-1
2016-10-19,1.09783,1.10044,1.09547,1.09735,111049,7,108488167000,-0.0005373699837877277,-1
2016-10-20,1.0972,1.10388,1.09154,1.09285,119987,7,109650577000,-0.004100788262632604,-1
2016-10-21,1.09281,1.09293,1.0859,1.0873599999999999,107479,7,96972547000,-0.005023562245505042,-1
2016-10-24,1.08801,1.08993,1.08592,1.08812,95964,7,89487546000,0.0006989405532666915,1
2016-10-25,1.088,1.09045,1.08507,1.0888,117030,7,103118316000,0.0006249310737787006,1
2016-10-26,1.08863,1.09462,1.0874,1.09069,100906,7,67804537000,0.001735855988243884,1
2016-10-27,1.09068,1.09418,1.08821,1.08945,113193,7,98784317000,-0.001136894993077675,-1
2016-10-28,1.0896,1.09915,1.08926,1.09745,125686,7,101993231000,0.007343154802882168,1
2016-10-31,1.0984099999999999,1.09907,1.09355,1.09762,99166,7,88512027000,0.00015490455146016657,1
2016-11-01,1.09761,1.10686,1.0959699999999999,1.10564,114514,7,97073809000,0.007306718172044979,1
2016-11-02,1.10571,1.11228,1.10493,1.10946,130446,7,111010135000,0.0034550124814587413,1
2016-11-03,1.1095,1.11255,1.10595,1.1105,127812,7,117473429000,0.0009373929659475255,1
2016-11-04,1.11052,1.11405,1.10795,1.11375,117117,7,110484553000,0.0029266096352993376,1
2016-11-07,1.10616,1.11099,1.1027,1.10395,113657,7,109802749000,-0.00879910213243551,-1
2016-11-08,1.10396,1.10667,1.10083,1.10257,105103,7,95019544000,-0.0012500566148828662,-1
2016-11-09,1.10238,1.12991,1.09066,1.09077,289426,7,246325550000,-0.01070226833670429,-1
2016-11-10,1.09083,1.09533,1.08645,1.08907,179357,7,158515922000,-0.001558532046169292,-1
2016-11-11,1.08932,1.09229,1.08301,1.08503,169227,7,160288414000,-0.0037095870788839136,-1
2016-11-14,1.08316,1.08403,1.07087,1.07358,188186,7,168089765000,-0.010552703611881653,-1
2016-11-15,1.07357,1.08161,1.07138,1.07215,159227,7,143879007000,-0.001331992026677109,-1
2016-11-16,1.07205,1.07592,1.06656,1.06898,149265,7,134831474000,-0.002956675838268752,-1
2016-11-17,1.0689899999999999,1.07453,1.06197,1.06241,159831,7,151420646000,-0.006146045763250951,-1
2016-11-18,1.06216,1.06425,1.05687,1.05826,173588,7,144443074000,-0.003906213232179767,-1
2016-11-21,1.05915,1.06488,1.05785,1.06264,167387,7,142489429000,0.004138869464970885,1
2016-11-22,1.06256,1.06575,1.05835,1.06243,152885,7,133228806000,-0.00019762101934805987,-1
2016-11-23,1.0622,1.06433,1.05258,1.05516,150838,7,125758637000,-0.006842803761188843,-1
2016-11-24,1.05485,1.05849,1.05176,1.05517,136236,7,122215499000,9.477235679788976e-06,1
2016-11-25,1.05462,1.0627,1.05291,1.05772,153514,7,127857968000,0.0024166721950018566,1
2016-11-28,1.06079,1.06854,1.05632,1.06122,157206,7,126086435000,0.003309004273342797,1
2016-11-29,1.06116,1.06542,1.05645,1.06487,145680,7,126161934000,0.003439437628389941,1
2016-11-30,1.0647199999999999,1.06662,1.05521,1.0587,172645,7,155226682000,-0.005794134495290537,-1
2016-12-01,1.05891,1.06683,1.05842,1.06596,143640,7,101646983000,0.006857466704448978,1
2016-12-02,1.06581,1.06896,1.06248,1.06538,126286,7,87408156000,-0.0005441104731884749,-1
2016-12-05,1.06171,1.07959,1.05044,1.07631,167247,7,104697022000,0.01025925022057872,1
2016-12-06,1.07617,1.0785,1.06979,1.07177,108323,7,72887150000,-0.004218115598666028,-1
2016-12-07,1.07153,1.07679,1.07095,1.07513,90536,7,62082559000,0.0031350009796877742,1
2016-12-08,1.07521,1.08734,1.05968,1.06121,136595,7,88045362000,-0.012947271492749657,-1
2016-12-09,1.06117,1.06293,1.05306,1.05515,106246,7,72253473000,-0.005710462585162168,-1
2016-12-12,1.05326,1.06513,1.0525,1.06336,110141,7,61094185000,0.007780884234469099,1
2016-12-13,1.06333,1.06667,1.06034,1.06244,111390,7,78823399000,-0.0008651820643996722,-1
2016-12-14,1.06233,1.06698,1.04955,1.0534,130434,7,101128126000,-0.008508715786303411,-1
2016-12-15,1.05308,1.05389,1.0366,1.04126,176714,7,127697118000,-0.011524587051452317,-1
2016-12-16,1.04107,1.04738,1.04003,1.04401,131312,7,97566249000,0.0026410310585252006,1
2016-12-19,1.0437400000000001,1.04791,1.03922,1.0401,121196,7,97982474000,-0.003745174854647093,-1
2016-12-20,1.03998,1.04175,1.03519,1.03867,115654,7,95671895000,-0.0013748678011730187,-1
2016-12-21,1.03846,1.04509,1.03819,1.04228,105491,7,92722104000,0.003475598602058483,1
2016-12-22,1.0422,1.04989,1.04213,1.04355,110550,7,95386485000,0.0012184825574701463,1
2016-12-23,1.04326,1.047,1.04262,1.047,75127,7,62734680000,0.0033060227109384943,1
2016-12-26,1.04607,1.04668,1.03249,1.04491,47828,7,43544411000,-0.001996179560649458,-1
2016-12-27,1.04493,1.0463,1.04319,1.04566,72758,7,70709541000,0.0007177651663778928,1
2016-12-28,1.04546,1.04795,1.03717,1.04102,93872,7,82631639000,-0.0044373888261958205,-1
2016-12-29,1.04162,1.04936,1.04079,1.04892,115168,7,94690233000,0.007588711071833343,1
2016-12-30,1.04844,1.06522,1.04827,1.05068,148657,7,116766856000,0.0016779163329900815,1
2017-01-02,1.051,1.05275,1.0448,1.04519,72920,7,62314105000,-0.005225187497620576,-1
2017-01-03,1.04524,1.04898,1.03399,1.04044,139335,7,124695935000,-0.004544628249409266,-1
2017-01-04,1.04044,1.04996,1.03895,1.04871,138590,7,120546394000,0.007948560224520396,1
2017-01-05,1.04871,1.06149,1.04804,1.06055,170836,7,140005294000,0.011290061122712691,1
2017-01-06,1.06005,1.06207,1.05235,1.05235,146008,7,118344198000,-0.007731837254255081,-1
2017-01-09,1.05292,1.05826,1.05104,1.0572300000000001,125800,7,100548237000,0.004637240461823788,1
2017-01-10,1.05718,1.06268,1.05506,1.05534,147523,7,114947119000,-0.0017876904741638278,-1
2017-01-11,1.0553,1.06226,1.04534,1.05818,180859,7,147089506000,0.0026910758618075015,1
2017-01-12,1.05818,1.06844,1.0571,1.06109,180739,7,138775694000,0.002750004725094124,1
2017-01-13,1.06104,1.0673,1.05959,1.0642,140972,7,104055477000,0.0029309483644177625,1
2017-01-16,1.06023,1.06355,1.05789,1.05946,117923,7,93007350000,-0.0044540499906032816,-1
2017-01-17,1.05946,1.0719,1.05893,1.0712,171611,7,135952192000,0.0110811167953484,1
2017-01-18,1.07111,1.0715,1.06278,1.06286,145054,7,119681807000,-0.007785660941000749,-1
2017-01-19,1.06288,1.06763,1.05888,1.06627,167230,7,135222494000,0.0032083247088046107,1
2017-01-20,1.0661,1.0709,1.06248,1.06982,161072,7,144331742000,0.0033293631069053475,1
2017-01-23,1.07004,1.07688,1.0693,1.07631,156981,7,133345462000,0.006066441083546925,1
2017-01-24,1.07643,1.07745,1.07199,1.0731,142073,7,124086980000,-0.0029824121303343443,-1
2017-01-25,1.07288,1.07694,1.07109,1.07465,139081,7,120542746000,0.001444413381791243,1
2017-01-26,1.07477,1.07653,1.06572,1.0681,146134,7,129394794000,-0.006095007676918063,-1
2017-01-27,1.0679400000000001,1.07247,1.06579,1.06968,129909,7,113458241000,0.0014792622413630774,1
2017-01-30,1.07023,1.07399,1.062,1.0692,130424,7,110750726000,-0.00044873233116449196,-1
2017-01-31,1.06921,1.0812,1.06843,1.07968,168241,7,151410812000,0.009801720912832046,1
2017-02-01,1.07958,1.0807,1.07298,1.07675,147733,7,134342550000,-0.002713767042086479,-1
2017-02-02,1.07668,1.08284,1.07556,1.07569,150389,7,132245095000,-0.0009844439284885098,-1
2017-02-03,1.0757,1.07973,1.07106,1.07789,138674,7,119304954000,0.002045198895592515,1
2017-02-06,1.0784799999999999,1.07906,1.07053,1.07488,128085,7,115591625000,-0.0027924927404465727,-1
2017-02-07,1.07392,1.07492,1.06558,1.0682,129264,7,112363678000,-0.0062146472164335,-1
2017-02-08,1.06795,1.07138,1.06402,1.06969,128190,7,108838152000,0.0013948698745553934,1
2017-02-09,1.06971,1.07092,1.06505,1.06541,122349,7,101099097000,-0.004001159214351846,-1
2017-02-10,1.06552,1.06674,1.06072,1.0637699999999999,126662,7,114422901000,-0.0015393135037216066,-1
2017-02-13,1.06276,1.06581,1.05917,1.05972,111130,7,106744780000,-0.003807213965424716,-1
2017-02-14,1.05948,1.06331,1.05607,1.05764,122216,7,103411342000,-0.001962782621824699,-1
2017-02-15,1.05738,1.0609,1.0521,1.05991,129683,7,116084030000,0.0021462879618774355,1
2017-02-16,1.0598,1.0679,1.0590600000000001,1.06727,129206,7,116495545000,0.006943985810115905,1
2017-02-17,1.06725,1.06762,1.06051,1.06056,117825,7,104770343000,-0.006287068876666635,-1
2017-02-20,1.06069,1.06326,1.06029,1.06103,94749,7,85139246000,0.0004431621030398514,1
2017-02-21,1.06099,1.06149,1.05255,1.05349,114609,7,100725140000,-0.0071063023665681735,-1
2017-02-22,1.05345,1.05737,1.04933,1.05573,130425,7,109538608000,0.002126266030052504,1
2017-02-23,1.05526,1.05949,1.05373,1.05804,114714,7,94768004000,0.0021880594470178316,1
2017-02-24,1.05778,1.06176,1.05513,1.05513,114958,7,100126715000,-0.002750368606102005,-1
2017-02-27,1.05622,1.06304,1.05511,1.05851,112006,7,97471144000,0.0032033967378428674,1
2017-02-28,1.05851,1.06298,1.0568,1.05757,119666,7,105352358000,-0.0008880407365071674,-1
2017-03-01,1.05731,1.0589,1.05138,1.05459,145664,7,126835189000,-0.0028177803833315807,-1
2017-03-02,1.05457,1.05512,1.04946,1.05059,119742,7,104994477000,-0.0037929432291222698,-1
2017-03-03,1.05058,1.06236,1.05015,1.06166,132864,7,125473297000,0.010536936388124918,1
2017-03-06,1.06033,1.06397,1.05745,1.05803,110065,7,104138602000,-0.003419173746773918,-1
2017-03-07,1.05806,1.06022,1.0558,1.05655,101958,7,94807972000,-0.0013988261202422247,-1
2017-03-08,1.05635,1.05738,1.05345,1.05392,114282,7,107358534000,-0.002489233827078774,-1
2017-03-09,1.05392,1.06151,1.05247,1.05756,140205,7,124504405000,0.003453772582359349,1
2017-03-10,1.05737,1.06988,1.05721,1.06712,133854,7,119181762000,0.00903967623586377,1
2017-03-13,1.06832,1.07141,1.06519,1.06535,124435,7,111342427000,-0.0016586700652223563,-1
2017-03-14,1.0653299999999999,1.06624,1.05995,1.06077,114250,7,106060057000,-0.00429905664804997,-1
2017-03-15,1.06077,1.07397,1.06042,1.0735999999999999,130081,7,112206709000,0.012094987603344709,1
2017-03-16,1.07359,1.07738,1.07053,1.07715,139451,7,120738975000,0.0033066318926975313,1
2017-03-17,1.07715,1.07821,1.07272,1.07362,114154,7,104154429000,-0.0032771665970384722,-1
2017-03-20,1.07384,1.0777,1.07249,1.07363,97003,7,84523211000,9.314282520822559e-06,1
2017-03-21,1.07363,1.0819,1.07189,1.0806,129951,7,116244520000,0.006491994448739158,1
2017-03-22,1.08061,1.08245,1.07755,1.07919,127134,7,110369645000,-0.0013048306496390438,-1
2017-03-23,1.07919,1.08047,1.07677,1.07822,119707,7,107980394000,-0.0008988222648469435,-1
2017-03-24,1.07821,1.08178,1.076,1.07957,110958,7,100135223000,0.0012520635862811602,1
2017-03-27,1.08316,1.09057,1.08266,1.08638,115047,7,97826696000,0.006308067100790016,1
2017-03-28,1.08637,1.08723,1.07985,1.08123,101690,7,96475270000,-0.004740514368821169,-1
2017-03-29,1.08117,1.08263,1.07396,1.0764,110785,7,100452985000,-0.00446713465220161,-1
2017-03-30,1.07647,1.07695,1.06717,1.0674,109951,7,106763506000,-0.008361204013378032,-1
2017-03-31,1.06742,1.07017,1.06462,1.06462,111341,7,106169950000,-0.002604459434139006,-1
2017-04-03,1.06591,1.06807,1.06421,1.06683,95896,7,94785980000,0.002075858052638546,1
2017-04-04,1.0669,1.0677,1.06354,1.0672,90474,7,86249557000,0.0003468218928976974,1
2017-04-05,1.0671,1.06887,1.06345,1.06624,101806,7,93236041000,-0.0008995502248874132,-1
2017-04-06,1.0661100000000001,1.0683799999999999,1.06287,1.06434,102924,7,97219376000,-0.0017819627851141107,-1
2017-04-07,1.06425,1.06664,1.05804,1.05884,121252,7,114542638000,-0.005167521656613494,-1
2017-04-10,1.0586,1.06063,1.05695,1.05947,85374,7,79191654000,0.0005949907445883529,1
2017-04-11,1.05935,1.06299,1.05783,1.06037,91908,7,86127361000,0.000849481344445957,1
2017-04-12,1.06034,1.06749,1.05886,1.06633,97739,7,88365317000,0.005620679574110943,1
2017-04-13,1.06639,1.06773,1.06089,1.06122,96747,7,95979234000,-0.004792137518404238,-1
2017-04-14,1.06116,1.06294,1.06056,1.06096,56440,7,45221840000,-0.0002450010365430133,-1
2017-04-17,1.06102,1.06701,1.06025,1.06411,66325,7,67532222000,0.002969009199215833,1
2017-04-18,1.06415,1.07357,1.06365,1.07302,104650,7,103931995000,0.008373194500568726,1
2017-04-19,1.07279,1.07366,1.06995,1.07094,88867,7,87307347000,-0.0019384540828689678,-1
2017-04-20,1.07089,1.07773,1.07073,1.07161,89234,7,88524457000,0.0006256186154218746,1
2017-04-21,1.0716,1.07378,1.0682,1.07266,87727,7,86082253000,0.0009798340814288764,1
2017-04-24,1.09047,1.09061,1.08205,1.08667,127035,7,103386023000,0.013060988570469778,1
2017-04-25,1.08668,1.09497,1.08511,1.09245,98577,7,90073692000,0.005319002088950642,1
2017-04-26,1.09243,1.09506,1.08554,1.09033,114756,7,109146940000,-0.001940592246784667,-1
2017-04-27,1.09024,1.09325,1.08514,1.0872,107815,7,99620837000,-0.0028706905248869763,-1
2017-04-28,1.08702,1.09471,1.08567,1.08921,104029,7,93087443000,0.0018487858719646866,1
2017-05-01,1.09086,1.09234,1.08838,1.08985,61763,7,64751866000,0.0005875818253595622,1
2017-05-02,1.0897000000000001,1.09328,1.08878,1.09317,88672,7,84328787000,0.003046290773959681,1
2017-05-03,1.09276,1.09365,1.08825,1.08839,99328,7,94948140000,-0.004372604443956596,-1
2017-05-04,1.08847,1.09869,1.08745,1.09837,120420,7,113647146000,0.009169507253833808,1
2017-05-05,1.09837,1.09988,1.09476,1.09863,110899,7,96806407000,0.00023671440407135869,1
2017-05-08,1.1016,1.10176,1.09159,1.09236,114797,7,102473447000,-0.005707107943529688,-1
2017-05-09,1.09234,1.09331,1.08631,1.08729,113893,7,113434621000,-0.0046413270350432745,-1
2017-05-10,1.08728,1.08979,1.0853,1.08672,106932,7,106928918000,-0.0005242391634248111,-1
2017-05-11,1.08671,1.08927,1.0838700000000001,1.08611,102157,7,103268621000,-0.0005613221436984173,-1
2017-05-12,1.08611,1.09341,1.0855299999999999,1.09268,100190,7,98124945000,0.00604911104768413,1
2017-05-15,1.09318,1.09892,1.09222,1.09748,93364,7,88872571000,0.0043928689094701046,1
2017-05-16,1.09747,1.1097,1.0973,1.10825,114885,7,109665007000,0.009813390676823186,1
2017-05-17,1.10823,1.11618,1.10792,1.11583,138429,7,133803911000,0.00683961200090244,1
2017-05-18,1.11583,1.11716,1.10755,1.11027,166368,7,165624306000,-0.0049828378874918755,-1
2017-05-19,1.11025,1.12115,1.10957,1.1174,116792,7,115394091000,0.0064218613490409915,1
2017-05-22,1.11984,1.12631,1.11611,1.12371,109234,7,102022540000,0.005647037766243201,1
2017-05-23,1.12371,1.1268,1.11747,1.11825,133294,7,128299905000,-0.0048589048775929955,-1
2017-05-24,1.11821,1.12198,1.11681,1.12184,122089,7,114933781000,0.003210373351218321,1
2017-05-25,1.12181,1.12502,1.11932,1.12101,105897,7,104336743000,-0.0007398559509376179,-1
2017-05-26,1.121,1.12342,1.11602,1.11733,106175,7,98878338000,-0.003282753945103245,-1
2017-05-29,1.1166,1.11896,1.11615,1.11627,63380,7,60651428000,-0.0009486901810564774,-1
2017-05-30,1.11622,1.12051,1.11092,1.11855,113162,7,107107445000,0.0020425165954471858,1
2017-05-31,1.11853,1.1252,1.11643,1.1243,117413,7,110372985000,0.00514058379151594,1
2017-06-01,1.12429,1.12564,1.12018,1.12121,101176,7,95704177000,-0.002748376767766625,-1
2017-06-02,1.12123,1.12848,1.12047,1.12784,102096,7,91570872000,0.005913254430481185,1
2017-06-05,1.12699,1.12835,1.12339,1.12536,70597,7,0,-0.0021988934600652987,-1
2017-06-06,1.12546,1.12837,1.12401,1.12764,83702,7,0,0.0020260183407976307,1
2017-06-07,1.1274899999999999,1.12824,1.12037,1.12563,91241,7,0,-0.001782483771416432,-1
2017-06-08,1.12557,1.12691,1.11948,1.12122,96459,7,0,-0.003917806028623794,-1
2017-06-09,1.12153,1.12365,1.11661,1.11935,104926,7,0,-0.0016678261179786658,-1
2017-06-12,1.12045,1.12318,1.11916,1.12039,75047,7,0,0.0009291106445703523,1
2017-06-13,1.12015,1.12247,1.1185,1.121,70564,7,0,0.000544453270736156,1
2017-06-14,1.121,1.12954,1.11927,1.12173,113762,7,0,0.0006512042818911379,1
2017-06-15,1.12157,1.12283,1.11318,1.11449,103220,7,0,-0.006454316101022428,-1
2017-06-16,1.11435,1.12014,1.11382,1.11961,80713,7,0,0.004594029556119761,1
2017-06-19,1.12037,1.12125,1.11428,1.11476,73454,7,0,-0.004331865560329051,-1
2017-06-20,1.11476,1.11647,1.11186,1.11337,85437,7,0,-0.0012469051634432793,-1
2017-06-21,1.11319,1.11687,1.1127,1.11682,78520,7,0,0.0030987003422042747,1
2017-06-22,1.11682,1.11777,1.1139000000000001,1.11509,75887,7,0,-0.0015490410272022137,-1
2017-06-23,1.1151200000000001,1.12087,1.11449,1.11928,66542,7,0,0.0037575442340977983,1
2017-06-26,1.11969,1.12195,1.11714,1.1181,77077,7,0,-0.0010542491601743809,-1
2017-06-27,1.11785,1.1349,1.11785,1.13379,100855,7,0,0.014032734102495281,1
2017-06-28,1.13366,1.13901,1.12912,1.13762,124772,7,0,0.0033780506090193008,1
2017-06-29,1.13784,1.14451,1.13741,1.14396,104949,7,0,0.00557303844869117,1
2017-06-30,1.14396,1.14449,1.13919,1.14254,102491,7,0,-0.0012413021434317661,-1
2017-07-03,1.14175,1.14264,1.13548,1.13641,77342,7,0,-0.0053652388537819284,-1
2017-07-04,1.13612,1.13766,1.13357,1.13438,73694,7,0,-0.0017863271178535367,-1
2017-07-05,1.13401,1.13682,1.13121,1.13495,87936,7,0,0.0005024771240678128,1
2017-07-06,1.1350500000000001,1.14243,1.13269,1.14216,92188,7,0,0.0063527027622363175,1
2017-07-07,1.14207,1.14395,1.13794,1.13954,95190,7,0,-0.002293899278559941,-1
2017-07-10,1.13965,1.14177,1.13814,1.13985,68890,7,0,0.0002720395949242782,1
2017-07-11,1.1396600000000001,1.1479300000000001,1.13825,1.14659,85981,7,0,0.005913058735798504,1
2017-07-12,1.14641,1.1489099999999999,1.13914,1.14127,110284,7,0,-0.004639845105922746,-1
2017-07-13,1.14124,1.14556,1.137,1.1396600000000001,101933,7,0,-0.0014107091222934631,-1
2017-07-14,1.13958,1.14718,1.13912,1.14666,95464,7,0,0.006142182756260439,1
2017-07-17,1.14688,1.14866,1.14345,1.14777,85279,7,0,0.0009680288838889162,1
2017-07-18,1.1479,1.1583,1.14711,1.15538,123356,7,0,0.00663024822046232,1
2017-07-19,1.15539,1.1555900000000001,1.15097,1.15152,87143,7,0,-0.0033408921740033515,-1
2017-07-20,1.15135,1.1657899999999999,1.1479,1.16303,129413,7,0,0.009995484229539997,1
2017-07-21,1.16296,1.16825,1.16188,1.16623,100851,7,0,0.0027514337549332524,1
2017-07-24,1.16589,1.1684,1.16256,1.16417,93411,7,0,-0.0017663754147982935,-1
2017-07-25,1.16421,1.17122,1.16304,1.16464,105844,7,0,0.0004037211060239354,1
2017-07-26,1.16476,1.17394,1.16123,1.17262,115067,7,0,0.0068519027338920235,1
2017-07-27,1.17262,1.17765,1.16497,1.16757,126281,7,0,-0.004306595487029052,-1
2017-07-28,1.16757,1.17638,1.16709,1.17494,115408,7,0,0.00631225536798663,1
2017-07-31,1.1751800000000001,1.18446,1.17229,1.18397,106146,7,0,0.007685498833982951,1
2017-08-01,1.18397,1.18415,1.17849,1.18021,107716,7,0,-0.0031757561424697878,-1
2017-08-02,1.18006,1.191,1.17932,1.18545,105759,7,0,0.0044398878165750055,1
2017-08-03,1.18548,1.18926,1.18302,1.18706,102558,7,0,0.0013581340419250854,1
2017-08-04,1.18706,1.18889,1.17278,1.17719,101270,7,0,-0.008314659747611808,-1
2017-08-07,1.17729,1.18139,1.17679,1.17949,77256,7,0,0.0019538052480907453,1
2017-08-08,1.17942,1.18235,1.17149,1.17527,90325,7,0,-0.003577817531305816,-1
2017-08-09,1.17502,1.17635,1.16885,1.17578,108589,7,0,0.00043394283866682315,1
2017-08-10,1.17558,1.1785,1.17039,1.17725,105884,7,0,0.0012502338872917296,1
2017-08-11,1.17717,1.18468,1.17483,1.18189,99755,7,0,0.003941388829900472,1
2017-08-14,1.18212,1.1838,1.17694,1.17811,83133,7,0,-0.0031982671822251563,-1
2017-08-15,1.17811,1.17923,1.16869,1.17341,99746,7,0,-0.003989440714364467,-1
2017-08-16,1.17337,1.17783,1.16809,1.17667,107933,7,0,0.002778227558994706,1
2017-08-17,1.17673,1.17897,1.16619,1.17228,118611,7,0,-0.003730867617938838,-1
2017-08-18,1.17222,1.17741,1.1708,1.17578,106589,7,0,0.002985634831269124,1
2017-08-21,1.1759,1.18277,1.17307,1.18151,75165,7,0,0.0048733606627089365,1
2017-08-22,1.1814,1.18239,1.17448,1.17611,80786,7,0,-0.0045704225948152155,-1
2017-08-23,1.17611,1.1823,1.17398,1.18086,83246,7,0,0.004038737873158116,1
2017-08-24,1.18086,1.18175,1.17838,1.17993,80722,7,0,-0.000787561607641929,-1
2017-08-25,1.17987,1.19411,1.17728,1.19209,102284,7,0,0.010305696100616268,1
2017-08-28,1.1942300000000001,1.19834,1.19166,1.19775,78629,7,0,0.004747963660461929,1
2017-08-29,1.19775,1.20699,1.19461,1.19786,132534,7,0,9.183886453745238e-05,1
2017-08-30,1.1971,1.19839,1.18813,1.18819,107032,7,0,-0.008072729701300574,-1
2017-08-31,1.18825,1.19123,1.18228,1.19039,106358,7,0,0.0018515557276193029,1
2017-09-01,1.19039,1.19795,1.18499,1.18627,110698,7,0,-0.003461050580062075,-1
2017-09-04,1.18807,1.19217,1.18735,1.18934,83495,7,0,0.0025879437227613877,1
2017-09-05,1.18934,1.19404,1.18679,1.19165,111039,7,0,0.0019422536869189155,1
2017-09-06,1.19081,1.195,1.19025,1.19187,110713,7,0,0.00018461796668467478,1
2017-09-07,1.19158,1.20593,1.19136,1.20233,127459,7,0,0.008776124912951877,1
2017-09-08,1.20208,1.2092100000000001,1.20145,1.20337,132416,7,0,0.0008649871499506467,1
2017-09-11,1.20161,1.20292,1.19489,1.19524,94949,7,0,-0.0067560268246673605,-1
2017-09-12,1.19522,1.19781,1.19262,1.19662,98874,1,1054193000,0.0011545798333387758,1
2017-09-13,1.19661,1.19949,1.18729,1.18848,91691,1,0,-0.0068024936905617395,-1
2017-09-14,1.18848,1.19223,1.1837900000000001,1.19187,104436,1,0,0.0028523828756057412,1
2017-09-15,1.19187,1.19867,1.19009,1.19447,106378,1,0,0.002181445963066464,1
2017-09-18,1.1923300000000001,1.19693,1.1915,1.1952099999999999,81949,1,0,0.0006195216288396033,1
2017-09-19,1.1952099999999999,1.20065,1.19481,1.19935,98023,1,0,0.003463826440541773,1
2017-09-20,1.19936,1.2033,1.18611,1.18926,111009,1,0,-0.008412890315587562,-1
2017-09-21,1.18926,1.19535,1.18656,1.19407,105748,1,0,0.004044531893782732,1
2017-09-22,1.1939899999999999,1.20045,1.19366,1.19465,96464,1,0,0.00048573366720550126,1
2017-09-25,1.18987,1.19366,1.18321,1.18472,99349,1,0,-0.008312057924915295,-1
2017-09-26,1.18472,1.18615,1.17573,1.17925,109990,1,0,-0.0046171247214532585,-1
2017-09-27,1.17925,1.1795200000000001,1.17171,1.17444,109641,1,0,-0.004078863684545242,-1
2017-09-28,1.17444,1.1804000000000001,1.1721,1.17858,96028,1,0,0.003525084295494141,1
2017-09-29,1.17854,1.18324,1.17725,1.18131,86784,1,0,0.0023163467902052037,1
2017-10-02,1.17945,1.18151,1.17302,1.17326,82363,1,0,-0.006814468683072228,-1
2017-10-03,1.17326,1.1773500000000001,1.1696,1.17434,79408,1,0,0.0009205120774593567,1
2017-10-04,1.17434,1.17876,1.17349,1.1758899999999999,76900,1,0,0.0013198903213720303,1
2017-10-05,1.1758899999999999,1.17788,1.16991,1.17106,74302,1,0,-0.0041075270646062645,-1
2017-10-06,1.17106,1.17387,1.16692,1.1729,86157,1,0,0.0015712260686899793,1
2017-10-09,1.17305,1.17561,1.17195,1.17402,42403,1,0,0.0009548981157814218,1
2017-10-10,1.17402,1.18253,1.1739,1.1807699999999999,75653,1,0,0.005749476158838807,1
2017-10-11,1.1807699999999999,1.1869,1.17951,1.18581,77005,1,0,0.004268401128077581,1
2017-10-12,1.18581,1.18797,1.1827,1.1829399999999999,71471,1,0,-0.002420286555181783,-1
2017-10-13,1.1829399999999999,1.18749,1.18052,1.18195,78314,1,0,-0.0008368978984562014,-1
2017-10-16,1.1812,1.18194,1.17805,1.1795200000000001,62985,1,0,-0.002055924531494502,-1
2017-10-17,1.17958,1.18,1.17361,1.17659,66340,1,0,-0.0024840613130765465,-1
2017-10-18,1.1766,1.18053,1.173,1.17872,69408,1,0,0.0018103162529004013,1
2017-10-19,1.17872,1.18578,1.17681,1.18508,84852,1,0,0.0053956834532373765,1
2017-10-20,1.18508,1.18579,1.1762299999999999,1.17811,87654,1,0,-0.005881459479528783,-1
2017-10-23,1.17664,1.17774,1.1724700000000001,1.17487,62236,1,0,-0.0027501676413916876,-1
2017-10-24,1.17487,1.17929,1.17428,1.17606,67471,1,0,0.0010128780205469479,1
2017-10-25,1.17605,1.18176,1.17531,1.18126,88120,1,0,0.004421543118548366,1
2017-10-26,1.18126,1.18367,1.16403,1.16503,89540,1,0,-0.01373956622589434,-1
2017-10-27,1.16503,1.16568,1.1574200000000001,1.16075,92165,1,0,-0.003673725140125206,-1
2017-10-30,1.16054,1.16578,1.15933,1.16505,59230,1,0,0.0037045013999568166,1
2017-10-31,1.16503,1.16612,1.16248,1.1645699999999999,57679,1,0,-0.0004119994850007025,-1
2017-11-01,1.16451,1.16573,1.16063,1.16184,71448,1,0,-0.0023442128854426203,-1
2017-11-02,1.16177,1.16782,1.1613,1.16559,79755,1,0,0.0032276389175789344,1
2017-11-03,1.16559,1.16906,1.15991,1.16066,69187,1,0,-0.004229617618545012,-1
2017-11-06,1.16097,1.16241,1.15802,1.16089,66254,1,0,0.0001981631140901552,1
2017-11-07,1.1609099999999999,1.16157,1.1554,1.15854,73309,1,0,-0.0020243089353858545,-1
2017-11-08,1.15854,1.1611,1.15792,1.15943,59168,1,0,0.0007682082621229824,1
2017-11-09,1.15943,1.16548,1.15856,1.16411,77089,1,0,0.004036466194595745,1
2017-11-10,1.16411,1.16779,1.16227,1.16637,59113,1,0,0.0019413972906339172,1
2017-11-13,1.16574,1.1675200000000001,1.16373,1.16667,50702,1,0,0.000257208261529529,1
2017-11-14,1.16665,1.18048,1.16614,1.17974,66006,1,0,0.011202825134785321,1
2017-11-15,1.17974,1.18603,1.17846,1.17903,86935,1,0,-0.00060182752131821,-1
2017-11-16,1.17903,1.18008,1.17566,1.17695,71840,1,0,-0.0017641620654267332,-1
2017-11-17,1.17695,1.18217,1.17653,1.17884,71379,1,0,0.0016058456179108838,1
2017-11-20,1.17852,1.18085,1.17221,1.1733,81311,1,0,-0.004699535136235666,-1
2017-11-21,1.1733,1.17577,1.17129,1.17378,65234,1,0,0.00040910253132198093,1
2017-11-22,1.17378,1.18269,1.17321,1.18218,63677,1,0,0.0071563666104379475,1
2017-11-23,1.18218,1.1856,1.18132,1.18486,48643,1,0,0.002266998257456576,1
2017-11-24,1.18486,1.19443,1.18368,1.19287,63203,1,0,0.006760292355215025,1
2017-11-27,1.19265,1.19611,1.18955,1.18978,66198,1,0,-0.0025903912412920116,-1
2017-11-28,1.1897,1.19199,1.18268,1.18372,83602,1,0,-0.005093378607809784,-1
2017-11-29,1.18365,1.18827,1.18168,1.18468,76114,1,0,0.0008110026019665373,1
2017-11-30,1.18468,1.19315,1.18089,1.19035,83311,1,0,0.00478610257622325,1
2017-12-01,1.19031,1.19403,1.18508,1.18919,112210,1,0,-0.0009745032973496048,-1
2017-12-04,1.18618,1.18786,1.18291,1.18656,83207,1,0,-0.002211589401188929,-1
2017-12-05,1.18655,1.18766,1.18007,1.18261,83768,1,0,-0.003328950916936413,-1
2017-12-06,1.18247,1.1848,1.1780599999999999,1.17948,76974,1,0,-0.002646688257329055,-1
2017-12-07,1.17948,1.18147,1.17719,1.17719,70650,1,0,-0.0019415335571608683,-1
2017-12-08,1.17719,1.17765,1.17302,1.17731,79807,1,0,0.00010193766511790159,1
2017-12-11,1.1764999999999999,1.18118,1.17634,1.17685,61944,1,0,-0.0003907212204093957,-1
2017-12-12,1.17685,1.17927,1.17175,1.1741,63642,1,0,-0.0023367463992862714,-1
2017-12-13,1.1741,1.18315,1.17294,1.1825700000000001,79958,1,0,0.00721403628311057,1
2017-12-14,1.1825700000000001,1.18625,1.17707,1.17773,97269,1,0,-0.0040927809770248125,-1
2017-12-15,1.17774,1.18124,1.17482,1.17505,78757,1,0,-0.0022755640087286366,-1
2017-12-18,1.17435,1.18344,1.17375,1.17812,97584,1,0,0.0026126547806477607,1
2017-12-19,1.17812,1.18486,1.17766,1.18385,106375,1,0,0.004863681119070984,1
2017-12-20,1.18382,1.19017,1.18289,1.18702,103982,1,0,0.0026777041010261904,1
2017-12-21,1.18702,1.18896,1.18493,1.18724,94619,1,0,0.00018533807349507825,1
2017-12-22,1.18722,1.18754,1.18169,1.1863,103267,1,0,-0.0007917522994509429,-1
2017-12-26,1.18704,1.18785,1.18466,1.18579,30123,1,0,-0.0004299081176768471,-1
2017-12-27,1.18579,1.19103,1.18551,1.18865,85184,1,0,0.0024118941802511173,1
2017-12-28,1.18865,1.19589,1.18864,1.19422,79872,1,0,0.004685988306061484,1
2017-12-29,1.19422,1.20255,1.19362,1.20045,85664,1,0,0.005216794225519461,1
2018-01-02,1.20088,1.20812,1.20007,1.20579,92779,1,0,0.004448331875546607,1
2018-01-03,1.20579,1.20661,1.2001,1.20142,100595,1,0,-0.0036241799981754363,-1
2018-01-04,1.20142,1.20889,1.2004299999999999,1.20678,109715,1,0,0.004461387358292823,1
2018-01-05,1.20678,1.20828,1.20206,1.20298,113628,1,0,-0.0031488755199787777,-1
2018-01-08,1.20268,1.20523,1.19556,1.19669,88921,1,0,-0.005228682106103055,-1
2018-01-09,1.19669,1.19756,1.1915499999999999,1.19364,100787,1,0,-0.0025486968220674866,-1
2018-01-10,1.19364,1.20181,1.19232,1.19474,151752,1,0,0.000921550886364253,1
2018-01-11,1.19474,1.20588,1.19293,1.2031399999999999,155197,1,0,0.007030818420744156,1
2018-01-12,1.2031399999999999,1.2218499999999999,1.20308,1.22,189447,1,0,0.014013331781837612,1
2018-01-15,1.21932,1.22965,1.21875,1.22626,155933,1,0,0.005131147540983649,1
2018-01-16,1.22626,1.22834,1.21951,1.22595,164847,1,0,-0.00025280120039783416,-1
2018-01-17,1.22595,1.23231,1.21769,1.2184300000000001,204183,1,0,-0.006134018516252726,-1
2018-01-18,1.2184300000000001,1.22648,1.21652,1.22369,167647,1,0,0.004317030933250088,1
2018-01-19,1.22369,1.22954,1.22149,1.22224,160024,1,0,-0.0011849406303883203,-1
2018-01-22,1.22698,1.22708,1.22139,1.22615,129818,1,0,0.0031990443775364863,1
2018-01-23,1.22615,1.23062,1.2223,1.22983,147486,1,0,0.0030012641193979395,1
2018-01-24,1.22979,1.24149,1.22912,1.2407,185845,1,0,0.008838619971865969,1
2018-01-25,1.2407,1.25378,1.23638,1.23926,308719,1,0,-0.0011606351253323766,-1
2018-01-26,1.23926,1.24938,1.23699,1.24264,233580,1,0,0.002727434113906746,1
2018-01-29,1.24259,1.24321,1.23368,1.23813,184146,1,0,-0.0036293697289641047,-1
2018-01-30,1.23813,1.2454,1.23348,1.24021,176386,1,0,0.0016799528320936563,1
2018-01-31,1.24017,1.24748,1.2387,1.24132,208308,1,0,0.0008950097160964621,1
2018-02-01,1.24132,1.2522,1.23854,1.25078,185833,1,0,0.007620919666161852,1
2018-02-02,1.25073,1.2518099999999999,1.24091,1.2456,196693,1,0,-0.004141415756567901,-1
2018-02-05,1.24344,1.24749,1.23625,1.23665,212883,1,0,-0.007185292228644835,-1
2018-02-06,1.23658,1.24346,1.23139,1.2376800000000001,298127,1,0,0.0008328953220393398,1
2018-02-07,1.2376800000000001,1.2406,1.22457,1.22627,180783,1,0,-0.009218861094951958,-1
2018-02-08,1.2262,1.22948,1.22121,1.22467,237241,1,0,-0.0013047697489133592,-1
2018-02-09,1.22467,1.22873,1.22054,1.22498,231451,1,0,0.00025312941445454484,1
2018-02-12,1.22442,1.22973,1.2235,1.22906,136792,1,0,0.003330666623128531,1
2018-02-13,1.22906,1.2371,1.22845,1.23501,138960,1,0,0.004841098074951589,1
2018-02-14,1.2349700000000001,1.24651,1.2275800000000001,1.24494,197638,1,0,0.008040420725338171,1
2018-02-15,1.24491,1.25102,1.2448,1.25062,165673,1,0,0.004562468874002024,1
2018-02-16,1.25062,1.2555399999999999,1.2393399999999999,1.24105,171908,1,0,-0.007652204506564786,-1
2018-02-19,1.24008,1.24352,1.23691,1.2407,118021,1,0,-0.00028201925788651216,-1
2018-02-20,1.24068,1.24123,1.23196,1.23367,150082,1,0,-0.005666156202143835,-1
2018-02-21,1.23367,1.23598,1.2281,1.22822,190080,1,0,-0.004417713002666801,-1
2018-02-22,1.2281900000000001,1.23521,1.22595,1.23292,150020,1,0,0.0038266760026703928,1
2018-02-23,1.23292,1.23369,1.22798,1.22935,117594,1,0,-0.0028955650001623034,-1
2018-02-26,1.2293,1.2355,1.22779,1.23167,127575,1,0,0.0018871761499981154,1
2018-02-27,1.23167,1.23464,1.22215,1.22325,154107,1,0,-0.006836246721930506,-1
2018-02-28,1.22325,1.22416,1.21878,1.21929,141018,1,0,-0.0032372777437155165,-1
2018-03-01,1.21924,1.22733,1.21546,1.22651,172658,1,0,0.005921478893454291,1
2018-03-02,1.22651,1.23359,1.2251400000000001,1.23184,153468,1,0,0.004345663712485015,1
2018-03-05,1.23324,1.23645,1.22688,1.23353,159863,1,0,0.0013719314196649623,1
2018-03-06,1.23353,1.24201,1.2328000000000001,1.24033,148585,1,0,0.005512634471800393,1
2018-03-07,1.24033,1.24448,1.23848,1.2410700000000001,150782,1,0,0.000596615416865065,1
2018-03-08,1.2410700000000001,1.24462,1.22979,1.23103,175052,1,0,-0.00808979348465444,-1
2018-03-09,1.23102,1.23342,1.2273,1.23053,152115,1,0,-0.00040616394401449263,-1
2018-03-12,1.23096,1.23456,1.22903,1.23346,103057,1,0,0.00238108782394586,1
2018-03-13,1.23344,1.24074,1.23145,1.23911,134095,1,0,0.004580610639988381,1
2018-03-14,1.23911,1.24125,1.23471,1.2368000000000001,132189,1,0,-0.0018642412699435562,-1
2018-03-15,1.23678,1.23836,1.23003,1.23044,139664,1,0,-0.005142302716688363,-1
2018-03-16,1.2304599999999999,1.23362,1.226,1.22889,110331,1,0,-0.001259711972952715,-1
2018-03-19,1.22872,1.23588,1.2258,1.2334100000000001,117506,1,0,0.0036781160234033994,1
2018-03-20,1.2334100000000001,1.23547,1.22396,1.22435,111873,1,0,-0.007345489334446786,-1
2018-03-21,1.22435,1.23498,1.22417,1.23385,145129,1,0,0.007759219177522647,1
2018-03-22,1.23385,1.23885,1.2285,1.23056,150537,1,0,-0.0026664505409894623,-1
2018-03-23,1.23056,1.23733,1.23056,1.23514,125138,1,0,0.0037218827200622417,1
2018-03-26,1.2349700000000001,1.24615,1.23485,1.24431,111194,1,0,0.007424259598102445,1
2018-03-27,1.2442199999999999,1.24763,1.23719,1.2402,124710,1,0,-0.0033030354172192133,-1
2018-03-28,1.24017,1.24216,1.23,1.2307299999999999,123308,1,0,-0.007635865183035051,-1
2018-03-29,1.23079,1.23358,1.22839,1.23001,115697,1,0,-0.0005850186474692931,-1
2018-03-30,1.22999,1.23304,1.22866,1.23218,54735,1,0,0.0017642132990789428,1
2018-04-02,1.23192,1.2345,1.22811,1.23016,65570,1,0,-0.0016393708711390786,-1
2018-04-03,1.23018,1.2336,1.22536,1.22699,106695,1,0,-0.0025769005657799715,-1
2018-04-04,1.22699,1.23147,1.2257,1.22777,67672,1,0,0.0006357020024612137,1
2018-04-05,1.22774,1.22903,1.22183,1.22401,66831,1,0,-0.0030624628391311415,-1
2018-04-06,1.22394,1.22908,1.22149,1.22809,99875,1,0,0.0033333061004401365,1
2018-04-09,1.22794,1.23309,1.22602,1.23204,77883,1,0,0.0032163766499198054,1
2018-04-10,1.23184,1.23776,1.23027,1.23557,86437,1,0,0.0028651667153665183,1
2018-04-11,1.2355,1.23964,1.23469,1.23669,77839,1,0,0.0009064642229901221,1
2018-04-12,1.23657,1.23798,1.22992,1.23261,80071,1,0,-0.003299129126943745,-1
2018-04-13,1.23255,1.23459,1.2307,1.2328999999999999,63714,1,0,0.0002352731196404445,1
2018-04-16,1.23289,1.23945,1.23231,1.23792,57512,1,0,0.004071700867872563,1
2018-04-17,1.23783,1.24137,1.2336,1.23692,59231,1,0,-0.0008078066434017428,-1
2018-04-18,1.23689,1.23971,1.23415,1.23734,70339,1,0,0.00033955308346556023,1
2018-04-19,1.23726,1.24002,1.23291,1.23453,80260,1,0,-0.0022710006950394934,-1
2018-04-20,1.23446,1.23529,1.22496,1.22873,72329,1,0,-0.0046981442330278345,-1
2018-04-23,1.22695,1.22895,1.21975,1.22083,74477,1,0,-0.006429402716626176,-1
2018-04-24,1.22083,1.2245,1.21816,1.22318,80163,1,0,0.0019249199315218846,1
2018-04-25,1.22311,1.22387,1.216,1.21605,78942,1,0,-0.005829068493598544,-1
2018-04-26,1.21599,1.22099,1.20963,1.21031,116739,1,0,-0.0047202006496444016,-1
2018-04-27,1.21031,1.21329,1.20553,1.21293,90007,1,0,0.0021647346547579716,1
2018-04-30,1.21248,1.21387,1.20641,1.20774,87762,1,0,-0.004278894907373099,-1
2018-05-01,1.20772,1.2084,1.19814,1.1992099999999999,78079,1,0,-0.0070627784125724125,-1
2018-05-02,1.1992099999999999,1.20316,1.19379,1.19503,128842,1,0,-0.0034856280384585325,-1
2018-05-03,1.19503,1.20088,1.19477,1.19878,121867,1,0,0.0031379965356517214,1
2018-05-04,1.19878,1.19954,1.19108,1.1960899999999999,98396,1,0,-0.002243948013814112,-1
2018-05-07,1.19507,1.1978,1.18975,1.19218,65117,1,0,-0.003268984775393058,-1
2018-05-08,1.19218,1.19387,1.1838,1.1864,101635,1,0,-0.004848261168615586,-1
2018-05-09,1.18638,1.18969,1.18226,1.1850100000000001,92730,1,0,-0.0011716115981117436,-1
2018-05-10,1.18502,1.19465,1.18429,1.19149,122785,1,0,0.005468308284318102,1
2018-05-11,1.1914500000000001,1.19679,1.18911,1.19417,85555,1,0,0.002249284509311833,1
2018-05-14,1.19418,1.19961,1.1926,1.19262,80250,1,0,-0.0012979726504600553,-1
2018-05-15,1.19261,1.19385,1.18201,1.18374,110146,1,0,-0.00744579161845349,-1
2018-05-16,1.18374,1.18543,1.17631,1.18069,130008,1,0,-0.002576579316403982,-1
2018-05-17,1.18065,1.18374,1.17763,1.17931,115750,1,0,-0.0011688080698574188,-1
2018-05-18,1.17938,1.18221,1.17498,1.17705,87408,1,0,-0.0019163748293494764,-1
2018-05-21,1.17696,1.17957,1.17166,1.17911,78020,1,0,0.001750138057007078,1
2018-05-22,1.17911,1.18297,1.17565,1.1778,99635,1,0,-0.0011110074547753257,-1
2018-05-23,1.17782,1.17896,1.16758,1.16951,140803,1,0,-0.0070385464425198885,-1
2018-05-24,1.16948,1.17503,1.16907,1.17192,113681,1,0,0.0020606920847192622,1
2018-05-25,1.17202,1.1733500000000001,1.16452,1.16492,107336,1,0,-0.005973103966141147,-1
2018-05-28,1.1682299999999999,1.1728399999999999,1.16073,1.16238,91144,1,0,-0.0021804072382652917,-1
2018-05-29,1.1623,1.1639599999999999,1.1509800000000001,1.15391,161703,1,0,-0.007286773688466752,-1
2018-05-30,1.15349,1.1676199999999999,1.15186,1.16622,143785,1,0,0.01066807636644107,1
2018-05-31,1.16622,1.17244,1.16409,1.16906,128391,1,0,0.0024352180549123137,1
2018-06-01,1.16879,1.17179,1.16166,1.16596,118620,1,0,-0.0026517030776862516,-1
2018-06-04,1.16554,1.17445,1.16554,1.16978,90141,1,0,0.0032762701979485165,1
2018-06-05,1.16966,1.17321,1.16526,1.17167,100777,1,0,0.0016156884200446697,1
2018-06-06,1.17118,1.17956,1.17107,1.1773500000000001,100373,1,0,0.004847781371888127,1
2018-06-07,1.17728,1.18398,1.17723,1.1797900000000001,112147,1,0,0.0020724508429947885,1
2018-06-08,1.17981,1.18103,1.17269,1.17693,90929,1,0,-0.0024241602319057254,-1
2018-06-11,1.17732,1.18204,1.1771,1.17828,74392,1,0,0.0011470520761642788,1
2018-06-12,1.17821,1.1809,1.17329,1.17454,96897,1,0,-0.0031741182061989504,-1
2018-06-13,1.17461,1.18008,1.17249,1.17912,101323,1,0,0.003899398913617347,1
2018-06-14,1.17908,1.18519,1.15628,1.15659,138338,1,0,-0.01910746997761037,-1
2018-06-15,1.1568,1.1627,1.1543,1.1607,115763,1,0,0.0035535496589111926,1
2018-06-18,1.1587399999999999,1.16242,1.15652,1.16222,76216,1,0,0.0013095545791332874,1
2018-06-19,1.16224,1.16443,1.15305,1.15877,128559,1,0,-0.0029684569186556597,-1
2018-06-20,1.15872,1.15999,1.15359,1.15704,105384,1,0,-0.0014929623652666368,-1
2018-06-21,1.15695,1.1633499999999999,1.15078,1.16025,137199,1,0,0.0027743206803567677,1
2018-06-22,1.15983,1.16749,1.15982,1.16539,127058,1,0,0.0044300797241974,1
2018-06-25,1.16635,1.1713,1.16284,1.17027,106506,1,0,0.004187439397969728,1
2018-06-26,1.17027,1.17205,1.16347,1.1646,121598,1,0,-0.004845035760978056,-1
2018-06-27,1.16455,1.16721,1.15404,1.15524,122606,1,0,-0.008037094281298285,-1
2018-06-28,1.15516,1.16006,1.15271,1.15679,131958,1,0,0.0013417125445793765,1
2018-06-29,1.15672,1.16903,1.1558,1.16831,142851,1,0,0.009958592311482661,1
2018-07-02,1.16841,1.16894,1.15912,1.16388,95314,1,0,-0.0037918018334174297,-1
2018-07-03,1.1638600000000001,1.16731,1.1620300000000001,1.1655,92957,1,0,0.001391896071760046,1
2018-07-04,1.16559,1.16817,1.16305,1.16555,75752,1,0,4.2900042900084756e-05,1
2018-07-05,1.16554,1.17203,1.16499,1.16895,99612,1,0,0.002917077774441168,1
2018-07-06,1.16892,1.17679,1.168,1.17435,89473,1,0,0.004619530347748091,1
2018-07-09,1.17382,1.17908,1.17326,1.17496,88040,1,0,0.0005194362839018307,1
2018-07-10,1.17495,1.17626,1.16902,1.17438,80664,1,0,-0.0004936338258323403,-1
2018-07-11,1.17424,1.17584,1.16653,1.16714,113328,1,0,-0.0061649551252574986,-1
2018-07-12,1.16718,1.16957,1.16496,1.16705,95067,1,0,-7.711157187673123e-05,-1
2018-07-13,1.16698,1.16867,1.16128,1.16856,90837,1,0,0.0012938605886638754,1
2018-07-16,1.16895,1.17254,1.16755,1.17108,82627,1,0,0.002156500308071241,1
2018-07-17,1.17094,1.17446,1.16491,1.16602,96980,1,0,-0.004320797895959183,-1
2018-07-18,1.16591,1.16649,1.16019,1.1638,93327,1,0,-0.0019039124543319685,-1
2018-07-19,1.16381,1.16785,1.15747,1.16409,134415,1,0,0.0002491837085409898,1
2018-07-20,1.16419,1.17388,1.16262,1.17209,146710,1,0,0.006872320868661408,1
2018-07-23,1.17261,1.17497,1.16833,1.16915,73082,3,0,-0.0025083398032575976,-1
2018-07-24,1.16913,1.17165,1.1654200000000001,1.16856,76859,5,0,-0.0005046401231663111,-1
2018-07-25,1.16856,1.17382,1.16635,1.1728,79792,3,0,0.0036283973437394312,1
2018-07-26,1.1729,1.17433,1.16397,1.1642299999999999,77509,3,0,-0.007307298772169291,-1
2018-07-27,1.16403,1.1663999999999999,1.16199,1.16565,65298,3,0,0.001219690267387108,1
2018-07-30,1.16563,1.17184,1.16477,1.1705,50121,2,0,0.004160768669840831,1
2018-07-31,1.17027,1.17455,1.16855,1.16906,70827,3,0,-0.001230243485690008,-1
2018-08-01,1.16895,1.16993,1.16568,1.16594,62909,2,0,-0.0026688108394778975,-1
2018-08-02,1.1659,1.16671,1.1581299999999999,1.1584,61156,3,0,-0.006466885088426411,-1
2018-08-03,1.15838,1.16102,1.15598,1.15672,68396,5,0,-0.0014502762430940175,-1
2018-08-06,1.1568100000000001,1.15708,1.15296,1.1553200000000001,46317,2,0,-0.0012103188325609526,-1
2018-08-07,1.1553200000000001,1.16078,1.155,1.15979,49278,3,0,0.003869057923345798,1
2018-08-08,1.1598,1.16278,1.15729,1.16096,49821,3,0,0.001008803317841922,1
2018-08-09,1.16096,1.16189,1.15253,1.15265,58810,3,0,-0.007157869349503909,-1
2018-08-10,1.15262,1.1536,1.13878,1.14111,112034,3,0,-0.010011712141586693,-1
2018-08-13,1.13714,1.14324,1.13646,1.14096,101338,3,0,-0.0001314509556484822,-1
2018-08-14,1.14095,1.1429,1.13297,1.13436,81007,3,0,-0.005784602440050413,-1
2018-08-15,1.13429,1.13546,1.13006,1.1344400000000001,80064,3,0,7.05243485314977e-05,1
2018-08-16,1.13452,1.1408800000000001,1.13353,1.13758,87129,4,0,0.002767885476534504,1
2018-08-17,1.13758,1.14445,1.1366,1.14381,75130,2,0,0.005476537913817081,1
2018-08-20,1.1436600000000001,1.14846,1.1394,1.14807,61642,3,0,0.003724394785847185,1
2018-08-21,1.14802,1.16008,1.1479300000000001,1.157,85498,4,0,0.00777827135976028,1
2018-08-22,1.15696,1.16226,1.15528,1.15958,75217,3,0,0.0022299049265341875,1
2018-08-23,1.15936,1.15993,1.15292,1.15378,73006,2,0,-0.0050018110005346506,-1
2018-08-24,1.15369,1.16394,1.15344,1.16218,76788,4,0,0.007280417410598261,1
2018-08-27,1.1616,1.16932,1.15941,1.16777,64033,2,0,0.0048099261732261755,1
2018-08-28,1.16766,1.17333,1.16622,1.16939,73221,2,0,0.0013872594774655411,1
2018-08-29,1.16939,1.17096,1.16514,1.17063,82808,3,0,0.0010603819085164279,1
2018-08-30,1.17063,1.17178,1.16413,1.16697,79792,3,0,-0.0031265216165654586,-1
2018-08-31,1.16652,1.16897,1.15842,1.16021,87294,8,0,-0.005792779591591968,-1
2018-09-03,1.15955,1.16275,1.15885,1.1618,51281,3,0,0.0013704415579938178,1
2018-09-04,1.1616900000000001,1.16207,1.15297,1.15804,69457,3,0,-0.0032363573764847553,-1
2018-09-05,1.15801,1.16398,1.15422,1.16289,77201,2,0,0.0041881109460812915,1
2018-09-06,1.16297,1.16588,1.1605,1.16226,79031,4,0,-0.000541753734231043,-1
2018-09-07,1.16226,1.16491,1.15501,1.15526,84349,4,0,-0.006022748782544496,-1
2018-09-10,1.15494,1.16158,1.15255,1.1593,59122,2,0,0.003497048283503279,1
2018-09-11,1.15923,1.16438,1.1565,1.16045,61376,3,0,0.0009919779177089971,1
2018-09-12,1.16041,1.16493,1.15696,1.16252,67488,2,0,0.0017837907708215806,1
2018-09-13,1.16253,1.17007,1.16087,1.16897,64885,2,0,0.005548291642294423,1
2018-09-14,1.16892,1.1721300000000001,1.16202,1.16219,62858,4,0,-0.0057999777581974055,-1
2018-09-17,1.16229,1.16982,1.1618,1.1683,151689,50,0,0.005257315929408923,1
2018-09-18,1.16828,1.17245,1.16521,1.16641,232355,50,0,-0.0016177351707609144,-1
2018-09-19,1.16639,1.17149,1.16503,1.16724,199027,50,0,0.0007115851201551227,1
2018-09-20,1.16724,1.17845,1.16687,1.17767,212917,50,0,0.008935608786539095,1
2018-09-21,1.17765,1.18028,1.17327,1.17438,195922,50,0,-0.0027936518719166026,-1
2018-09-24,1.17439,1.18151,1.1724,1.17478,152544,50,0,0.0003406052555390282,1
2018-09-25,1.17472,1.17927,1.1730800000000001,1.17662,183195,50,0,0.001566250702259131,1
2018-09-26,1.17662,1.1797900000000001,1.17258,1.17366,197312,50,0,-0.002515680508575424,-1
2018-09-27,1.1736,1.17571,1.1638600000000001,1.16401,191746,5,0,-0.008222142698907642,-1
2018-09-28,1.164,1.1651,1.15695,1.16016,54211,5,0,-0.003307531722235968,-1
2018-10-01,1.1615199999999999,1.16244,1.15633,1.1577600000000001,50509,5,0,-0.0020686801820438694,-1
2018-10-02,1.1577600000000001,1.158,1.15049,1.15463,54043,5,0,-0.002703496406854633,-1
2018-10-03,1.15463,1.15933,1.14638,1.1477,62614,5,0,-0.006001922693850026,-1
2018-10-04,1.14761,1.15426,1.14631,1.15139,62794,6,0,0.0032151259039818747,1
2018-10-05,1.15139,1.15494,1.14838,1.15223,59367,5,0,0.0007295529750999119,1
2018-10-08,1.15214,1.15293,1.14597,1.14908,42395,5,0,-0.0027338291834095862,-1
2018-10-09,1.14908,1.1503,1.14319,1.14901,62003,5,0,-6.091829985732655e-05,-1
2018-10-10,1.14899,1.1545,1.14796,1.15181,60478,5,0,0.0024368804449046433,1
2018-10-11,1.15187,1.15991,1.15186,1.15929,83579,5,0,0.006494126635469222,1
2018-10-12,1.15927,1.16101,1.1534200000000001,1.15572,59132,5,0,-0.0030794710555597238,-1
2018-10-15,1.15396,1.1606,1.15382,1.15787,54408,5,0,0.0018603121863425276,1
2018-10-16,1.15787,1.16211,1.1565699999999999,1.15737,55075,5,0,-0.00043182740722180757,-1
2018-10-17,1.15737,1.15801,1.14957,1.15003,61564,5,0,-0.006341964972307768,-1
2018-10-18,1.15003,1.1527,1.14491,1.14522,66595,5,0,-0.004182499586967481,-1
2018-10-19,1.14522,1.15343,1.14327,1.15128,64959,5,0,0.005291559700319803,1
2018-10-22,1.15153,1.15497,1.14555,1.14639,55887,4,0,-0.004247446320617132,-1
2018-10-23,1.14636,1.14932,1.1439,1.14697,66648,3,0,0.0005059360252619438,1
2018-10-24,1.14702,1.14762,1.13786,1.13913,67058,5,0,-0.00683540110029035,-1
2018-10-25,1.13906,1.14323,1.13559,1.13744,65355,5,0,-0.0014835883525146087,-1
2018-10-26,1.13744,1.14206,1.13354,1.14006,72255,4,0,0.002303418202278751,1
2018-10-29,1.13896,1.14161,1.13604,1.13725,59027,3,0,-0.0024647825553041347,-1
2018-10-30,1.13721,1.13875,1.13402,1.13433,57794,5,0,-0.0025675972741262543,-1
2018-10-31,1.13425,1.13597,1.13018,1.13108,57072,4,0,-0.002865127432052361,-1
2018-11-01,1.131,1.14239,1.13072,1.1408,60726,4,0,0.00859355660077088,1
2018-11-02,1.14063,1.14555,1.13719,1.1386,62925,4,0,-0.0019284712482467992,-1
2018-11-05,1.13863,1.14235,1.13535,1.14067,51315,4,0,0.0018180221324433088,1
2018-11-06,1.14045,1.14375,1.13912,1.14262,51997,4,0,0.0017095215969560318,1
2018-11-07,1.14258,1.14993,1.1394199999999999,1.14254,79267,4,0,-7.001452801458363e-05,-1
2018-11-08,1.14248,1.14465,1.13512,1.13624,64783,3,0,-0.005514030143364712,-1
2018-11-09,1.13625,1.13686,1.13159,1.13344,62314,5,0,-0.002464268112370549,-1
2018-11-12,1.13191,1.13304,1.12153,1.12172,57883,0,0,-0.01034020327498586,-1
2018-11-13,1.12159,1.12933,1.12159,1.1287,66211,5,0,0.006222586741789327,1
2018-11-14,1.12862,1.13472,1.12628,1.13077,73920,4,0,0.001833968282094478,1
2018-11-15,1.13061,1.1362,1.12704,1.13262,76616,4,0,0.0016360533088071172,1
2018-11-16,1.13247,1.14198,1.13212,1.1413,64988,3,0,0.0076636471190689726,1
2018-11-19,1.14137,1.1464,1.13936,1.14514,52080,5,0,0.0033645842460352515,1
2018-11-20,1.1452,1.1472,1.13584,1.13697,58340,4,0,-0.00713449883856998,-1
2018-11-21,1.13697,1.14243,1.13639,1.13837,53656,4,0,0.0012313429553989508,1
2018-11-22,1.13822,1.14336,1.13792,1.1400000000000001,46729,5,0,0.0014318718869963387,1
2018-11-23,1.13992,1.1421000000000001,1.13272,1.13347,45768,4,0,-0.005728070175438749,-1
2018-11-26,1.13384,1.13834,1.13246,1.13275,50043,5,0,-0.0006352175178876429,-1
2018-11-27,1.1326100000000001,1.13434,1.12772,1.12831,59268,5,0,-0.003919664533215572,-1
2018-11-28,1.12846,1.13877,1.12668,1.13658,58464,5,0,0.007329545958114414,1
2018-11-29,1.13657,1.14011,1.13484,1.13928,52935,3,0,0.0023755476957187938,1
2018-11-30,1.1391,1.14001,1.13051,1.13142,48180,5,0,-0.006899094164735553,-1
2018-12-03,1.13142,1.1379299999999999,1.13142,1.13521,47039,5,0,0.003349772851814592,1
2018-12-04,1.13524,1.1418300000000001,1.1318,1.13416,57378,5,0,-0.00092493899807089,-1
2018-12-05,1.13419,1.13609,1.13105,1.13443,35647,5,0,0.00023806164914996764,1
2018-12-06,1.13431,1.1412200000000001,1.13207,1.13715,63786,5,0,0.0023976798921043763,1
2018-12-07,1.13672,1.1423,1.13601,1.13761,54594,5,0,0.000404520072110115,1
2018-12-10,1.13911,1.14424,1.13502,1.13547,61306,5,0,-0.0018811367691915493,-1
2018-12-11,1.13534,1.13999,1.1306,1.13167,53616,5,0,-0.0033466317912406174,-1
2018-12-12,1.13155,1.1387,1.13147,1.13678,56106,5,0,0.004515450617229355,1
2018-12-13,1.13675,1.13929,1.13308,1.13565,49819,5,0,-0.0009940357852881165,-1
2018-12-14,1.1357599999999999,1.13647,1.12697,1.13019,47233,5,0,-0.004807819310526984,-1
2018-12-17,1.13014,1.13574,1.12974,1.1347,44003,5,0,0.00399047947690212,1
2018-12-18,1.13467,1.1402,1.13363,1.13593,49083,5,0,0.0010839869569050364,1
2018-12-19,1.13592,1.14389,1.13586,1.13741,59983,5,0,0.0013028971855659766,1
2018-12-20,1.1373199999999999,1.1485400000000001,1.13692,1.14449,68237,5,0,0.006224668325405913,1
2018-12-21,1.14451,1.14736,1.13558,1.13702,58361,5,0,-0.006526924656397259,-1
2018-12-24,1.13683,1.14382,1.13603,1.13948,46451,6,0,0.002163550333327491,1
2018-12-25,1.13963,1.14169,1.13892,1.1397,2190,6,0,0.00019307052339656572,1
2018-12-26,1.13892,1.14196,1.13427,1.13509,32652,6,0,-0.00404492410283408,-1
2018-12-27,1.1351499999999999,1.14537,1.13508,1.14282,65812,5,0,0.006810032684632983,1
2018-12-28,1.14247,1.14723,1.14247,1.14398,54131,5,0,0.0010150329885720843,1
2018-12-31,1.14341,1.1467100000000001,1.14211,1.14651,39273,5,0,0.0022115771254742622,1
2019-01-01,1.14652,1.14652,1.14642,1.14642,2,35,0,-7.849909726032056e-05,-1
2019-01-02,1.14629,1.14964,1.13248,1.13433,57854,5,0,-0.010545873240173753,-1
2019-01-03,1.1341700000000001,1.14108,1.12888,1.13925,72324,5,0,0.004337362143291612,1
2019-01-04,1.13925,1.14186,1.1345399999999999,1.13929,60199,5,0,3.511081852081155e-05,1
2019-01-07,1.13923,1.14822,1.13923,1.14744,46717,6,0,0.007153578105662417,1
2019-01-08,1.14744,1.14843,1.14219,1.1440299999999999,47862,6,0,-0.0029718329498711338,-1
2019-01-09,1.1440299999999999,1.15575,1.14365,1.15419,61223,5,0,0.008880885990752097,1
2019-01-10,1.1542,1.15694,1.14842,1.1499,57056,5,0,-0.0037168923660749753,-1
2019-01-11,1.1499,1.15402,1.14577,1.14651,51769,5,0,-0.0029480824419514384,-1
2019-01-14,1.14588,1.14816,1.14502,1.14675,45454,6,0,0.0002093309260275955,1
2019-01-15,1.14676,1.14893,1.13815,1.1412499999999999,57478,5,0,-0.004796163069544446,-1
2019-01-16,1.14113,1.14245,1.13776,1.1391499999999999,47522,5,0,-0.001840087623220188,-1
2019-01-17,1.13911,1.14056,1.13699,1.13879,48966,5,0,-0.0003160251064389108,-1
2019-01-18,1.1388,1.14099,1.1353,1.13614,45801,5,0,-0.0023270313227197192,-1
2019-01-21,1.13604,1.13908,1.13565,1.13641,31661,5,0,0.0002376467688840478,1
2019-01-22,1.13646,1.13736,1.13357,1.13588,40991,5,0,-0.00046638097165629944,-1
2019-01-23,1.1359,1.13941,1.13507,1.13806,43731,5,0,0.0019192168186781267,1
2019-01-24,1.1379,1.13911,1.12891,1.1304,58601,5,0,-0.006730752332917422,-1
2019-01-25,1.13038,1.14173,1.13,1.14021,55221,5,0,0.008678343949044542,1
2019-01-28,1.13974,1.14433,1.13898,1.14247,42815,5,0,0.0019820910183212526,1
2019-01-29,1.14249,1.14499,1.14109,1.1432,52056,5,0,0.0006389664498847036,1
2019-01-30,1.14297,1.15013,1.14058,1.14789,53780,5,0,0.004102519244226777,1
2019-01-31,1.14784,1.15138,1.14355,1.1447,54562,5,0,-0.0027790119262298685,-1
2019-02-01,1.14468,1.14881,1.14341,1.14542,47512,5,0,0.0006289857604613314,1
2019-02-04,1.14513,1.146,1.1424,1.14352,39996,5,0,-0.0016587801854341944,-1
2019-02-05,1.14352,1.14402,1.14008,1.14055,37876,5,0,-0.0025972435987128284,-1
2019-02-06,1.14035,1.1409,1.13606,1.13619,38787,5,0,-0.0038227171101661295,-1
2019-02-07,1.13621,1.1368,1.13242,1.1338300000000001,42051,5,0,-0.002077117383536109,-1
2019-02-08,1.13372,1.1350500000000001,1.13205,1.13211,34690,5,0,-0.0015169822636551533,-1
2019-02-11,1.13185,1.13297,1.12671,1.12754,36709,5,0,-0.004036710213671801,-1
2019-02-12,1.12743,1.1339299999999999,1.12575,1.13251,37373,5,0,0.004407825886443062,1
2019-02-13,1.13255,1.13412,1.126,1.12601,39548,5,0,-0.005739463669194977,-1
2019-02-14,1.12599,1.13097,1.12491,1.12946,45994,5,0,0.003063915951012852,1
2019-02-15,1.12946,1.13058,1.12339,1.1290499999999999,41720,5,0,-0.00036300532998068125,-1
2019-02-18,1.12906,1.13335,1.12888,1.13079,28050,5,0,0.0015411186395644094,1
2019-02-19,1.13065,1.1357,1.12752,1.13396,42486,5,0,0.002803349870444727,1
2019-02-20,1.13395,1.13708,1.13246,1.13358,42064,5,0,-0.0003351088221806853,-1
2019-02-21,1.13352,1.1366,1.1320000000000001,1.13341,48335,5,0,-0.00014996736004513345,-1
2019-02-22,1.13341,1.13553,1.13159,1.13301,40562,5,0,-0.0003529173026529664,-1
2019-02-25,1.1335,1.1367099999999999,1.13276,1.13567,58036,0,0,0.002347728616693523,1
2019-02-26,1.13567,1.14025,1.1345,1.13884,67814,0,0,0.0027913038118467792,1
2019-02-27,1.13884,1.14033,1.13624,1.1369,68112,0,0,-0.0017034877594745979,-1
2019-02-28,1.1369,1.14194,1.13596,1.13704,77397,0,0,0.00012314187703399426,1
2019-03-01,1.13682,1.14082,1.1353,1.1364,69440,0,0,-0.0005628649827622567,-1
2019-03-04,1.13819,1.13822,1.1308799999999999,1.13392,60095,0,0,-0.002182330165434787,-1
2019-03-05,1.13392,1.13408,1.12893,1.1307,60455,0,0,-0.002839706504868089,-1
2019-03-06,1.1307,1.13244,1.1286,1.1306,55953,0,0,-8.844078889180818e-05,-1
2019-03-07,1.1306,1.13199,1.11763,1.11929,80707,0,0,-0.01000353794445441,-1
2019-03-08,1.11929,1.12458,1.1185,1.123,76159,0,0,0.003314601220416602,1
2019-03-11,1.12297,1.12582,1.12215,1.12446,59679,0,0,0.00130008904719503,1
2019-03-12,1.12446,1.13047,1.1243400000000001,1.12869,78811,0,0,0.0037618056667199085,1
2019-03-13,1.12869,1.1338300000000001,1.12772,1.13258,65455,0,0,0.0034464733452055363,1
2019-03-14,1.13258,1.13373,1.12939,1.13026,79551,0,0,-0.0020484204206324685,-1
2019-03-15,1.13026,1.1344,1.12974,1.13238,61284,0,0,0.0018756746235377708,1
2019-03-18,1.13195,1.13587,1.13187,1.13355,53322,0,0,0.0010332220632651712,1
2019-03-19,1.13355,1.13613,1.1332200000000001,1.13506,52077,0,0,0.0013320982753295407,1
2019-03-20,1.13506,1.14478,1.13353,1.14131,75575,0,0,0.005506316846686676,1
2019-03-21,1.14131,1.14371,1.13422,1.13728,83998,0,0,-0.0035310301320412574,-1
2019-03-22,1.13729,1.13904,1.12732,1.13003,92575,0,0,-0.00637485931344961,-1
2019-03-25,1.1290499999999999,1.13313,1.12847,1.13116,75984,0,0,0.0009999734520320658,1
2019-03-26,1.13116,1.13257,1.1263,1.12653,81343,0,0,-0.004093143321899584,-1
2019-03-27,1.12653,1.12853,1.12419,1.12436,102541,0,0,-0.0019262691628274542,-1
2019-03-28,1.12436,1.12609,1.12133,1.12195,91568,0,0,-0.0021434416023338176,-1
2019-03-29,1.12195,1.12463,1.1209500000000001,1.12169,87947,0,0,-0.00023173938232534663,-1
2019-04-01,1.12247,1.12497,1.12038,1.12127,78946,0,0,-0.0003744350043238809,-1
2019-04-02,1.12127,1.1215600000000001,1.11834,1.1204,70311,0,0,-0.000775905892425488,-1
2019-04-03,1.1204,1.12544,1.11997,1.12317,59649,0,0,0.0024723313102463784,1
2019-04-04,1.12317,1.12472,1.12057,1.12197,46739,0,0,-0.001068404604823936,-1
2019-04-05,1.12187,1.12467,1.12098,1.1214,45262,0,0,-0.0005080349741971579,-1
2019-04-08,1.12128,1.12743,1.12101,1.12604,39726,0,0,0.004137685036561312,1
2019-04-09,1.12587,1.12839,1.12547,1.12618,46835,0,0,0.0001243295087207663,1
2019-04-10,1.12619,1.12866,1.12293,1.12733,52364,0,0,0.0010211511481290625,1
2019-04-11,1.12723,1.1287,1.12496,1.1252,41884,0,0,-0.001889420134299602,-1
2019-04-12,1.12517,1.13235,1.12517,1.12974,47229,0,0,0.004034838250977613,1
2019-04-15,1.1302699999999999,1.13206,1.12976,1.1303,38541,0,0,0.0004956892736383001,1
2019-04-16,1.13031,1.13136,1.12794,1.12801,52581,0,0,-0.002026010793594768,-1
2019-04-17,1.12797,1.13233,1.12786,1.12939,46800,0,0,0.0012233934096328447,1
2019-04-18,1.12927,1.13037,1.12259,1.12282,54201,0,0,-0.005817299604211068,-1
2019-04-19,1.12257,1.12473,1.12257,1.1243,22777,0,0,0.0013181097593559787,1
2019-04-22,1.1236,1.12618,1.12355,1.12565,17511,0,0,0.0012007471315484963,1
2019-04-23,1.12564,1.12609,1.11919,1.12267,42409,0,0,-0.0026473593035135634,-1
2019-04-24,1.12257,1.1226099999999999,1.11404,1.11539,57066,0,0,-0.006484541316682524,-1
2019-04-25,1.11537,1.11622,1.11176,1.11309,51087,0,0,-0.0020620590107497394,-1
2019-04-26,1.11307,1.11737,1.11109,1.11426,53870,0,0,0.0010511279411369312,1
2019-04-29,1.11447,1.11865,1.11444,1.11848,35001,0,0,0.0037872668856460123,1
2019-04-30,1.11837,1.12289,1.11755,1.12146,49927,0,0,0.0026643301623632265,1
2019-05-01,1.12137,1.12644,1.11868,1.11953,48846,0,0,-0.001720970877249317,-1
2019-05-02,1.11947,1.12187,1.11704,1.11715,49358,0,0,-0.0021258921154411192,-1
2019-05-03,1.11716,1.12046,1.1135,1.12012,54297,0,0,0.0026585507765295446,1
2019-05-06,1.11652,1.12089,1.11652,1.11993,44933,0,0,-0.00016962468306958023,-1
2019-05-07,1.11967,1.12175,1.11665,1.11904,51369,0,0,-0.0007946925254257442,-1
2019-05-08,1.11897,1.12134,1.11826,1.11914,56686,0,0,8.936231055178823e-05,1
2019-05-09,1.11902,1.12506,1.11731,1.12128,65432,0,0,0.0019121825687582472,1
2019-05-10,1.12129,1.12533,1.12026,1.12293,58156,0,0,0.001471532534246478,1
2019-05-13,1.12321,1.12632,1.1221,1.12215,49650,0,0,-0.0006946114183430385,-1
2019-05-14,1.12207,1.12437,1.12009,1.12032,44060,0,0,-0.001630798021654889,-1
2019-05-15,1.12032,1.12244,1.11777,1.12004,50590,0,0,-0.00024992859183092797,-1
2019-05-16,1.12004,1.12236,1.1166,1.11733,41956,0,0,-0.0024195564444127182,-1
2019-05-17,1.11733,1.1184,1.11543,1.11553,47808,0,0,-0.0016109833263225903,-1
2019-05-20,1.11597,1.11746,1.11504,1.11654,36364,0,0,0.0009053992272733957,1
2019-05-21,1.11654,1.11877,1.11417,1.11584,43970,0,0,-0.0006269367868595443,-1
2019-05-22,1.11567,1.1179999999999999,1.11484,1.11504,38051,0,0,-0.0007169486664754254,-1
2019-05-23,1.11504,1.11872,1.11068,1.11809,51462,0,0,0.0027353278806141468,1
2019-05-24,1.11809,1.1212,1.11719,1.11983,41245,0,0,0.0015562253485856825,1
2019-05-27,1.12066,1.1215,1.11867,1.1191,19823,0,0,-0.0006518846610646944,-1
2019-05-28,1.11897,1.11981,1.11591,1.11599,42861,0,0,-0.0027790188544365435,-1
2019-05-29,1.11599,1.11721,1.1124,1.11305,48658,0,0,-0.0026344322081738314,-1
2019-05-30,1.11305,1.1143,1.11157,1.11287,39798,0,0,-0.00016171780243479095,-1
2019-05-31,1.11287,1.11795,1.11249,1.11687,59740,0,0,0.0035943102069424526,1
2019-06-03,1.11525,1.1261700000000001,1.11525,1.12407,60907,0,0,0.00644658733782788,1
2019-06-04,1.12407,1.12771,1.12266,1.12514,64515,0,0,0.0009518980134690658,1
2019-06-05,1.12514,1.13065,1.12196,1.12204,68991,0,0,-0.0027552126846437375,-1
2019-06-06,1.12204,1.13087,1.12006,1.12751,68629,0,0,0.0048750490178604,1
2019-06-07,1.1275,1.13473,1.1251,1.13334,61835,0,0,0.00517068584757574,1
2019-06-10,1.13212,1.13301,1.129,1.13108,41825,0,0,-0.0019941059170239805,-1
2019-06-11,1.13109,1.13372,1.13014,1.13256,51824,0,0,0.0013084839268662218,1
2019-06-12,1.13256,1.13431,1.12823,1.12868,52518,0,0,-0.003425867062230803,-1
2019-06-13,1.12868,1.13034,1.12681,1.12759,45968,0,0,-0.0009657298791506674,-1
2019-06-14,1.12759,1.12889,1.12022,1.12058,54810,0,0,-0.006216798659087197,-1
2019-06-17,1.12076,1.12467,1.1203400000000001,1.12175,35213,0,0,0.0010441021613807333,1
2019-06-18,1.12175,1.12426,1.1181,1.11928,64626,0,0,-0.0022019166480944374,-1
2019-06-19,1.11928,1.12539,1.11869,1.1226099999999999,60346,0,0,0.002975126867271749,1
2019-06-20,1.12262,1.13171,1.12253,1.12914,69399,0,0,0.005816801916961545,1
2019-06-21,1.12914,1.13774,1.12828,1.13681,70316,0,0,0.006792780346104088,1
2019-06-24,1.13686,1.1403699999999999,1.13657,1.13982,47438,0,0,0.002647759959887752,1
2019-06-25,1.13982,1.14118,1.13441,1.13663,67635,0,0,-0.002798687512063358,-1
2019-06-26,1.13663,1.13909,1.13472,1.1368800000000001,60969,0,0,0.0002199484440847943,1
2019-06-27,1.1368800000000001,1.13811,1.13476,1.1368800000000001,61732,0,0,0.0,-1
2019-06-28,1.1368800000000001,1.13932,1.13503,1.13712,59682,0,0,0.00021110407430846578,1
2019-07-01,1.13591,1.13708,1.12808,1.12852,66489,0,0,-0.007562966089770584,-1
2019-07-02,1.12852,1.13207,1.1274899999999999,1.1284399999999999,56054,0,0,-7.088930634824298e-05,-1
2019-07-03,1.1284399999999999,1.1311499999999999,1.12681,1.12771,52483,0,0,-0.0006469107794830897,-1
2019-07-04,1.12771,1.1295,1.12729,1.12842,25905,0,0,0.0006295944879446402,1
2019-07-05,1.12842,1.12876,1.12071,1.1223,53381,0,0,-0.0054235125219331826,-1
2019-07-08,1.12163,1.12341,1.12068,1.12137,38880,0,0,-0.0008286554397221035,-1
2019-07-09,1.12137,1.12185,1.11931,1.12075,41363,0,0,-0.0005528951193629617,-1
2019-07-10,1.12075,1.12635,1.12016,1.12503,57181,0,0,0.0038188712915459,1
2019-07-11,1.12503,1.12855,1.12449,1.12534,57600,0,0,0.00027554820760333776,1
2019-07-12,1.12534,1.12747,1.12379,1.12694,51351,0,0,0.0014217925249258023,1
2019-07-15,1.12613,1.12836,1.1253199999999999,1.12573,39236,0,0,-0.0010737040126361785,-1
2019-07-16,1.12573,1.12632,1.1201699999999999,1.12101,47967,0,0,-0.004192834871594275,-1
2019-07-17,1.12101,1.12333,1.11995,1.12238,39965,0,0,0.0012221122023887698,1
2019-07-18,1.12238,1.12801,1.12049,1.12764,60237,0,0,0.004686469823054651,1
2019-07-19,1.12764,1.12817,1.12032,1.1219999999999999,59054,0,0,-0.005001596254123775,-1
2019-07-22,1.12136,1.12251,1.1206,1.12084,42893,0,0,-0.001033868092691459,-1
2019-07-23,1.12084,1.12093,1.11455,1.1151200000000001,47020,0,0,-0.005103315370614814,-1
2019-07-24,1.1151200000000001,1.1155599999999999,1.1126800000000001,1.11398,45970,0,0,-0.0010223115001077865,-1
2019-07-25,1.11398,1.11875,1.11011,1.11468,67696,0,0,0.0006283775292195148,1
2019-07-26,1.11468,1.11507,1.11118,1.11252,43138,0,0,-0.001937775863925073,-1
2019-07-29,1.11192,1.11507,1.11127,1.1144,38636,0,0,0.0016898572609931328,1
2019-07-30,1.1144,1.1160700000000001,1.11319,1.1154,52288,0,0,0.0008973438621677765,1
2019-07-31,1.1154,1.11618,1.10599,1.10747,76880,0,0,-0.007109557109557074,-1
2019-08-01,1.10747,1.10953,1.10266,1.10844,92566,0,0,0.0008758702267330776,1
2019-08-02,1.10842,1.11161,1.10694,1.11075,99910,0,0,0.0020840099599435113,1
2019-08-05,1.11052,1.12128,1.11007,1.12026,90883,0,0,0.008561782579338484,1
2019-08-06,1.12,1.12494,1.11673,1.11982,90366,0,0,-0.00039276596504378425,-1
2019-08-07,1.11982,1.12417,1.11789,1.1198,100690,0,0,-1.7860013216575155e-05,-1
2019-08-08,1.11967,1.12323,1.11767,1.11796,77875,0,0,-0.0016431505626003373,-1
2019-08-09,1.11796,1.12227,1.1179000000000001,1.11977,64125,0,0,0.001619020358510026,1
2019-08-12,1.11965,1.12304,1.11618,1.12131,62886,0,0,0.0013752824240693684,1
2019-08-13,1.12131,1.12283,1.117,1.11705,84768,0,0,-0.003799127805869884,-1
2019-08-14,1.11705,1.11906,1.11305,1.11378,78537,0,0,-0.002927353296629631,-1
2019-08-15,1.11378,1.11581,1.10911,1.11061,89522,0,0,-0.002846163515236255,-1
2019-08-16,1.11061,1.1112,1.1066,1.10889,62624,0,0,-0.001548698463006981,-1
2019-08-19,1.10832,1.11137,1.10759,1.10771,47237,0,0,-0.0010641271902532834,-1
2019-08-20,1.10771,1.11065,1.10653,1.1099,50952,0,0,0.001977051755423398,1
2019-08-21,1.1099,1.11068,1.10797,1.10839,44332,0,0,-0.0013604829263899054,-1
2019-08-22,1.10828,1.11129,1.10634,1.10788,59666,0,0,-0.0004601268506572165,-1
2019-08-23,1.10788,1.1153,1.10515,1.11356,77156,0,0,0.005126909051522022,1
2019-08-26,1.1146,1.11636,1.10939,1.10996,92673,0,0,-0.003232874744064085,-1
2019-08-27,1.10992,1.11158,1.10854,1.10899,61937,0,0,-0.0008739053659592155,-1
2019-08-28,1.10899,1.10977,1.1073,1.1077,58938,0,0,-0.001163220588102698,-1
2019-08-29,1.1077,1.1093,1.10418,1.10562,61947,0,0,-0.0018777647377447026,-1
2019-08-30,1.10562,1.106,1.09631,1.09773,64748,0,0,-0.00713626743365714,-1
2019-09-02,1.09874,1.0996299999999999,1.09578,1.09665,36547,0,0,-0.0009838484873331277,-1
2019-09-03,1.09665,1.09785,1.0925799999999999,1.09724,63686,0,0,0.0005380020972964861,1
2019-09-04,1.09724,1.1038000000000001,1.09682,1.10347,49238,0,0,0.005677882687470381,1
2019-09-05,1.10351,1.10845,1.10164,1.1034,48720,0,0,-6.343625109883622e-05,-1
2019-09-06,1.1034,1.10569,1.10201,1.1025800000000001,58585,0,0,-0.000743157513141024,-1
2019-09-09,1.1021,1.10679,1.10152,1.10473,46990,0,0,0.001949971884126267,1
2019-09-10,1.10471,1.10593,1.10303,1.10427,48406,0,0,-0.0004163913354393589,-1
2019-09-11,1.10427,1.10554,1.0985,1.10098,46565,0,0,-0.0029793438198991717,-1
2019-09-12,1.10098,1.10868,1.09268,1.10633,91037,0,0,0.0048593071627096585,1
2019-09-13,1.10633,1.11092,1.10551,1.10711,61500,0,0,0.0007050337602705348,1
2019-09-16,1.10724,1.10861,1.09932,1.0999,57497,0,0,-0.0065124513372654125,-1
2019-09-17,1.0999,1.10743,1.099,1.1072,61373,0,0,0.006636966996999671,1
2019-09-18,1.1072,1.10753,1.1013600000000001,1.10292,61337,0,0,-0.0038656069364162438,-1
2019-09-19,1.10292,1.10732,1.10226,1.10401,61126,0,0,0.0009882856417511299,1
2019-09-20,1.10398,1.10673,1.09959,1.10154,56049,0,0,-0.0022372985751940577,-1
2019-09-23,1.10163,1.10252,1.09659,1.09924,55425,0,0,-0.0020879859106341936,-1
2019-09-24,1.09924,1.10238,1.09836,1.10194,56806,0,0,0.0024562424948144645,1
2019-09-25,1.10194,1.1023,1.09372,1.09423,56600,0,0,-0.006996751184274896,-1
2019-09-26,1.09423,1.09671,1.09086,1.09193,58619,0,0,-0.0021019346938029315,-1
2019-09-27,1.09187,1.09571,1.09045,1.09348,60606,0,0,0.0014195049133185478,1
2019-09-30,1.09422,1.09475,1.08845,1.08987,55707,0,0,-0.0033013863993855974,-1
2019-10-01,1.08987,1.094,1.08788,1.09318,68833,0,0,0.003037059465808012,1
2019-10-02,1.09318,1.09634,1.09038,1.09585,62475,0,0,0.002442415704641432,1
2019-10-03,1.09585,1.0999,1.09406,1.09635,66824,0,0,0.0004562668248391244,1
2019-10-04,1.09635,1.09974,1.09568,1.09756,59792,0,0,0.0011036621516853362,1
2019-10-07,1.09758,1.10002,1.09617,1.09701,47958,0,0,-0.000501111556543643,-1
2019-10-08,1.09701,1.09957,1.09407,1.09561,62276,0,0,-0.0012761962060510168,-1
2019-10-09,1.09561,1.09903,1.09489,1.097,48425,0,0,0.001268699628517389,1
2019-10-10,1.097,1.10335,1.09687,1.10049,58063,0,0,0.00318140382862353,1
2019-10-11,1.10045,1.10625,1.10006,1.10324,59719,0,0,0.002498886859489957,1
2019-10-14,1.10297,1.1042399999999999,1.10126,1.10257,37223,0,0,-0.0006073021282766433,-1
2019-10-15,1.10257,1.10458,1.0991,1.10324,52734,0,0,0.0006076711682705405,1
2019-10-16,1.10312,1.10853,1.10221,1.10712,53432,0,0,0.0035169138174830916,1
2019-10-17,1.10712,1.11395,1.10648,1.11236,51055,0,0,0.004733000939374232,1
2019-10-18,1.11236,1.1171,1.11144,1.11699,42300,0,0,0.004162321550577053,1
2019-10-21,1.11567,1.11791,1.11383,1.11487,37168,0,0,-0.001897957904726022,-1
2019-10-22,1.11487,1.11566,1.11175,1.11244,39157,0,0,-0.0021796263241453673,-1
2019-10-23,1.11239,1.11395,1.11058,1.11299,33824,0,0,0.0004944086872098463,1
2019-10-24,1.11292,1.11625,1.10928,1.11038,41522,0,0,-0.002345034546581748,-1
2019-10-25,1.11038,1.11227,1.10728,1.10792,30711,0,0,-0.002215457771213347,-1
2019-10-28,1.10777,1.11063,1.10746,1.10989,27914,0,0,0.0017781067225071112,1
2019-10-29,1.10989,1.11182,1.10732,1.11118,33701,0,0,0.0011622773427997224,1
2019-10-30,1.11118,1.11513,1.10799,1.11502,44599,0,0,0.003455785741283801,1
2019-10-31,1.11502,1.11753,1.1131199999999999,1.11518,47100,0,0,0.00014349518394296545,1
2019-11-01,1.11517,1.11716,1.1128,1.11644,38463,0,0,0.0011298624437310334,1
2019-11-04,1.11676,1.11751,1.11245,1.11279,32387,0,0,-0.003269320339651216,-1
2019-11-05,1.11281,1.11399,1.10632,1.10711,42984,0,0,-0.0051042874217057665,-1
2019-11-06,1.10715,1.10926,1.10649,1.1069,33770,0,0,-0.00018968304865829566,-1
2019-11-07,1.10689,1.10914,1.10359,1.10459,47416,0,0,-0.0020869093865751864,-1
2019-11-08,1.10458,1.10551,1.10164,1.10212,34418,0,0,-0.0022361238106446413,-1
2019-11-09,1.10212,1.10223,1.10171,1.1018,739,3,0,-0.0002903495082205998,-1
2019-11-11,1.10216,1.10428,1.10162,1.10323,25255,0,0,0.001297876202577708,1
2019-11-12,1.10322,1.10384,1.10022,1.10086,34086,0,0,-0.002148237448220236,-1
2019-11-13,1.10082,1.10201,1.09951,1.10057,35625,0,0,-0.000263430408952936,-1
2019-11-14,1.10057,1.10272,1.09888,1.10204,34558,0,0,0.0013356715156689347,1
2019-11-15,1.1019700000000001,1.10566,1.10142,1.10495,28611,0,0,0.0026405575115242552,1
2019-11-18,1.10489,1.10897,1.10467,1.10712,30659,0,0,0.0019638897687677126,1
2019-11-19,1.10719,1.10835,1.1062400000000001,1.10779,28051,0,0,0.0006051737842329707,1
2019-11-20,1.10779,1.10811,1.10528,1.10717,35094,0,0,-0.0005596728621851677,-1
2019-11-21,1.10717,1.10967,1.10519,1.1058,34172,0,0,-0.0012373890188499548,-1
2019-11-22,1.10579,1.10871,1.10141,1.10176,35245,0,0,-0.0036534635557965434,-1
2019-11-25,1.10162,1.1031900000000001,1.10033,1.10132,29212,0,0,-0.0003993610223642641,-1
2019-11-26,1.10132,1.10253,1.1007,1.1019700000000001,30545,0,0,0.0005902008498892553,1
2019-11-27,1.10199,1.10243,1.0992,1.0999,30009,0,0,-0.0018784540413986361,-1
2019-11-28,1.0999,1.10176,1.09982,1.10076,21664,0,0,0.000781889262660096,1
2019-11-29,1.10076,1.10281,1.09809,1.10174,28450,0,0,0.0008902939787056585,1
2019-12-02,1.10233,1.10895,1.10027,1.10784,33381,0,0,0.00553669649826638,1
2019-12-03,1.10781,1.10932,1.10658,1.10811,32782,0,0,0.0002437175043328299,1
2019-12-04,1.10811,1.1116,1.10664,1.10771,39115,0,0,-0.0003609749934573303,-1
2019-12-05,1.10771,1.11079,1.1077,1.11038,29905,0,0,0.002410378167570837,1
2019-12-06,1.11038,1.11094,1.10395,1.1054599999999999,30427,0,0,-0.004430915542426916,-1
2019-12-09,1.10581,1.10776,1.1053,1.10635,23194,0,0,0.0008050947117037577,1
2019-12-10,1.10634,1.10974,1.10625,1.10922,28191,0,0,0.002594115786143769,1
2019-12-11,1.10909,1.11446,1.107,1.11292,33858,0,0,0.0033356773228032655,1
2019-12-12,1.11292,1.1154,1.11027,1.11284,45228,0,0,-7.188297451732328e-05,-1
2019-12-13,1.11284,1.11991,1.11012,1.1117,60290,0,0,-0.0010244060242263764,-1
2019-12-16,1.11281,1.11578,1.11223,1.1143399999999999,30276,0,0,0.002374741387064727,1
2019-12-17,1.1143399999999999,1.11742,1.11291,1.11488,34276,0,0,0.0004845917762983376,1
2019-12-18,1.11488,1.11539,1.11102,1.11121,30963,0,0,-0.003291834098737123,-1
2019-12-19,1.11125,1.1144,1.11069,1.11224,33248,0,0,0.0009269175043420397,1
2019-12-20,1.11224,1.11246,1.1066,1.10758,29274,0,0,-0.0041897432208874985,-1
2019-12-23,1.10813,1.10956,1.10696,1.10885,28223,0,0,0.0011466440347422946,1
2019-12-24,1.10885,1.10937,1.10689,1.10871,27011,0,0,-0.00012625693285817086,-1
2019-12-25,1.10871,1.10883,1.10728,1.10775,1857,0,0,-0.0008658711475498793,-1
2019-12-26,1.10789,1.11087,1.10789,1.10947,14856,0,0,0.0015526969081471886,1
2019-12-27,1.10947,1.1188,1.10941,1.117,36519,0,0,0.006787024435090716,1
2019-12-30,1.11726,1.12205,1.11713,1.1198,36914,0,0,0.0025067144136077246,1
2019-12-31,1.1198,1.12389,1.11972,1.12093,33313,0,0,0.0010091087694232836,1
2020-01-02,1.12086,1.12245,1.11633,1.11717,36427,0,0,-0.003354357542397768,-1
2020-01-03,1.11717,1.11796,1.11247,1.11558,42499,0,0,-0.0014232390773114556,-1
2020-01-06,1.11637,1.12052,1.11569,1.11967,35905,0,0,0.0036662543251042568,1
2020-01-07,1.11967,1.11971,1.11333,1.11523,39811,0,0,-0.003965454107013655,-1
2020-01-08,1.11521,1.1168,1.11014,1.1105,52407,0,0,-0.0042412775839960615,-1
2020-01-09,1.1105,1.11201,1.10928,1.1105,34569,0,0,0.0,-1
2020-01-10,1.11041,1.11289,1.10847,1.11161,32732,0,0,0.0009995497523638264,1
2020-01-13,1.11116,1.11466,1.11116,1.11337,27840,0,0,0.0015832891031926088,1
2020-01-14,1.11335,1.11442,1.11042,1.11283,33141,0,0,-0.0004850139666058295,-1
2020-01-15,1.11283,1.1163,1.11182,1.11489,30355,0,0,0.0018511362921560526,1
2020-01-16,1.11489,1.11724,1.11278,1.11358,31244,0,0,-0.0011750038120351691,-1
2020-01-17,1.11348,1.11422,1.1086,1.10884,29346,0,0,-0.004256541963756466,-1
2020-01-20,1.10897,1.1102,1.10764,1.10937,20818,0,0,0.00047797698495721797,1
2020-01-21,1.10937,1.11178,1.10807,1.10838,29888,0,0,-0.0008923983882744846,-1
2020-01-22,1.1084,1.10981,1.10698,1.10925,30091,0,0,0.0007849293563579884,1
2020-01-23,1.10924,1.11083,1.1036,1.10534,36756,0,0,-0.003524904214559421,-1
2020-01-24,1.10534,1.10613,1.10199,1.1023,30782,0,0,-0.0027502849801870344,-1
2020-01-27,1.10297,1.10373,1.10095,1.10185,32304,0,0,-0.00040823732196326734,-1
2020-01-28,1.10183,1.10251,1.09975,1.10217,27971,0,0,0.00029042065616935453,1
2020-01-29,1.10217,1.10275,1.09921,1.10099,27683,0,0,-0.0010706152408431757,-1
2020-01-30,1.10099,1.1039,1.1003,1.10307,33099,0,0,0.0018892088029864862,1
2020-01-31,1.1031,1.10954,1.10167,1.10922,36525,0,0,0.005575348799260249,1
2020-02-03,1.1094,1.1094,1.10356,1.1059,36391,0,0,-0.0029930942464073684,-1
2020-02-04,1.10588,1.10639,1.10325,1.10437,31905,0,0,-0.0013834885613527304,-1
2020-02-05,1.10437,1.10476,1.09934,1.09985,32246,0,0,-0.00409283120693249,-1
2020-02-06,1.09985,1.1013600000000001,1.09642,1.09826,29090,0,0,-0.0014456516797745067,-1
2020-02-07,1.09826,1.09847,1.09417,1.09433,33925,0,0,-0.0035783876313441043,-1
2020-02-10,1.09417,1.09572,1.09074,1.09104,28506,0,0,-0.003006405745981544,-1
2020-02-11,1.09103,1.09245,1.08914,1.09149,30332,0,0,0.0004124505059392991,1
2020-02-12,1.09146,1.09253,1.08653,1.0873,31071,0,0,-0.0038387891780961025,-1
2020-02-13,1.0873,1.08885,1.08338,1.08408,31910,0,0,-0.0029614641773200168,-1
2020-02-14,1.08408,1.0861,1.08271,1.08295,28912,0,0,-0.0010423584975277622,-1
2020-02-17,1.08407,1.08507,1.08289,1.08343,19793,0,0,0.00044323375963783995,1
2020-02-18,1.08343,1.08373,1.07854,1.07923,34014,0,0,-0.0038765771669604376,-1
2020-02-19,1.07906,1.08115,1.0782,1.08026,31872,0,0,0.0009543841442509748,1
2020-02-20,1.08042,1.08209,1.07778,1.07831,40802,0,0,-0.00180512098939134,-1
2020-02-21,1.07831,1.08633,1.07828,1.08457,39852,0,0,0.005805380641930258,1
2020-02-24,1.08234,1.08717,1.08048,1.08527,52944,0,0,0.0006454170777359103,1
2020-02-25,1.08527,1.08902,1.08299,1.08805,57327,0,0,0.0025615745390548117,1
2020-02-26,1.08807,1.09086,1.08548,1.08798,57469,0,0,-6.43352787096374e-05,-1
2020-02-27,1.08798,1.10057,1.08758,1.09997,69826,0,0,0.011020423169543436,1
2020-02-28,1.09988,1.10527,1.09507,1.10249,88435,0,0,0.0022909715719521273,1
2020-03-02,1.10285,1.11843,1.10285,1.11331,98137,0,0,0.009814147974131382,1
2020-03-03,1.11313,1.12135,1.1095,1.11713,88035,0,0,0.0034312096361299727,1
2020-03-04,1.1172,1.11873,1.10953,1.11342,66178,0,0,-0.003321010088351284,-1
2020-03-05,1.1132900000000001,1.12446,1.11193,1.12362,64659,0,0,0.009160963517810039,1
2020-03-06,1.12362,1.13545,1.12112,1.12806,100528,0,0,0.003951513856997879,1
2020-03-09,1.13477,1.1494,1.13357,1.14387,124317,0,0,0.014015211956810658,1
2020-03-10,1.14387,1.1457600000000001,1.12748,1.12791,131945,0,0,-0.013952634477694126,-1
2020-03-11,1.12754,1.13666,1.12573,1.12686,107620,0,0,-0.0009309253397877804,-1
2020-03-12,1.12686,1.13329,1.10554,1.11842,136152,0,0,-0.0074898390217063016,-1
2020-03-13,1.11842,1.12208,1.10548,1.1099,131116,0,0,-0.007617889522719468,-1
2020-03-16,1.10736,1.12364,1.1065,1.11797,146541,0,0,0.007270925308586085,1
2020-03-17,1.11823,1.11889,1.09549,1.09968,132966,0,0,-0.016360009660366437,-1
2020-03-18,1.09967,1.10449,1.08016,1.09131,148588,0,0,-0.007611305106940192,-1
2020-03-19,1.09122,1.09808,1.06548,1.06902,153517,0,0,-0.02042499381477303,-1
2020-03-20,1.0688900000000001,1.0830899999999999,1.06375,1.06769,160125,0,0,-0.0012441301378833813,-1
2020-03-23,1.06965,1.08275,1.06358,1.07239,152591,0,0,0.0044020268055333656,1
2020-03-24,1.07239,1.08876,1.07197,1.07864,126462,0,0,0.005828103581719368,1
2020-03-25,1.07845,1.08935,1.07593,1.08818,124021,0,0,0.008844470815100314,1
2020-03-26,1.08804,1.10585,1.08701,1.10299,118837,0,0,0.013609880718263412,1
2020-03-27,1.10299,1.11472,1.09532,1.11383,115671,0,0,0.009827831621320504,1
2020-03-30,1.11128,1.1144,1.10098,1.10418,96494,0,0,-0.008663799682177897,-1
2020-03-31,1.10308,1.10539,1.09265,1.10285,108717,0,0,-0.0012045137568148512,-1
2020-04-01,1.10285,1.10387,1.09026,1.09613,86702,0,0,-0.006093303713107012,-1
2020-04-02,1.09613,1.09677,1.08205,1.08555,89085,0,0,-0.009652139800936044,-1
2020-04-03,1.08552,1.08646,1.0772599999999999,1.07886,80170,0,0,-0.006162774630371737,-1
2020-04-06,1.0809,1.08352,1.07681,1.0792,79190,0,0,0.00031514747047811653,1
2020-04-07,1.0792,1.09263,1.07833,1.0891,69873,0,0,0.009173461823573037,1
2020-04-08,1.0891,1.09018,1.08297,1.0856,69581,0,0,-0.0032136626572399907,-1
2020-04-09,1.0856,1.09516,1.08407,1.09284,70985,0,0,0.00666912306558598,1
2020-04-10,1.09275,1.09522,1.09184,1.09228,26234,0,0,-0.000512426338713956,-1
2020-04-13,1.09486,1.0967500000000001,1.08924,1.09052,49577,0,0,-0.0016113084557073387,-1
2020-04-14,1.09057,1.09869,1.08991,1.0979,60711,0,0,0.006767413710890402,1
2020-04-15,1.0979,1.09913,1.08563,1.09088,60166,0,0,-0.006394024956735578,-1
2020-04-16,1.09067,1.0911,1.08162,1.08382,72335,0,0,-0.006471839249046707,-1
2020-04-17,1.08385,1.08924,1.08117,1.08706,70175,0,0,0.002989426288497965,1
2020-04-20,1.08753,1.08966,1.08412,1.08605,54892,0,0,-0.0009291115485805523,-1
2020-04-21,1.08605,1.08801,1.08164,1.08567,62840,0,0,-0.00034989180976940926,-1
2020-04-22,1.08567,1.08849,1.0803,1.08226,49896,0,0,-0.003140917590059522,-1
2020-04-23,1.08226,1.08465,1.0756000000000001,1.07759,68375,0,0,-0.004315044444033744,-1
2020-04-24,1.07744,1.08287,1.07268,1.0822,57093,0,0,0.004278064941211301,1
2020-04-27,1.0822,1.08599,1.08111,1.0828,53382,0,0,0.0005544261689152119,1
2020-04-28,1.0828,1.08882,1.08096,1.0818699999999999,52751,0,0,-0.0008588843738456253,-1
2020-04-29,1.0818699999999999,1.08855,1.08173,1.08687,52463,0,0,0.00462162736742866,1
2020-04-30,1.08688,1.09723,1.08328,1.09538,66387,0,0,0.007829823253931112,1
2020-05-01,1.09538,1.10175,1.09343,1.09746,54819,0,0,0.0018988844054119713,1
2020-05-04,1.09662,1.09734,1.08954,1.09061,55939,0,0,-0.006241685346162984,-1
2020-05-05,1.09027,1.09256,1.08256,1.08348,56005,0,0,-0.0065376257323883635,-1
2020-05-06,1.08425,1.08456,1.07818,1.07933,54368,0,0,-0.0038302506737549757,-1
2020-05-07,1.07933,1.08337,1.07662,1.08331,60799,0,0,0.003687472784042134,1
2020-05-08,1.08306,1.08753,1.08149,1.08351,49102,0,0,0.00018461936103242316,1
2020-05-11,1.08257,1.08502,1.08004,1.08063,51660,0,0,-0.0026580280754215924,-1
2020-05-12,1.08063,1.08849,1.07841,1.08471,54638,0,0,0.0037755753588184504,1
2020-05-13,1.08471,1.08962,1.08113,1.08177,59733,0,0,-0.0027104018585614176,-1
2020-05-14,1.08178,1.08237,1.07746,1.08039,56150,0,0,-0.0012756870684156318,-1
2020-05-15,1.08039,1.08508,1.07886,1.08146,53587,0,0,0.0009903831023982956,1
2020-05-18,1.08115,1.09266,1.07997,1.09115,50554,0,0,0.008960109481626732,1
2020-05-19,1.09145,1.0976,1.09019,1.09218,54293,0,0,0.0009439582092287679,1
2020-05-20,1.09218,1.09988,1.09185,1.09767,49058,0,0,0.005026643959786803,1
2020-05-21,1.09767,1.10081,1.0937000000000001,1.09468,49934,0,0,-0.002723951643025524,-1
2020-05-22,1.0949200000000001,1.09534,1.08851,1.08976,46005,0,0,-0.00449446413563781,-1
2020-05-25,1.08942,1.09143,1.08704,1.08948,30836,0,0,-0.0002569373072970338,-1
2020-05-26,1.08947,1.09956,1.08918,1.09814,51348,0,0,0.007948746190843181,1
2020-05-27,1.09814,1.10306,1.09339,1.10001,73048,0,0,0.0017028794142823767,1
2020-05-28,1.10002,1.10932,1.09915,1.10766,68903,0,0,0.006954482231979808,1
2020-05-29,1.10766,1.11449,1.10696,1.10996,80090,0,0,0.0020764494519978083,1
2020-06-01,1.11142,1.11537,1.11003,1.11351,65333,0,0,0.0031983134527369117,1
2020-06-02,1.11351,1.1195599999999999,1.11149,1.11689,75050,0,0,0.0030354464710689033,1
2020-06-03,1.1168,1.12575,1.11664,1.12329,82959,0,0,0.005730197244133262,1
2020-06-04,1.12329,1.13621,1.11945,1.13373,85069,0,0,0.009294127073151248,1
2020-06-05,1.13362,1.13835,1.12781,1.12904,84519,0,0,-0.004136787418521082,-1
2020-06-08,1.12929,1.13195,1.1268,1.12935,71388,0,0,0.00027456954580884485,1
2020-06-09,1.12927,1.13636,1.12407,1.1338,78862,0,0,0.003940319652897539,1
2020-06-10,1.13377,1.1421999999999999,1.13206,1.1372200000000001,81807,0,0,0.0030164050097021278,1
2020-06-11,1.1372200000000001,1.14035,1.12884,1.12987,107080,0,0,-0.006463129385695154,-1
2020-06-12,1.12987,1.13401,1.12124,1.12546,103425,0,0,-0.003903103896908511,-1
2020-06-15,1.12323,1.13323,1.1226099999999999,1.13224,99267,0,0,0.006024203436816977,1
2020-06-16,1.13224,1.13531,1.1227800000000001,1.1262699999999999,84944,0,0,-0.005272733696036203,-1
2020-06-17,1.1262699999999999,1.12938,1.12067,1.12433,77557,0,0,-0.001722499933408339,-1
2020-06-18,1.12397,1.12612,1.11856,1.12049,75041,0,0,-0.0034153673743474444,-1
2020-06-19,1.12049,1.12543,1.1168,1.11758,68937,0,0,-0.0025970780640611757,-1
2020-06-22,1.11822,1.12696,1.11682,1.126,61231,0,0,0.007534136258701807,1
2020-06-23,1.1259299999999999,1.13482,1.12328,1.1307,77153,0,0,0.004174067495559708,1
2020-06-24,1.1307,1.13256,1.12482,1.12504,70331,0,0,-0.005005748651278008,-1
2020-06-25,1.12504,1.12594,1.11901,1.12168,64768,0,0,-0.0029865604778497312,-1
2020-06-26,1.12169,1.1239,1.1195,1.12178,48257,0,0,8.91519863062129e-05,1
2020-06-29,1.12155,1.12875,1.12155,1.12412,52316,0,0,0.002085970511152002,1
2020-06-30,1.12412,1.12616,1.11907,1.12337,56630,0,0,-0.0006671885563819258,-1
2020-07-01,1.12314,1.12753,1.11847,1.1250499999999999,55988,0,0,0.0014955001468794915,1
2020-07-02,1.12506,1.13026,1.1223,1.12389,55719,0,0,-0.001031065285987176,-1
2020-07-03,1.12375,1.12519,1.1219,1.1244399999999999,45807,0,0,0.0004893717356679872,1
2020-07-06,1.12406,1.13451,1.12405,1.13087,51596,0,0,0.005718402049020188,1
2020-07-07,1.13037,1.13324,1.12588,1.12728,54302,0,0,-0.003174547030162622,-1
2020-07-08,1.12728,1.13516,1.12621,1.1329500000000001,55308,0,0,0.005029806259314595,1
2020-07-09,1.1329500000000001,1.13704,1.1280000000000001,1.12841,63920,0,0,-0.004007237742177705,-1
2020-07-10,1.12797,1.13245,1.12546,1.12999,51772,0,0,0.0014002002818125359,1
2020-07-13,1.1301700000000001,1.13746,1.13006,1.13436,54859,0,0,0.003867290860981143,1
2020-07-14,1.13436,1.14084,1.13249,1.1399,61290,0,0,0.0048838111357945024,1
2020-07-15,1.1394199999999999,1.14518,1.13909,1.14113,57307,0,0,0.0010790420212298812,1
2020-07-16,1.14108,1.14415,1.13702,1.13831,58749,0,0,-0.002471234653369958,-1
2020-07-17,1.13832,1.14434,1.13751,1.14274,46458,0,0,0.0038917342375979214,1
2020-07-20,1.14118,1.14675,1.14022,1.14469,59289,0,0,0.0017064249085529948,1
2020-07-21,1.14469,1.15396,1.14226,1.15269,62624,0,0,0.006988791725270671,1
2020-07-22,1.15268,1.16012,1.15067,1.15692,73191,0,0,0.003669677016370443,1
2020-07-23,1.15666,1.16266,1.15401,1.1595900000000001,67492,0,0,0.002307851882584977,1
2020-07-24,1.15904,1.16578,1.1581,1.1655,69352,0,0,0.005096628980932882,1
2020-07-27,1.16416,1.17811,1.16409,1.1751,74236,0,0,0.00823680823680828,1
2020-07-28,1.17507,1.17734,1.16985,1.1715200000000001,73664,0,0,-0.003046549229852702,-1
2020-07-29,1.1715200000000001,1.18061,1.17117,1.17909,68602,0,0,0.006461690794864694,1
2020-07-30,1.17909,1.1848,1.17306,1.18468,73766,0,0,0.00474094428754368,1
2020-07-31,1.18468,1.19085,1.17618,1.17757,87210,0,0,-0.0060016206908194425,-1
2020-08-03,1.17726,1.17964,1.16955,1.17614,66358,0,0,-0.0012143651757433593,-1
2020-08-04,1.17614,1.18055,1.1721,1.18021,64926,0,0,0.0034604723927422754,1
2020-08-05,1.17947,1.19046,1.17926,1.18628,64016,0,0,0.00514315248981112,1
2020-08-06,1.18587,1.19156,1.18178,1.18764,76373,0,0,0.0011464409751491544,1
2020-08-07,1.18759,1.18827,1.17551,1.17862,75233,0,0,-0.007594894075645842,-1
2020-08-10,1.17883,1.18004,1.17357,1.17372,53752,0,0,-0.0041574044221207584,-1
2020-08-11,1.17372,1.18076,1.1722,1.1739600000000001,71678,0,0,0.00020447806972700988,1
2020-08-12,1.1739600000000001,1.1817,1.17108,1.17835,72901,0,0,0.0037394800504275683,1
2020-08-13,1.17785,1.18638,1.1777,1.18125,64808,0,0,0.0024610684431620733,1
2020-08-14,1.18125,1.18502,1.17815,1.18412,55435,0,0,0.0024296296296297815,1
2020-08-17,1.18377,1.1880600000000001,1.1828400000000001,1.18697,51808,0,0,0.002406850657028059,1
2020-08-18,1.1865700000000001,1.19655,1.18649,1.19312,62818,0,0,0.005181259846499753,1
2020-08-19,1.19312,1.19525,1.18301,1.18364,69934,0,0,-0.007945554512538533,-1
2020-08-20,1.18381,1.18686,1.18018,1.18602,71898,0,0,0.0020107465107634948,1
2020-08-21,1.18598,1.18826,1.17539,1.1795499999999999,64693,0,0,-0.005455219979427106,-1
2020-08-24,1.17907,1.18493,1.17839,1.17874,52673,0,0,-0.0006867025560595152,-1
2020-08-25,1.17865,1.18434,1.17839,1.1834,56083,0,0,0.003953373941666616,1
2020-08-26,1.1834,1.1838899999999999,1.17719,1.18297,54884,0,0,-0.00036335981071478063,-1
2020-08-27,1.18295,1.19015,1.1762299999999999,1.18213,78186,0,0,-0.0007100771786268112,-1
2020-08-28,1.18199,1.19194,1.18107,1.19017,73467,0,0,0.006801282430866307,1
2020-08-31,1.19002,1.19659,1.18842,1.19357,60613,0,0,0.0028567347521784026,1
2020-09-01,1.19355,1.2011,1.19012,1.19112,72756,0,0,-0.002052665532813358,-1
2020-09-02,1.19092,1.19284,1.1822,1.18544,65556,0,0,-0.004768621129693007,-1
2020-09-03,1.18544,1.18643,1.17887,1.1851,70481,0,0,-0.0002868133351329183,-1
2020-09-04,1.1851,1.18651,1.17807,1.18376,73537,0,0,-0.0011307062695131709,-1
2020-09-07,1.18447,1.18484,1.18115,1.18121,37634,0,0,-0.002154152868824588,-1
2020-09-08,1.18117,1.1827,1.17654,1.17731,69570,0,0,-0.003301699105154876,-1
2020-09-09,1.17773,1.18338,1.17526,1.18022,62269,0,0,0.0024717364160671274,1
2020-09-10,1.17997,1.19171,1.17977,1.18145,72689,0,0,0.0010421785768752745,1
2020-09-11,1.18148,1.18739,1.18097,1.18458,55140,0,0,0.002649286893224412,1
2020-09-14,1.18327,1.18875,1.18302,1.18632,44021,0,0,0.0014688750443194731,1
2020-09-15,1.18637,1.19003,1.18394,1.18458,48513,0,0,-0.0014667206150111856,-1
2020-09-16,1.18458,1.18824,1.17874,1.18152,63726,0,0,-0.0025831940434585254,-1
2020-09-17,1.18151,1.18521,1.17372,1.18478,72714,0,0,0.0027591576951724317,1
2020-09-18,1.1846,1.18703,1.18259,1.1838899999999999,54590,0,0,-0.0007511943145563915,-1
2020-09-21,1.18397,1.18716,1.17315,1.17705,66423,0,0,-0.005777563793933571,-1
2020-09-22,1.17705,1.17731,1.16915,1.17076,68388,0,0,-0.0053438681449385905,-1
2020-09-23,1.17073,1.1718600000000001,1.16509,1.16591,67129,0,0,-0.004142608220301325,-1
2020-09-24,1.16587,1.16869,1.16262,1.16719,69800,0,0,0.0010978548944600153,1
2020-09-25,1.16657,1.16848,1.16119,1.16279,62343,0,0,-0.003769737574859211,-1
2020-09-28,1.16176,1.16797,1.16149,1.16629,53887,0,0,0.0030100018060010836,1
2020-09-29,1.16627,1.17452,1.16606,1.17422,56923,0,0,0.006799338072006167,1
2020-09-30,1.17422,1.17546,1.16846,1.17191,74239,0,0,-0.0019672633748361035,-1
2020-10-01,1.17182,1.17694,1.17168,1.17486,70391,0,0,0.0025172581512231673,1
2020-10-02,1.1743000000000001,1.17473,1.16955,1.17159,78420,0,0,-0.0027833103518718483,-1
2020-10-05,1.17107,1.17972,1.17051,1.17817,50219,0,0,0.005616299217303,1
2020-10-06,1.17813,1.1807400000000001,1.17314,1.17323,61517,0,0,-0.0041929432934125765,-1
2020-10-07,1.17315,1.17816,1.1724700000000001,1.17596,56643,0,0,0.002326909472140981,1
2020-10-08,1.17595,1.17814,1.17327,1.17571,46568,0,0,-0.00021259226504288797,-1
2020-10-09,1.17571,1.18306,1.17525,1.18211,47056,0,0,0.005443519235185601,1
2020-10-12,1.18102,1.18264,1.17865,1.18129,41003,0,0,-0.0006936748695129946,-1
2020-10-13,1.18129,1.18151,1.17307,1.17439,48403,0,0,-0.005841072048353824,-1
2020-10-14,1.17439,1.17707,1.17198,1.1745,47851,0,0,9.366564769797137e-05,1
2020-10-15,1.17437,1.17575,1.16882,1.17068,54214,0,0,-0.0032524478501491094,-1
2020-10-16,1.17068,1.17459,1.16937,1.17151,47645,0,0,0.0007089896470429125,1
2020-10-19,1.17159,1.17934,1.17029,1.17679,45905,0,0,0.00450700378144453,1
2020-10-20,1.17679,1.18405,1.17596,1.1821,45867,0,0,0.0045122749173598375,1
2020-10-21,1.1821,1.18805,1.18202,1.18615,55004,0,0,0.0034261060823959077,1
2020-10-22,1.18615,1.18667,1.18112,1.18173,48069,0,0,-0.003726341525102317,-1
2020-10-23,1.18157,1.18645,1.17865,1.18582,45880,0,0,0.003461027476665768,1
2020-10-26,1.18527,1.18591,1.1803,1.18081,47877,0,0,-0.00422492452480161,-1
2020-10-27,1.18081,1.18386,1.17923,1.1795,40868,0,0,-0.0011094079487808939,-1
2020-10-28,1.17949,1.17967,1.17178,1.17459,55833,0,0,-0.004162780839338631,-1
2020-10-29,1.17441,1.17585,1.16499,1.1673,56709,0,0,-0.006206420963910775,-1
2020-10-30,1.1673,1.17039,1.16397,1.16449,57355,0,0,-0.00240726462777352,-1
2020-11-02,1.16467,1.16554,1.16222,1.16397,49183,0,0,-0.0004465474156069016,-1
2020-11-03,1.16397,1.1739600000000001,1.16291,1.17117,44750,0,0,0.006185726436248373,1
2020-11-04,1.17118,1.1770100000000001,1.16024,1.17243,110277,0,0,0.0010758472296934496,1
2020-11-05,1.1724999999999999,1.18595,1.17106,1.1823,77001,0,0,0.00841841303958435,1
2020-11-06,1.18232,1.18906,1.1795200000000001,1.18714,75532,0,0,0.004093715639008844,1
2020-11-09,1.18896,1.19196,1.1795200000000001,1.18126,90377,0,0,-0.004953080512829278,-1
2020-11-10,1.18125,1.18431,1.17797,1.18138,80089,0,0,0.00010158644159630192,1
2020-11-11,1.18138,1.18325,1.17453,1.17769,52541,0,0,-0.003123465777311485,-1
2020-11-12,1.17769,1.1823,1.17584,1.18042,54585,0,0,0.0023180972921568177,1
2020-11-13,1.18042,1.18371,1.17987,1.1834,43152,0,0,0.0025245251690075854,1
2020-11-16,1.18405,1.1868400000000001,1.18139,1.1851099999999999,53141,0,0,0.0014449890147032463,1
2020-11-17,1.1851099999999999,1.18935,1.18426,1.18617,44905,0,0,0.0008944317405135127,1
2020-11-18,1.18617,1.18906,1.18489,1.18522,47164,0,0,-0.0008008970046452513,-1
2020-11-19,1.18516,1.1882,1.18159,1.1874,48957,0,0,0.0018393209699465451,1
2020-11-20,1.1872,1.18905,1.18496,1.18543,45158,0,0,-0.001659087081017363,-1
2020-11-23,1.18524,1.19057,1.18003,1.18397,46770,0,0,-0.0012316205933712299,-1
2020-11-24,1.18397,1.18958,1.18356,1.18913,51214,0,0,0.004358218535942759,1
2020-11-25,1.18913,1.19295,1.1881599999999999,1.19156,55006,0,0,0.002043510802014925,1
2020-11-26,1.19163,1.19406,1.1885,1.19125,33438,0,0,-0.00026016314747057123,-1
2020-11-27,1.19125,1.19634,1.19067,1.19622,39273,0,0,0.00417208814270742,1
2020-11-30,1.19601,1.2003,1.19234,1.19254,52228,0,0,-0.0030763571918209776,-1
2020-12-01,1.19254,1.20762,1.19247,1.20686,57333,0,0,0.01200798296073935,1
2020-12-02,1.20652,1.21182,1.20398,1.21149,60122,0,0,0.003836401902457487,1
2020-12-03,1.21149,1.21743,1.21008,1.21427,57101,0,0,0.0022946949624016444,1
2020-12-04,1.21417,1.21772,1.21098,1.21206,58270,0,0,-0.001820023553246064,-1
2020-12-07,1.21305,1.21659,1.20782,1.2109,57032,0,0,-0.0009570483309405686,-1
2020-12-08,1.2109,1.21336,1.20952,1.21026,54546,0,0,-0.0005285324964904303,-1
2020-12-09,1.21027,1.21472,1.20587,1.20798,53079,0,0,-0.0018838927172671882,-1
2020-12-10,1.20801,1.21588,1.20747,1.21359,62601,0,0,0.004644116624447303,1
2020-12-11,1.21353,1.2162600000000001,1.21051,1.21074,52061,0,0,-0.0023484043210639793,-1
2020-12-14,1.21347,1.21765,1.21154,1.21429,44700,0,0,0.0029320911178289943,1
2020-12-15,1.21429,1.21684,1.21216,1.215,45031,0,0,0.0005847038186923559,1
2020-12-16,1.215,1.22119,1.21251,1.21977,51922,0,0,0.003925925925925888,1
2020-12-17,1.21985,1.22725,1.21898,1.22672,46508,0,0,0.005697795486034218,1
2020-12-18,1.22672,1.22714,1.22253,1.22506,43393,0,0,-0.0013532020346941342,-1
2020-12-21,1.22204,1.22526,1.2129699999999999,1.22411,71767,0,0,-0.0007754722217687693,-1
2020-12-22,1.22411,1.22566,1.21519,1.21615,55137,0,0,-0.006502683582357727,-1
2020-12-23,1.21615,1.22208,1.21535,1.21849,55296,0,0,0.001924104756814593,1
2020-12-24,1.21849,1.22154,1.2177,1.21854,35526,0,0,4.1034395029893034e-05,1
2020-12-25,1.21854,1.22032,1.21714,1.21901,2533,0,0,0.000385707486007858,1
2020-12-28,1.21851,1.225,1.21795,1.22151,46186,0,0,0.002050844537780705,1
2020-12-29,1.22151,1.22748,1.22068,1.22479,43224,0,0,0.0026852011035520817,1
2020-12-30,1.22478,1.23096,1.2244,1.22946,47126,0,0,0.003812898537708387,1
2020-12-31,1.22942,1.2309,1.22089,1.22138,44783,0,0,-0.006571990955378859,-1
2021-01-04,1.2239,1.23093,1.22284,1.22452,63930,0,0,0.0025708624670455205,1
2021-01-05,1.2245,1.23053,1.22417,1.22968,58354,0,0,0.004213896057230659,1
2021-01-06,1.22968,1.23491,1.22654,1.23238,84106,0,0,0.0021956931884716813,1
2021-01-07,1.23238,1.2344,1.22448,1.22709,63377,0,0,-0.004292507181226535,-1
2021-01-08,1.2269700000000001,1.22844,1.21928,1.22162,71455,0,0,-0.004457700739147197,-1
2021-01-11,1.22142,1.22254,1.21322,1.2150400000000001,60359,0,0,-0.005386290335783528,-1
2021-01-12,1.21506,1.22094,1.21369,1.22061,55120,0,0,0.004584211219383683,1
2021-01-13,1.22061,1.22225,1.21396,1.21568,53880,0,0,-0.004038964124495004,-1
2021-01-14,1.21552,1.21781,1.21109,1.21524,60824,0,0,-0.00036193735193468246,-1
2021-01-15,1.21524,1.21622,1.20741,1.20744,53937,0,0,-0.006418485237484006,-1
2021-01-18,1.20817,1.20865,1.20532,1.20747,42035,0,0,2.4845955078456328e-05,1
2021-01-19,1.20747,1.21447,1.20736,1.21283,45497,0,0,0.004439033681996163,1
2021-01-20,1.21282,1.21579,1.20766,1.21058,49512,0,0,-0.0018551651921540069,-1
2021-01-21,1.21058,1.21727,1.21002,1.21628,52152,0,0,0.004708486841018322,1
2021-01-22,1.216,1.21893,1.21513,1.21656,48933,0,0,0.00023021014897883774,1
2021-01-25,1.21684,1.21829,1.21156,1.21385,53475,0,0,-0.0022275925560597543,-1
2021-01-26,1.2138200000000001,1.21757,1.21075,1.21594,49907,0,0,0.0017217942908924755,1
2021-01-27,1.21594,1.21695,1.20584,1.21095,66786,0,0,-0.004103820912216061,-1
2021-01-28,1.21096,1.21422,1.20805,1.21197,70098,0,0,0.0008423138857922563,1
2021-01-29,1.21197,1.21556,1.20942,1.21339,70283,0,0,0.0011716461628588082,1
2021-02-01,1.21303,1.21362,1.20558,1.20598,61739,0,0,-0.006106857646758224,-1
2021-02-02,1.20598,1.20874,1.20113,1.20432,55382,0,0,-0.001376473905039921,-1
2021-02-03,1.20417,1.20498,1.20039,1.20352,45909,0,0,-0.0006642752756743642,-1
2021-02-04,1.20352,1.20425,1.1957200000000001,1.19616,47190,0,0,-0.006115394841797461,-1
2021-02-05,1.19578,1.20495,1.1952099999999999,1.20417,47603,0,0,0.006696428571428603,1
2021-02-08,1.20365,1.20658,1.20195,1.20482,42412,0,0,0.000539790893312464,1
2021-02-09,1.20482,1.21214,1.20468,1.21179,48448,0,0,0.005785096528942102,1
2021-02-10,1.21152,1.21438,1.21085,1.21173,45374,0,0,-4.951352957194288e-05,-1
2021-02-11,1.21173,1.21492,1.21133,1.21284,34878,0,0,0.0009160456537347095,1
2021-02-12,1.21282,1.21347,1.20813,1.21195,37436,0,0,-0.0007338148477951112,-1
2021-02-15,1.21242,1.21449,1.2116500000000001,1.21272,29022,0,0,0.000635339741738461,1
2021-02-16,1.21272,1.21691,1.20948,1.21057,47852,0,0,-0.001772874200145158,-1
2021-02-17,1.21057,1.21082,1.2023,1.20346,52853,0,0,-0.005873266312563463,-1
2021-02-18,1.20346,1.20944,1.20342,1.20895,48569,0,0,0.004561846675419146,1
2021-02-19,1.2089699999999999,1.2144300000000001,1.20822,1.2117499999999999,44446,0,0,0.002316059390379932,1
2021-02-22,1.21151,1.2169,1.2091,1.21549,50125,0,0,0.003086445223849932,1
2021-02-23,1.21532,1.21797,1.21351,1.215,50596,0,0,-0.0004031296020533537,-1
2021-02-24,1.215,1.21744,1.21089,1.21651,63304,0,0,0.0012427983539093912,1
2021-02-25,1.21651,1.22427,1.21558,1.21728,80006,0,0,0.0006329582165374159,1
2021-02-26,1.21711,1.21832,1.2062,1.20729,92112,0,0,-0.008206821766561512,-1
2021-03-01,1.20693,1.21009,1.20275,1.20491,58395,0,0,-0.001971357337507973,-1
2021-03-02,1.20486,1.20941,1.19915,1.20907,58462,0,0,0.0034525400237364057,1
2021-03-03,1.20906,1.21129,1.20426,1.20629,56513,0,0,-0.002299287882422063,-1
2021-03-04,1.20629,1.20661,1.19615,1.19672,72709,0,0,-0.007933415679480138,-1
2021-03-05,1.19672,1.19776,1.18929,1.19141,78886,0,0,-0.004437128150277414,-1
2021-03-08,1.19169,1.1932,1.18439,1.18463,68263,0,0,-0.005690736186535261,-1
2021-03-09,1.18464,1.1915499999999999,1.18354,1.19002,63259,0,0,0.0045499438643290535,1
2021-03-10,1.19003,1.19295,1.18685,1.19284,57628,0,0,0.002369708072132992,1
2021-03-11,1.19262,1.19897,1.1915499999999999,1.19851,57404,0,0,0.004753361724958882,1
2021-03-12,1.19853,1.19882,1.19098,1.19512,55875,0,0,-0.002828512069152578,-1
2021-03-15,1.19457,1.19672,1.19109,1.19244,45445,0,0,-0.0022424526407389678,-1
2021-03-16,1.19244,1.19515,1.18822,1.19015,44553,0,0,-0.0019204320552814735,-1
2021-03-17,1.19018,1.19851,1.18859,1.19781,47207,0,0,0.006436163508801496,1
2021-03-18,1.19781,1.19886,1.19062,1.19146,58367,0,0,-0.005301341615114308,-1
2021-03-19,1.19146,1.19368,1.18737,1.19036,48516,0,0,-0.0009232370369125498,-1
2021-03-22,1.18707,1.19467,1.18699,1.19323,41975,0,0,0.0024110353170467835,1
2021-03-23,1.19323,1.19405,1.1842,1.1849,43442,0,0,-0.006981051431827812,-1
2021-03-24,1.1849,1.18535,1.18095,1.18123,44866,0,0,-0.003097307789686976,-1
2021-03-25,1.18123,1.18275,1.17617,1.17637,47313,0,0,-0.004114355375329226,-1
2021-03-26,1.17637,1.18047,1.17629,1.17929,37317,0,0,0.002482212229145686,1
2021-03-29,1.17892,1.17935,1.17606,1.1764000000000001,40012,0,0,-0.002450627072221323,-1
2021-03-30,1.1764000000000001,1.17736,1.17113,1.17164,38008,0,0,-0.004046242774566555,-1
2021-03-31,1.1715200000000001,1.17596,1.17038,1.17299,41303,0,0,0.0011522310607352537,1
2021-04-01,1.17283,1.1779600000000001,1.17131,1.17758,40905,0,0,0.003913076837824825,1
2021-04-02,1.17759,1.17863,1.17488,1.1762299999999999,20420,0,0,-0.0011464189269519975,-1
2021-04-05,1.17563,1.18193,1.17378,1.18123,26355,0,0,0.00425086930277252,1
2021-04-06,1.18123,1.18774,1.17951,1.18749,38867,0,0,0.005299560627481492,1
2021-04-07,1.18703,1.1914500000000001,1.18606,1.1863299999999999,44093,0,0,-0.0009768503313712928,-1
2021-04-08,1.18628,1.19271,1.18605,1.19137,38876,0,0,0.004248396314684877,1
2021-04-09,1.19137,1.19198,1.1867,1.18959,39382,0,0,-0.0014940782460529656,-1
2021-04-12,1.1884000000000001,1.19188,1.18709,1.19101,38951,0,0,0.0011936885817802612,1
2021-04-13,1.19101,1.19555,1.18786,1.19478,44305,0,0,0.0031653806433196152,1
2021-04-14,1.19478,1.19871,1.1945000000000001,1.19784,40544,0,0,0.002561140963189823,1
2021-04-15,1.19783,1.1993,1.19558,1.19621,39143,0,0,-0.001360782742269473,-1
2021-04-16,1.19628,1.19943,1.19502,1.19821,36028,0,0,0.0016719472333452945,1
2021-04-19,1.19717,1.20476,1.1942300000000001,1.20365,44583,0,0,0.004540105657605986,1
2021-04-20,1.20365,1.20795,1.20221,1.20353,44947,0,0,-9.969675570153935e-05,-1
2021-04-21,1.20354,1.20435,1.1998199999999999,1.20343,37034,0,0,-8.30889134462165e-05,-1
2021-04-22,1.20337,1.20693,1.19933,1.20145,45120,0,0,-0.0016452971921924187,-1
2021-04-23,1.20146,1.20997,1.20126,1.20963,37951,0,0,0.006808439801906152,1
2021-04-26,1.2091,1.21166,1.20609,1.20834,36832,0,0,-0.0010664418045187585,-1
2021-04-27,1.20834,1.20924,1.2056499999999999,1.20896,34071,0,0,0.0005131006173759722,1
2021-04-28,1.20891,1.21344,1.20559,1.21238,42629,0,0,0.002828877713075606,1
2021-04-29,1.21239,1.21496,1.21018,1.21169,37902,0,0,-0.0005691284910672723,-1
2021-04-30,1.21169,1.21263,1.20157,1.20189,38112,0,0,-0.008087877262336063,-1
2021-05-03,1.2031,1.20757,1.20128,1.20625,32234,0,0,0.003627619832097917,1
2021-05-04,1.20627,1.2064,1.19989,1.20124,39879,0,0,-0.004153367875647684,-1
2021-05-05,1.20124,1.20264,1.1985999999999999,1.2004,32821,0,0,-0.0006992774133396384,-1
2021-05-06,1.2004,1.20713,1.1993,1.20652,36505,0,0,0.005098300566477976,1
2021-05-07,1.20652,1.21711,1.20526,1.21617,45206,0,0,0.007998209727149153,1
2021-05-10,1.21618,1.2178,1.21275,1.21286,42544,0,0,-0.002721658978596664,-1
2021-05-11,1.21286,1.21814,1.21228,1.21472,47762,0,0,0.0015335652919545861,1
2021-05-12,1.21472,1.21519,1.2065299999999999,1.207,54807,0,0,-0.006355374077976816,-1
2021-05-13,1.207,1.21058,1.20512,1.20789,52610,0,0,0.0007373653686826298,1
2021-05-14,1.20776,1.21474,1.20706,1.21431,43026,0,0,0.0053150535230857,1
2021-05-17,1.21427,1.21685,1.21258,1.21494,40769,0,0,0.0005188131531486118,1
2021-05-18,1.21494,1.22337,1.21489,1.2222,43307,0,0,0.005975603733517687,1
2021-05-19,1.2222,1.22451,1.21597,1.21706,58275,0,0,-0.004205531009654706,-1
2021-05-20,1.21706,1.22289,1.21638,1.22272,45836,0,0,0.004650551328611474,1
2021-05-21,1.22269,1.22395,1.21605,1.21795,45766,0,0,-0.00390113844543305,-1
2021-05-24,1.21777,1.22296,1.21723,1.2215,43260,0,0,0.0029147337739643397,1
2021-05-25,1.2214800000000001,1.22661,1.22112,1.22494,46689,0,0,0.002816209578387241,1
2021-05-26,1.22496,1.22626,1.21817,1.21914,42901,0,0,-0.0047349257922837396,-1
2021-05-27,1.21914,1.22147,1.21749,1.21942,43745,0,0,0.00022967009531305038,1
2021-05-28,1.21922,1.22046,1.21325,1.21914,43913,0,0,-0.0002296173590723427,-1
2021-05-31,1.21989,1.22311,1.21831,1.22237,26745,0,0,0.002649408599504577,1
2021-06-01,1.22237,1.22541,1.22117,1.22125,38808,0,0,-0.0009162528530641811,-1
2021-06-02,1.22113,1.22263,1.21639,1.22104,39612,0,0,-0.000171954964176102,-1
2021-06-03,1.22104,1.22139,1.21181,1.21266,41986,0,0,-0.006863002031055387,-1
2021-06-04,1.21266,1.21854,1.21036,1.2166299999999999,42881,0,0,0.003273794798211993,1
2021-06-07,1.21597,1.22016,1.21448,1.21891,28794,0,0,0.0018740290803285209,1
2021-06-08,1.21891,1.21939,1.21641,1.21726,33867,0,0,-0.00135366844147633,-1
2021-06-09,1.21726,1.22177,1.21709,1.21794,27082,0,0,0.0005586316809884639,1
2021-06-10,1.21762,1.21944,1.21432,1.21649,40078,0,0,-0.0011905348375125246,-1
2021-06-11,1.21706,1.21928,1.20924,1.21079,34070,0,0,-0.004685611883369356,-1
2021-06-14,1.2104,1.21301,1.2094,1.21186,30167,0,0,0.0008837205460896502,1
2021-06-15,1.21185,1.2147000000000001,1.21011,1.21258,31562,0,0,0.0005941280345915789,1
2021-06-16,1.21258,1.21345,1.1993800000000001,1.19942,44908,0,0,-0.010852892180309825,-1
2021-06-17,1.19942,1.20061,1.18918,1.19061,55852,0,0,-0.0073452168548131525,-1
2021-06-18,1.19042,1.19247,1.18471,1.18592,55770,0,0,-0.003939157238726287,-1
2021-06-21,1.18555,1.19209,1.18474,1.19175,52079,0,0,0.00491601457096591,1
2021-06-22,1.1917200000000001,1.19523,1.18807,1.19388,44354,0,0,0.0017872876022655415,1
2021-06-23,1.19388,1.19697,1.19113,1.19255,42279,0,0,-0.0011140148088585322,-1
2021-06-24,1.19253,1.1956,1.19175,1.19311,40688,0,0,0.0004695819881765928,1
2021-06-25,1.19311,1.1975,1.19261,1.19278,37949,0,0,-0.000276588076539408,-1
2021-06-28,1.19322,1.19442,1.19021,1.1923300000000001,38396,0,0,-0.0003772699072752683,-1
2021-06-29,1.19228,1.1929400000000001,1.18774,1.1896,38259,0,0,-0.0022896345810304863,-1
2021-06-30,1.1896,1.19087,1.18448,1.18558,46075,0,0,-0.0033792871553463,-1
2021-07-01,1.18558,1.1884000000000001,1.18372,1.18496,43815,0,0,-0.0005229507920174736,-1
2021-07-02,1.18496,1.1874,1.18072,1.18641,45619,0,0,0.0012236699972993925,1
2021-07-05,1.18616,1.18803,1.1851099999999999,1.18609,28593,0,0,-0.00026972125993529605,-1
2021-07-06,1.18609,1.18948,1.18071,1.18231,51898,0,0,-0.0031869419689906087,-1
2021-07-07,1.1822,1.18356,1.17814,1.179,47817,0,0,-0.002799604164728353,-1
2021-07-08,1.17885,1.18676,1.1783299999999999,1.18419,58073,0,0,0.004402035623409795,1
2021-07-09,1.18423,1.18809,1.18248,1.18725,44261,0,0,0.002584044790109541,1
2021-07-12,1.18715,1.18798,1.18359,1.18588,38925,0,0,-0.0011539271425562436,-1
2021-07-13,1.18592,1.18749,1.17719,1.17759,45702,0,0,-0.006990589267042324,-1
2021-07-14,1.17759,1.18385,1.17716,1.18356,44655,0,0,0.005069676203092843,1
2021-07-15,1.18356,1.18504,1.1796,1.18123,46178,0,0,-0.0019686369934772685,-1
2021-07-16,1.18123,1.18221,1.1792,1.1804999999999999,40908,0,0,-0.0006179998814795917,-1
2021-07-19,1.18076,1.18243,1.17637,1.1794,50353,0,0,-0.0009318085556966338,-1
2021-07-20,1.1796,1.18022,1.17553,1.17783,49767,0,0,-0.001331185348482311,-1
2021-07-21,1.17783,1.18045,1.17517,1.1792,40328,0,0,0.001163155973272989,1
2021-07-22,1.17911,1.18302,1.17571,1.17706,46054,0,0,-0.0018147896879240344,-1
2021-07-23,1.17706,1.17862,1.17541,1.17705,35576,0,0,-8.495743632486175e-06,-1
2021-07-26,1.17686,1.1817,1.17631,1.18026,38272,0,0,0.0027271568752391673,1
2021-07-27,1.1802,1.18409,1.17698,1.18161,41761,0,0,0.0011438157694068085,1
2021-07-28,1.1816,1.18493,1.17725,1.18425,47083,0,0,0.0022342397237666844,1
2021-07-29,1.18425,1.18927,1.18391,1.18868,36171,0,0,0.003740764196748847,1
2021-07-30,1.18868,1.1908400000000001,1.18513,1.18669,40044,0,0,-0.001674125921189873,-1
2021-08-02,1.18642,1.18966,1.18587,1.1868400000000001,34833,0,0,0.0001264020089493112,1
2021-08-03,1.1868400000000001,1.1893,1.18534,1.18635,34521,0,0,-0.0004128610427691637,-1
2021-08-04,1.18635,1.18994,1.18324,1.18362,36984,0,0,-0.002301175875584871,-1
2021-08-05,1.18363,1.18571,1.18279,1.18334,36454,0,0,-0.0002365624102328434,-1
2021-08-06,1.18335,1.1835499999999999,1.17541,1.1761,36533,0,0,-0.006118275389997874,-1
2021-08-09,1.17568,1.17687,1.17347,1.17356,36593,0,0,-0.002159680299294253,-1
2021-08-10,1.17356,1.17426,1.17096,1.17193,32641,0,0,-0.0013889362282286655,-1
2021-08-11,1.172,1.17533,1.17058,1.17388,34264,0,0,0.0016639219065985866,1
2021-08-12,1.17374,1.17479,1.17234,1.17295,28106,0,0,-0.0007922445224385344,-1
2021-08-13,1.17286,1.18045,1.1728,1.1791,28247,0,0,0.005243190246813745,1
2021-08-16,1.17937,1.18005,1.17672,1.17775,28959,0,0,-0.0011449410567381246,-1
2021-08-17,1.17775,1.17841,1.17076,1.17083,38044,0,0,-0.005875610273827214,-1
2021-08-18,1.17084,1.17425,1.1693500000000001,1.17097,36749,0,0,0.00011957329415879236,1
2021-08-19,1.17105,1.17153,1.16655,1.16753,43274,0,0,-0.002937735381777551,-1
2021-08-20,1.16753,1.17043,1.16637,1.1694,34436,0,0,0.001601671905647084,1
2021-08-23,1.16934,1.175,1.1691799999999999,1.17452,33638,0,0,0.00437831366512742,1
2021-08-24,1.17409,1.17647,1.17269,1.17538,29748,0,0,0.0007322140108301234,1
2021-08-25,1.17538,1.17743,1.17258,1.17715,33431,0,0,0.0015058959655598336,1
2021-08-26,1.17715,1.17788,1.1745700000000001,1.17514,35659,0,0,-0.0017075139107164405,-1
2021-08-27,1.17514,1.18021,1.17347,1.17902,40562,0,0,0.0033017342614496403,1
2021-08-30,1.17927,1.18096,1.17825,1.17961,27552,0,0,0.0005004155993961756,1
2021-08-31,1.17961,1.18448,1.17946,1.18084,41694,0,0,0.0010427175083289608,1
2021-09-01,1.18084,1.1857,1.17933,1.1839,36657,0,0,0.0025913756309068336,1
2021-09-02,1.18391,1.18758,1.18338,1.18746,30465,0,0,0.0030070107272572866,1
2021-09-03,1.18746,1.19087,1.18655,1.1878199999999999,38661,0,0,0.00030316810671515704,1
2021-09-06,1.18759,1.18862,1.18555,1.18692,23807,0,0,-0.0007576905591755168,-1
2021-09-07,1.18692,1.18849,1.18372,1.18388,38351,0,0,-0.0025612509688942575,-1
2021-09-08,1.18391,1.18509,1.18018,1.18158,39962,0,0,-0.001942764469371916,-1
2021-09-09,1.18161,1.1841,1.18049,1.18251,41398,0,0,0.0007870817041586431,1
2021-09-10,1.18252,1.18508,1.18091,1.18108,35502,0,0,-0.0012092920990097733,-1
2021-09-13,1.18144,1.18168,1.17699,1.18103,34019,0,0,-4.233413485954518e-05,-1
2021-09-14,1.18087,1.18455,1.17998,1.18023,39019,0,0,-0.0006773748338315677,-1
2021-09-15,1.18023,1.18316,1.1798899999999999,1.18161,38076,0,0,0.0011692636181084293,1
2021-09-16,1.1816,1.18203,1.17502,1.17662,39100,0,0,-0.004223051599089422,-1
2021-09-17,1.1758899999999999,1.17886,1.17207,1.1724999999999999,39101,0,0,-0.0035015553024766444,-1
2021-09-20,1.17299,1.17362,1.16999,1.17255,38266,0,0,4.264392324104804e-05,1
2021-09-21,1.17254,1.17484,1.17146,1.17225,41318,0,0,-0.00025585262888572213,-1
2021-09-22,1.17239,1.17553,1.16844,1.16866,49117,0,0,-0.0030624866709320075,-1
2021-09-23,1.16873,1.17498,1.16832,1.17384,44939,0,0,0.0044324268820701285,1
2021-09-24,1.17384,1.17473,1.17005,1.17197,36626,0,0,-0.0015930620868261913,-1
2021-09-27,1.17257,1.17257,1.16845,1.16949,42129,0,0,-0.002116095121888817,-1
2021-09-28,1.16954,1.17029,1.1668,1.16829,52553,0,0,-0.001026088294897698,-1
2021-09-29,1.16829,1.16898,1.15891,1.1596899999999999,50951,0,0,-0.0073611860068990564,-1
2021-09-30,1.1596899999999999,1.16095,1.15624,1.15769,54847,0,0,-0.0017245988152003733,-1
2021-10-01,1.15767,1.16071,1.15627,1.15934,53610,0,0,0.001425252010469169,1
2021-10-04,1.1593499999999999,1.16399,1.1587399999999999,1.16186,42887,0,0,0.0021736505252987204,1
2021-10-05,1.16186,1.16217,1.1580300000000001,1.15968,40644,0,0,-0.0018763017919541936,-1
2021-10-06,1.15968,1.16008,1.1529,1.15548,49125,0,0,-0.0036216887417218624,-1
2021-10-07,1.15538,1.15719,1.15475,1.1551,37771,0,0,-0.00032886765673145746,-1
2021-10-08,1.1551,1.15857,1.15411,1.1574,42322,0,0,0.0019911695957059994,1
2021-10-11,1.1566,1.15865,1.15489,1.1550799999999999,34634,0,0,-0.0020044928287541453,-1
2021-10-12,1.1550799999999999,1.157,1.15241,1.15297,39615,0,0,-0.0018267133012430659,-1
2021-10-13,1.15294,1.15971,1.15269,1.15931,44356,0,0,0.005498842120783776,1
2021-10-14,1.15931,1.16241,1.15838,1.15962,36529,0,0,0.0002674004364664473,1
2021-10-15,1.15943,1.16185,1.15879,1.15989,39952,0,0,0.00023283489418957082,1
2021-10-18,1.15913,1.16222,1.1571500000000001,1.16096,40947,0,0,0.0009225012716722603,1
2021-10-19,1.16096,1.1669100000000001,1.16079,1.16329,39570,0,0,0.0020069597574421394,1
2021-10-20,1.16329,1.16584,1.16166,1.16488,40365,0,0,0.0013668130904589404,1
2021-10-21,1.16492,1.16671,1.16194,1.16226,40990,0,0,-0.0022491587116267864,-1
2021-10-22,1.16226,1.16554,1.16208,1.16407,43388,0,0,0.0015573107566291267,1
2021-10-25,1.16383,1.16649,1.15904,1.16076,39439,0,0,-0.002843471612531845,-1
2021-10-26,1.16076,1.16255,1.1584699999999999,1.15953,36926,0,0,-0.0010596505737621165,-1
2021-10-27,1.15953,1.16258,1.1584699999999999,1.16027,47045,0,0,0.0006381896113079044,1
2021-10-28,1.16029,1.1691799999999999,1.15821,1.16799,56548,0,0,0.00665362372551237,1
2021-10-29,1.16805,1.169,1.15349,1.15552,53309,0,0,-0.010676461271072468,-1
2021-11-01,1.15567,1.16088,1.15458,1.1605699999999999,41562,0,0,0.004370326779285394,1
2021-11-02,1.1605699999999999,1.1613,1.1575,1.15791,41972,0,0,-0.002291977218091046,-1
2021-11-03,1.1579,1.16161,1.15621,1.16111,47277,0,0,0.00276359993436448,1
2021-11-04,1.16097,1.16162,1.15283,1.1553499999999999,46170,0,0,-0.004960770297388062,-1
2021-11-05,1.15538,1.1573,1.15131,1.15668,48395,0,0,0.0011511663132384164,1
2021-11-08,1.15577,1.15947,1.15503,1.15858,38646,0,0,0.0016426323615865712,1
2021-11-09,1.15858,1.16086,1.15696,1.15928,45307,0,0,0.0006041878851699156,1
2021-11-10,1.15928,1.15951,1.14758,1.14781,54449,0,0,-0.009894072182734193,-1
2021-11-11,1.14784,1.14873,1.14428,1.14496,37526,0,0,-0.0024829893449264118,-1
2021-11-12,1.14496,1.14618,1.14327,1.14436,38391,0,0,-0.0005240357741754798,-1
2021-11-15,1.1446,1.1463700000000001,1.1356,1.1367099999999999,40440,0,0,-0.006684959278548841,-1
2021-11-16,1.13672,1.13855,1.1309,1.13196,47706,0,0,-0.004178726324216231,-1
2021-11-17,1.13197,1.13319,1.12634,1.13189,50471,0,0,-6.183964097672412e-05,-1
2021-11-18,1.13189,1.13738,1.13136,1.1369799999999999,42987,0,0,0.004496903409341835,1
2021-11-19,1.13701,1.13726,1.12498,1.12814,54813,0,0,-0.0077749828493025586,-1
2021-11-22,1.12902,1.12902,1.12304,1.12343,54096,0,0,-0.004175013739429523,-1
2021-11-23,1.12359,1.12748,1.12257,1.12482,53057,0,0,0.001237282251675742,1
2021-11-24,1.12455,1.1255,1.11859,1.11968,53913,0,0,-0.004569620028093357,-1
2021-11-25,1.11968,1.12294,1.11942,1.12068,29190,0,0,0.0008931123178050893,1
2021-11-26,1.12071,1.13306,1.12051,1.13047,70178,0,0,0.008735767569689967,1
2021-11-29,1.13011,1.13123,1.12581,1.1290499999999999,52655,0,0,-0.001256114713349521,-1
2021-11-30,1.1290499999999999,1.13825,1.12356,1.1335899999999999,71903,0,0,0.004021079668748095,1
2021-12-01,1.1335899999999999,1.13595,1.13023,1.13187,60685,0,0,-0.0015173034342221836,-1
2021-12-02,1.13189,1.13475,1.12951,1.13002,50534,0,0,-0.0016344633217595383,-1
2021-12-03,1.13007,1.13328,1.12664,1.13123,54909,0,0,0.001070777508362708,1
2021-12-06,1.13,1.13112,1.12664,1.12848,39012,0,0,-0.002430982205210319,-1
2021-12-07,1.12848,1.12982,1.12272,1.1265100000000001,39214,0,0,-0.0017457110449452529,-1
2021-12-08,1.12648,1.13545,1.12611,1.13416,44343,0,0,0.006790885123079127,1
2021-12-09,1.1341700000000001,1.13457,1.12781,1.12925,37025,0,0,-0.004329195175283851,-1
2021-12-10,1.12913,1.1323699999999999,1.12649,1.13161,39218,0,0,0.0020898826654858205,1
2021-12-13,1.13096,1.1319,1.12598,1.12825,33404,0,0,-0.0029692208446373547,-1
2021-12-14,1.12823,1.13235,1.12534,1.12583,35672,0,0,-0.0021449146908928407,-1
2021-12-15,1.12583,1.12989,1.12216,1.12869,46496,0,0,0.002540348009912652,1
2021-12-16,1.12878,1.13601,1.12811,1.13297,46403,0,0,0.003792006662591163,1
2021-12-17,1.13297,1.13487,1.12346,1.12362,40935,0,0,-0.00825264570112183,-1
2021-12-20,1.12357,1.13035,1.12344,1.1276,40727,0,0,0.003542122781723167,1
2021-12-21,1.1276,1.13024,1.12606,1.1283400000000001,37666,0,0,0.0006562610854914386,1
2021-12-22,1.12819,1.1342,1.12641,1.1326100000000001,36059,0,0,0.0037843203289789074,1
2021-12-23,1.1326100000000001,1.13419,1.12898,1.13263,32482,0,0,1.7658328992142813e-05,1
2021-12-24,1.13243,1.13433,1.1302699999999999,1.13214,38250,0,0,-0.0004326214209406931,-1
2021-12-27,1.13099,1.13341,1.13025,1.13236,22876,0,0,0.0001943222569646963,1
2021-12-28,1.13269,1.13329,1.12893,1.1309,24864,0,0,-0.0012893426118901763,-1
2021-12-29,1.13063,1.13685,1.12735,1.1347,31772,0,0,0.0033601556282607525,1
2021-12-30,1.13468,1.13596,1.12984,1.1320999999999999,29368,0,0,-0.002291354543051183,-1
2021-12-31,1.13209,1.13861,1.1303,1.13679,27041,0,0,0.004142743573889218,1
2022-01-03,1.13687,1.13782,1.12795,1.1295600000000001,35216,0,0,-0.006360013722850999,-1
2022-01-04,1.1295600000000001,1.13222,1.12721,1.12866,42087,0,0,-0.0007967704238819318,-1
2022-01-05,1.12863,1.13461,1.12768,1.13125,42078,0,0,0.002294756614037885,1
2022-01-06,1.13101,1.13315,1.12843,1.12939,44936,0,0,-0.0016441988950277597,-1
2022-01-07,1.12939,1.13646,1.12887,1.13587,37956,0,0,0.005737610568536944,1
2022-01-10,1.13537,1.13608,1.12849,1.13231,40512,0,0,-0.0031341614797467665,-1
2022-01-11,1.13196,1.1375,1.13128,1.13646,38147,0,0,0.0036650740521588787,1
2022-01-12,1.13619,1.14524,1.13544,1.1440299999999999,40558,0,0,0.0066610351442195626,1
2022-01-13,1.14411,1.14813,1.14356,1.14544,41138,0,0,0.0012324851621026145,1
2022-01-14,1.14517,1.14825,1.13982,1.14046,44356,0,0,-0.004347674256180989,-1
2022-01-17,1.14128,1.14344,1.13951,1.14041,34504,0,0,-4.3841958508039625e-05,-1
2022-01-18,1.14066,1.14213,1.13144,1.13212,51015,0,0,-0.007269315421646549,-1
2022-01-19,1.13212,1.13569,1.13172,1.13415,41134,0,0,0.0017930961382186528,1
2022-01-20,1.1338300000000001,1.13687,1.13029,1.13111,41801,0,0,-0.0026804214610059995,-1
2022-01-21,1.13109,1.13596,1.13007,1.13397,42092,0,0,0.0025284897136439444,1
2022-01-24,1.13403,1.13447,1.12902,1.13228,46962,0,0,-0.0014903392505973834,-1
2022-01-25,1.13229,1.1328,1.1263,1.1299299999999999,40835,0,0,-0.0020754583671883653,-1
2022-01-26,1.12992,1.13104,1.1235,1.1238,48987,0,0,-0.005425114830122202,-1
2022-01-27,1.12348,1.12431,1.11317,1.11409,53473,0,0,-0.008640327460402109,-1
2022-01-28,1.11402,1.11735,1.11211,1.11414,50426,0,0,4.4879677584264144e-05,1
2022-01-31,1.11408,1.12475,1.11381,1.12335,47935,0,0,0.00826646561473443,1
2022-02-01,1.12335,1.12785,1.12206,1.12707,45406,0,0,0.0033115235678995436,1
2022-02-02,1.12707,1.1329799999999999,1.12663,1.13024,36891,0,0,0.002812602589013835,1
2022-02-03,1.1302,1.14512,1.12671,1.14392,57047,0,0,0.012103624009060177,1
2022-02-04,1.14392,1.14835,1.14114,1.14469,55565,0,0,0.0006731239946848877,1
2022-02-07,1.1464699999999999,1.14649,1.1414900000000001,1.14414,47985,0,0,-0.00048047943111240166,-1
2022-02-08,1.14415,1.14485,1.1396,1.14144,42522,0,0,-0.0023598510671770656,-1
2022-02-09,1.14144,1.14475,1.14024,1.14224,36971,0,0,0.0007008690776562077,1
2022-02-10,1.14224,1.14946,1.13746,1.14275,58283,0,0,0.00044649110519690005,1
2022-02-11,1.14275,1.14307,1.13296,1.13442,67364,0,0,-0.0072894333843797066,-1
2022-02-14,1.13364,1.1368800000000001,1.12799,1.13059,65110,0,0,-0.0033761746090513745,-1
2022-02-15,1.13058,1.1368,1.13007,1.13583,50424,0,0,0.0046347482288007225,1
2022-02-16,1.13583,1.13956,1.13447,1.1372,46749,0,0,0.0012061664157489993,1
2022-02-17,1.1372,1.13858,1.13229,1.13586,61536,0,0,-0.0011783327470979987,-1
2022-02-18,1.13593,1.13766,1.13144,1.13213,46665,0,0,-0.00328385540471543,-1
2022-02-21,1.13185,1.13902,1.13063,1.131,39977,0,0,-0.0009981185906212664,-1
2022-02-22,1.13107,1.13666,1.12877,1.13239,60948,0,0,0.0012290008841733258,1
2022-02-23,1.13239,1.13587,1.1301,1.13035,40209,0,0,-0.0018014994833935871,-1
2022-02-24,1.13035,1.13084,1.11061,1.11911,109243,0,0,-0.009943822709780115,-1
2022-02-25,1.11911,1.1273900000000001,1.11658,1.12661,71636,0,0,0.006701754072432342,1
2022-02-28,1.11248,1.12462,1.11236,1.12179,87918,0,0,-0.00427832169073572,-1
2022-03-01,1.12179,1.12329,1.10895,1.11182,71961,0,0,-0.008887581454639526,-1
2022-03-02,1.1118999999999999,1.11436,1.10572,1.11179,82480,0,0,-2.698278498314277e-05,-1
2022-03-03,1.11173,1.11217,1.10334,1.1066,62638,0,0,-0.004668147761717645,-1
2022-03-04,1.1066,1.10676,1.08853,1.09267,83662,0,0,-0.01258810771733232,-1
2022-03-07,1.09267,1.0932,1.08057,1.08534,108886,0,0,-0.00670833829060935,-1
2022-03-08,1.08499,1.0958,1.08489,1.08983,101990,0,0,0.004136952475721989,1
2022-03-09,1.08986,1.10949,1.08898,1.1075,75268,0,0,0.0162135378912307,1
2022-03-10,1.10732,1.1121,1.09759,1.09845,79371,0,0,-0.00817155756207677,-1
2022-03-11,1.09758,1.10432,1.09017,1.0907499999999999,74331,0,0,-0.007009877554736255,-1
2022-03-14,1.09212,1.09935,1.09003,1.09406,65468,0,0,0.0030346092138437974,1
2022-03-15,1.09401,1.10196,1.0925799999999999,1.09547,70604,0,0,0.0012887775807541857,1
2022-03-16,1.09547,1.10465,1.09481,1.10346,79480,0,0,0.00729367303531836,1
2022-03-17,1.10346,1.11372,1.10079,1.10895,57677,0,0,0.0049752596378662695,1
2022-03-18,1.10901,1.11182,1.10029,1.10495,57140,0,0,-0.0036070156454303115,-1
2022-03-21,1.10564,1.10698,1.101,1.1014599999999999,49292,0,0,-0.0031585139599078493,-1
2022-03-22,1.10159,1.10455,1.09606,1.10222,57140,0,0,0.0006899932816444299,1
2022-03-23,1.10222,1.10433,1.09638,1.10016,48554,0,0,-0.001868955380958437,-1
2022-03-24,1.10028,1.10135,1.09656,1.09959,51322,0,0,-0.0005181064572425953,-1
2022-03-25,1.09942,1.10375,1.09807,1.09825,54016,0,0,-0.00121863603706851,-1
2022-03-28,1.09847,1.09993,1.09445,1.09822,61321,0,0,-2.731618483953202e-05,-1
2022-03-29,1.09755,1.11367,1.09693,1.10853,74791,0,0,0.009387918631968084,1
2022-03-30,1.1086,1.11707,1.10799,1.11574,65998,0,0,0.006504109045312179,1
2022-03-31,1.11574,1.11845,1.10608,1.10664,64027,0,0,-0.008156022012296704,-1
2022-04-01,1.10656,1.10759,1.10277,1.10355,54392,0,0,-0.0027922359574930056,-1
2022-04-04,1.10313,1.10541,1.09604,1.09705,42021,0,0,-0.005890082008064845,-1
2022-04-05,1.09705,1.09883,1.08998,1.09044,46094,0,0,-0.006025249532838117,-1
2022-04-06,1.09043,1.09376,1.0874,1.08911,59277,0,0,-0.0012196911338542282,-1
2022-04-07,1.0891,1.09381,1.08648,1.08772,53042,0,0,-0.0012762714510012874,-1
2022-04-08,1.08773,1.08915,1.08361,1.08762,47086,0,0,-9.193542455776527e-05,-1
2022-04-11,1.092,1.09329,1.08725,1.0883099999999999,49659,0,0,0.0006344127544546385,1
2022-04-12,1.0883,1.09033,1.0821,1.08263,58302,0,0,-0.005219101175216512,-1
2022-04-13,1.08268,1.08941,1.08087,1.08885,54163,0,0,0.005745268466604614,1
2022-04-14,1.08882,1.09228,1.07572,1.08274,64161,0,0,-0.005611424897828066,-1
2022-04-15,1.08275,1.08298,1.07962,1.0806499999999999,38093,0,0,-0.00193028797310546,-1
2022-04-18,1.08022,1.08213,1.07696,1.07816,35572,0,0,-0.002304168787303773,-1
2022-04-19,1.07816,1.08142,1.0761,1.07864,51828,0,0,0.0004452029383394951,1
2022-04-20,1.07864,1.08667,1.07825,1.08516,58396,0,0,0.006044648817028708,1
2022-04-21,1.08516,1.09359,1.08234,1.08325,61478,0,0,-0.0017601091083341291,-1
2022-04-22,1.08323,1.08513,1.07704,1.0796000000000001,61051,0,0,-0.0033694899607661366,-1
2022-04-25,1.08059,1.0814300000000001,1.06965,1.07118,75321,0,0,-0.007799184883290233,-1
2022-04-26,1.07118,1.07383,1.06354,1.06371,60657,0,0,-0.006973617879348137,-1
2022-04-27,1.06372,1.06543,1.05144,1.05548,71460,0,0,-0.007737071194216405,-1
2022-04-28,1.05507,1.05644,1.04711,1.04982,79443,0,0,-0.005362489104483226,-1
2022-04-29,1.04982,1.05926,1.04909,1.05383,67784,0,0,0.0038197024251778178,1
2022-05-02,1.05588,1.05679,1.049,1.05019,57057,0,0,-0.003454067544101158,-1
2022-05-03,1.0502,1.05775,1.0492,1.05195,54522,0,0,0.0016758872204076791,1
2022-05-04,1.05196,1.0630600000000001,1.05058,1.06174,64483,0,0,0.009306525975569135,1
2022-05-05,1.06147,1.06416,1.04924,1.05382,82406,0,0,-0.0074594533501609606,-1
2022-05-06,1.05381,1.05985,1.04824,1.05397,92552,0,0,0.00014233929893170405,1
2022-05-09,1.05365,1.05926,1.04949,1.05573,73309,0,0,0.0016698767517102642,1
2022-05-10,1.05573,1.05851,1.05254,1.05255,74113,0,0,-0.0030121337842061724,-1
2022-05-11,1.05235,1.05768,1.05017,1.0512,77818,0,0,-0.00128259940145381,-1
2022-05-12,1.05093,1.05291,1.03539,1.03787,81995,0,0,-0.012680745814307337,-1
2022-05-13,1.03787,1.04194,1.03495,1.04115,60938,0,0,0.003160318729706013,1
2022-05-16,1.03979,1.04428,1.03887,1.0431300000000001,53592,7,0,0.0019017432646593058,1
2022-05-17,1.04316,1.05553,1.04281,1.0546,100613,7,0,0.01099575316595236,1
2022-05-18,1.05459,1.05634,1.04599,1.04628,85378,7,0,-0.00788924710790806,-1
2022-05-19,1.04623,1.06068,1.04601,1.05797,122287,7,0,0.01117291738349202,1
2022-05-20,1.05799,1.05987,1.05326,1.05608,87238,7,0,-0.0017864400691892657,-1
2022-05-23,1.05597,1.06971,1.05503,1.06881,56577,0,0,0.012054011059768222,1
2022-05-24,1.06844,1.07483,1.06607,1.07325,58373,0,0,0.004154152749319406,1
2022-05-25,1.07325,1.07385,1.06419,1.0675,60128,0,0,-0.005357558816678432,-1
2022-05-26,1.0675,1.07314,1.06622,1.0719,51929,0,0,0.004121779859485031,1
2022-05-27,1.07203,1.07647,1.06968,1.07318,47771,0,0,0.001194141244519109,1
2022-05-30,1.07332,1.07866,1.07258,1.07768,36101,0,0,0.00419314560465156,1
2022-05-31,1.07768,1.0778699999999999,1.06786,1.07319,61779,0,0,-0.0041663573602552795,-1
2022-06-01,1.0729,1.07389,1.0627,1.06447,55030,0,0,-0.008125308659231001,-1
2022-06-02,1.06446,1.07502,1.06412,1.07447,44221,0,0,0.009394346482286986,1
2022-06-03,1.0744,1.07641,1.07039,1.07191,41949,0,0,-0.00238257001126152,-1
2022-06-06,1.07153,1.07515,1.06837,1.06956,40237,0,0,-0.002192348238191477,-1
2022-06-07,1.06956,1.07141,1.06518,1.0697,51885,0,0,0.00013089494745499586,1
2022-06-08,1.0693,1.07481,1.06711,1.07156,49012,0,0,0.0017388052725062497,1
2022-06-09,1.07156,1.07735,1.06109,1.06143,67113,0,0,-0.009453507036470188,-1
2022-06-10,1.06158,1.06419,1.05055,1.05119,67658,0,0,-0.00964736252037346,-1
2022-06-13,1.05142,1.05196,1.03994,1.04067,77478,0,0,-0.010007705552754542,-1
2022-06-14,1.04067,1.04845,1.03967,1.04151,80177,0,0,0.0008071723024589694,1
2022-06-15,1.04129,1.05075,1.03588,1.0441799999999999,102327,0,0,0.0025635855632686333,1
2022-06-16,1.0441799999999999,1.0601099999999999,1.03807,1.05459,96224,0,0,0.00996954548066431,1
2022-06-17,1.05437,1.05603,1.04441,1.04929,85468,0,0,-0.0050256497785867715,-1
2022-06-20,1.04728,1.05456,1.04724,1.05075,53013,0,0,0.0013914170534361503,1
2022-06-21,1.05075,1.05824,1.0506,1.05281,58801,0,0,0.0019605044016177686,1
2022-06-22,1.0527,1.06054,1.04688,1.05653,73566,0,0,0.00353340108851552,1
2022-06-23,1.05653,1.05808,1.04826,1.05162,84609,0,0,-0.004647288766054913,-1
2022-06-24,1.05162,1.05709,1.05116,1.05517,61706,0,0,0.003375744090070576,1
2022-06-27,1.0547,1.06145,1.0547,1.05818,64709,0,0,0.0028526209046884077,1
2022-06-28,1.05818,1.06058,1.05032,1.05197,65973,0,0,-0.00586856678447889,-1
2022-06-29,1.05198,1.05353,1.0435,1.04384,67795,0,0,-0.007728357272545727,-1
2022-06-30,1.04388,1.04884,1.03825,1.04834,73580,0,0,0.004311005518087052,1
2022-07-01,1.04757,1.04853,1.03659,1.0425,73197,0,0,-0.005570711791975991,-1
2022-07-04,1.0417,1.04624,1.04158,1.04158,46948,0,0,-0.0008824940047962304,-1
2022-07-05,1.04136,1.04485,1.02348,1.02662,76622,0,0,-0.014362794984542626,-1
2022-07-06,1.02664,1.02761,1.01614,1.01807,85588,0,0,-0.008328300637042041,-1
2022-07-07,1.01784,1.02206,1.01439,1.01526,68199,0,0,-0.002760124549392451,-1
2022-07-08,1.01587,1.0191,1.00718,1.01826,74754,0,0,0.0029549081023578783,1
2022-07-11,1.01745,1.01831,1.00334,1.00387,108837,7,0,-0.014131950582365937,-1
2022-07-12,1.00387,1.00735,0.99998,1.00343,133361,7,0,-0.00043830376443165786,-1
2022-07-13,1.00343,1.01216,0.99977,1.00542,156195,7,0,0.001983197632121847,1
2022-07-14,1.0054,1.00601,0.99519,1.00167,157518,7,0,-0.0037297845676432795,-1
2022-07-15,1.00167,1.00977,1.00066,1.00781,121757,7,0,0.006129763295296797,1
2022-07-18,1.00817,1.0201,1.00782,1.01412,109033,7,0,0.006261100802730457,1
2022-07-19,1.01412,1.0269,1.01193,1.02243,134788,7,0,0.00819429653295467,1
2022-07-20,1.02243,1.02728,1.01551,1.01766,126533,7,0,-0.004665356063495718,-1
2022-07-21,1.01766,1.02776,1.01529,1.0228,163956,7,0,0.005050802822160527,1
2022-07-22,1.0228,1.02551,1.01296,1.02082,147049,7,0,-0.0019358623386780405,-1
2022-07-25,1.02087,1.02575,1.01784,1.02178,122357,7,0,0.0009404204463077104,1
2022-07-26,1.02187,1.02498,1.01072,1.01151,106304,4,0,-0.010051087318209362,-1
2022-07-27,1.01151,1.02204,1.00964,1.01949,126004,7,0,0.007889195361390433,1
2022-07-28,1.01955,1.02341,1.01138,1.01958,151816,7,0,8.827943383438175e-05,1
2022-07-29,1.01958,1.02539,1.01457,1.02253,143012,7,0,0.002893348241432836,1
2022-08-01,1.02128,1.0275,1.02053,1.0261,123132,7,0,0.003491340107380836,1
2022-08-02,1.02607,1.02936,1.01632,1.01653,151994,7,0,-0.00932657635708023,-1
2022-08-03,1.01653,1.02094,1.01224,1.01651,132046,7,0,-1.9674775953437695e-05,-1
2022-08-04,1.01651,1.02535,1.0154,1.02452,117877,7,0,0.007879902804694527,1
2022-08-05,1.02452,1.02518,1.01413,1.0178,111312,7,0,-0.0065591691719049106,-1
2022-08-08,1.01712,1.02216,1.01589,1.0194,89173,7,0,0.0015720180782079485,1
2022-08-09,1.0194,1.02471,1.01885,1.02126,73479,7,0,0.001824602707474865,1
2022-08-10,1.02126,1.03683,1.02017,1.02989,118637,7,0,0.008450345651449975,1
2022-08-11,1.02989,1.03641,1.02751,1.03226,115729,7,0,0.0023012166347862184,1
2022-08-12,1.03218,1.03271,1.0238,1.02556,95627,7,0,-0.006490612830100884,-1
2022-08-15,1.02547,1.0268,1.01543,1.01587,84713,7,0,-0.009448496431218034,-1
2022-08-16,1.01587,1.01945,1.01221,1.01707,95909,7,0,0.0011812535068462804,1
2022-08-17,1.01707,1.02026,1.01452,1.01799,113160,7,0,0.0009045591748848558,1
2022-08-18,1.01799,1.01927,1.00796,1.00849,104405,7,0,-0.009332115246711514,-1
2022-08-19,1.00831,1.00952,1.00317,1.00348,86681,7,0,-0.004967823181191822,-1
2022-08-22,1.00354,1.00462,0.99258,0.99419,67970,7,0,-0.009257782915454094,-1
2022-08-23,0.99416,1.00178,0.99002,0.99688,78270,3,0,0.002705720234562836,1
2022-08-24,0.99664,0.99984,0.99098,0.99639,72314,7,0,-0.0004915335847844871,-1
2022-08-25,0.99639,1.00331,0.99489,0.99739,71955,5,0,0.0010036230793162293,1
2022-08-26,0.99739,1.00895,0.99462,0.99634,76485,7,0,-0.0010527476714223827,-1
2022-08-29,0.99647,1.00289,0.99138,0.99949,117635,6,0,0.0031615713511452537,1
2022-08-30,0.99949,1.00546,0.99817,1.0013,131135,7,0,0.0018109235710213056,1
2022-08-31,1.0013,1.00789,0.99709,1.00521,129194,7,0,0.0039049235993207088,1
2022-09-01,1.00512,1.00546,0.99106,0.99441,132487,7,0,-0.010744023636851896,-1
2022-09-02,0.99441,1.00333,0.99402,0.99508,129332,7,0,0.0006737663539182481,1
2022-09-05,0.99219,0.99436,0.98778,0.99223,94632,7,0,-0.0028640913293404013,-1
2022-09-06,0.99223,0.9986,0.98637,0.99033,144031,7,0,-0.0019148786067745283,-1
2022-09-07,0.99033,1.00106,0.98754,1.00027,123927,7,0,0.010037058354285922,1
2022-09-08,1.00027,1.00294,0.99305,0.9997,150162,7,0,-0.0005698461415417633,-1
2022-09-09,0.99966,1.01131,0.99936,1.0037,122977,7,0,0.0040012003601079815,1
2022-09-12,1.00997,1.01975,1.00594,1.01219,120242,7,0,0.008458702799641227,1
2022-09-13,1.01215,1.01868,0.99663,0.99705,135471,7,0,-0.014957666050840146,-1
2022-09-14,0.99697,1.00233,0.99551,0.99801,146821,7,0,0.0009628403791184237,1
2022-09-15,0.99801,1.00175,0.99554,0.99956,105848,7,0,0.0015530906503944397,1
2022-09-16,0.99956,1.00362,0.99447,1.00143,124305,7,0,0.0018708231621913374,1
2022-09-19,1.00046,1.00288,0.99656,1.00209,89455,7,0,0.0006590575477065652,1
2022-09-20,1.00209,1.00502,0.99549,0.99708,116687,7,0,-0.004999550938538433,-1
2022-09-21,0.99705,0.99756,0.98124,0.98365,180298,7,0,-0.013469330444899064,-1
2022-09-22,0.98365,0.99072,0.98079,0.98325,200643,7,0,-0.00040664870634887773,-1
2022-09-23,0.98325,0.98516,0.96678,0.96811,179884,7,0,-0.01539791507754884,-1
2022-09-26,0.96669,0.97092,0.95496,0.96089,267794,7,0,-0.007457830205245264,-1
2022-09-27,0.96089,0.96704,0.95689,0.9593,184931,7,0,-0.001654715940430207,-1
2022-09-28,0.9593,0.97506,0.95356,0.97324,261558,7,0,0.01453142916710104,1
2022-09-29,0.97324,0.98161,0.96354,0.98152,217288,7,0,0.008507665118572927,1
2022-09-30,0.98152,0.98536,0.97343,0.97958,220602,7,0,-0.0019765262042545917,-1
2022-10-03,0.97896,0.98443,0.97525,0.98249,185623,7,0,0.0029706608954858105,1
2022-10-04,0.98251,0.99993,0.98058,0.99854,182944,7,0,0.016336044132764682,1
2022-10-05,0.99853,0.99947,0.98344,0.9881,164768,7,0,-0.0104552646864422,-1
2022-10-06,0.98816,0.99263,0.97879,0.97902,181957,7,0,-0.009189353304321357,-1
2022-10-07,0.97902,0.98165,0.97258,0.97376,164833,7,0,-0.005372719658434,-1
2022-10-10,0.97311,0.97525,0.96814,0.96999,136533,7,0,-0.0038715905356555558,-1
2022-10-11,0.96999,0.97741,0.96708,0.97052,165360,7,0,0.0005463973855401871,1
2022-10-12,0.97052,0.97345,0.96676,0.97021,167488,7,0,-0.00031941639533450417,-1
2022-10-13,0.97021,0.98057,0.96312,0.97717,212307,7,0,0.007173704661877389,1
2022-10-14,0.97717,0.98085,0.97066,0.97203,201853,7,0,-0.005260087804578539,-1
2022-10-17,0.97181,0.98518,0.97168,0.98391,153286,7,0,0.012221845004783738,1
2022-10-18,0.98391,0.98755,0.98124,0.98563,161615,7,0,0.0017481273693733534,1
2022-10-19,0.98556,0.98722,0.9757,0.97725,150132,7,0,-0.008502176273043727,-1
2022-10-20,0.97725,0.98452,0.97544,0.97831,163748,7,0,0.001084676387822947,1
2022-10-21,0.97831,0.98688,0.97046,0.98617,241242,7,0,0.008034263168116507,1
2022-10-24,0.98699,0.98986,0.98066,0.98733,216974,7,0,0.0011762677834450397,1
2022-10-25,0.98733,0.99765,0.98493,0.99616,147728,7,0,0.008943311759999295,1
2022-10-26,0.99616,1.00884,0.99433,1.00803,161690,7,0,0.011915756504979003,1
2022-10-27,1.00803,1.00934,0.99574,0.99642,187223,7,0,-0.011517514359691727,-1
2022-10-28,0.99642,0.99977,0.99261,0.99642,156294,7,0,0.0,-1
2022-10-31,0.99454,0.99654,0.98726,0.98787,108449,7,0,-0.008580718973926649,-1
2022-11-01,0.98774,0.99531,0.98526,0.98767,131638,7,0,-0.00020245578871713743,-1
2022-11-02,0.98767,0.99756,0.98127,0.98144,170216,7,0,-0.006307774864074078,-1
2022-11-03,0.98144,0.98392,0.97297,0.97472,150083,7,0,-0.006847081838930458,-1
2022-11-04,0.97472,0.99661,0.97421,0.9956,181231,7,0,0.021421536441234457,1
2022-11-07,0.99052,1.00337,0.98988,1.00173,146812,7,0,0.006157091201285603,1
2022-11-08,1.00172,1.00961,0.99717,1.00709,122884,7,0,0.005350743214239451,1
2022-11-09,1.00709,1.00879,0.99926,1.00088,165588,7,0,-0.006166281067233381,-1
2022-11-10,1.00088,1.02216,0.99352,1.0207,211987,7,0,0.01980257373511307,1
2022-11-11,1.0207,1.03638,1.01629,1.03489,204382,7,0,0.013902223963946359,1
2022-11-14,1.03351,1.03583,1.02711,1.03259,168227,7,0,-0.002222458425533369,-1
2022-11-15,1.03259,1.04811,1.02797,1.03483,250837,7,0,0.002169302433686182,1
2022-11-16,1.03482,1.04383,1.03305,1.0394,193118,7,0,0.004416184300803261,1
2022-11-17,1.0394,1.04063,1.0305,1.03594,161257,7,0,-0.003328843563594419,-1
2022-11-18,1.03596,1.03957,1.03132,1.03236,128952,7,0,-0.0034557985983745265,-1
2022-11-21,1.03214,1.0333,1.02224,1.02404,123073,7,0,-0.008059204153589739,-1
2022-11-22,1.02404,1.03078,1.02377,1.03037,107405,7,0,0.006181399164095103,1
2022-11-23,1.03037,1.04046,1.02963,1.03949,128706,7,0,0.008851189378572766,1
2022-11-24,1.03949,1.04482,1.03816,1.04063,88133,7,0,0.001096691646865322,1
2022-11-25,1.04038,1.0429,1.03543,1.03926,109355,7,0,-0.001316510190941922,-1
2022-11-28,1.03684,1.04965,1.033,1.03381,142849,7,0,-0.005244116005619581,-1
2022-11-29,1.03381,1.0394,1.03197,1.03272,143781,7,0,-0.0010543523471429062,-1
2022-11-30,1.03272,1.04284,1.02899,1.04048,174365,7,0,0.007514137423503042,1
2022-12-01,1.04048,1.05334,1.0393,1.05125,189793,7,0,0.010350991849915392,1
2022-12-02,1.05147,1.05447,1.0428,1.05344,172011,7,0,0.002083234244946386,1
2022-12-05,1.05296,1.05945,1.04798,1.04881,134351,7,0,-0.004395124544349871,-1
2022-12-06,1.04881,1.05325,1.04591,1.04614,126543,7,0,-0.0025457423174836125,-1
2022-12-07,1.04614,1.05493,1.04429,1.05044,141565,7,0,0.004110348519318574,1
2022-12-08,1.05044,1.05646,1.04892,1.05542,113359,7,0,0.004740870492365046,1
2022-12-09,1.05542,1.05881,1.05045,1.05335,132054,7,0,-0.0019613045043679334,-1
2022-12-12,1.05256,1.05798,1.05056,1.05364,109463,7,0,0.00027531209949205326,1
2022-12-13,1.05364,1.06729,1.05276,1.0632,164730,7,0,0.009073307771155337,1
2022-12-14,1.0632,1.06948,1.06186,1.06812,172631,7,0,0.004627539503386124,1
2022-12-15,1.06816,1.07361,1.0592,1.06268,160906,7,0,-0.005093060704789654,-1
2022-12-16,1.06267,1.06628,1.05842,1.05842,131883,7,0,-0.004008732638235535,-1
2022-12-19,1.05854,1.06576,1.05756,1.06063,104466,7,0,0.0020880179890780948,1
2022-12-20,1.06063,1.06584,1.05785,1.0624,172561,7,0,0.0016688194752176866,1
2022-12-21,1.06241,1.06443,1.059,1.06036,108873,7,0,-0.0019201807228915735,-1
2022-12-22,1.06036,1.06591,1.05729,1.05963,110360,7,0,-0.000688445433626228,-1
2022-12-23,1.05963,1.06325,1.05863,1.06131,104201,7,0,0.0015854590753374698,1
2022-12-26,1.06078,1.06358,1.05978,1.06358,25249,7,0,0.00213886611828773,1
2022-12-27,1.06358,1.0669,1.06111,1.0639,88839,7,0,0.00030087064442740896,1
2022-12-28,1.064,1.06743,1.06063,1.06116,93886,7,0,-0.00257543002161853,-1
2022-12-29,1.06115,1.06901,1.06084,1.06607,99443,7,0,0.004627011949187576,1
2022-12-30,1.06607,1.07127,1.06383,1.0701,117387,7,0,0.003780239571510302,1
2023-01-02,1.06946,1.07088,1.06503,1.06642,31491,7,0,-0.0034389309410336466,-1
2023-01-03,1.06646,1.06831,1.05193,1.05467,160689,7,0,-0.011018172952495187,-1
2023-01-04,1.05467,1.06349,1.05403,1.06026,157235,7,0,0.005300236092806276,1
2023-01-05,1.06026,1.0631,1.05147,1.05215,144283,7,0,-0.00764906720992975,-1
2023-01-06,1.05215,1.06478,1.04821,1.06401,143888,7,0,0.011272157011832817,1
2023-01-09,1.06347,1.07603,1.06347,1.07289,128039,7,0,0.008345786223813656,1
2023-01-10,1.07289,1.07591,1.07117,1.07325,127694,7,0,0.00033554232027532827,1
2023-01-11,1.07325,1.07761,1.07251,1.07567,103781,7,0,0.0022548334498018185,1
2023-01-12,1.07567,1.08667,1.0714299999999999,1.08521,183616,7,0,0.008868891016761804,1
2023-01-13,1.08521,1.08676,1.07801,1.08277,130410,7,0,-0.002248412749606077,-1
2023-01-16,1.08292,1.08738,1.08011,1.08211,75791,7,0,-0.000609547734052529,-1
2023-01-17,1.08211,1.08691,1.07741,1.07873,137169,7,0,-0.0031235271830035716,-1
2023-01-18,1.07873,1.08871,1.07658,1.07936,175120,7,0,0.0005840200977076382,1
2023-01-19,1.07936,1.08396,1.0782,1.08306,127388,7,0,0.0034279573080342463,1
2023-01-20,1.08307,1.08586,1.0802,1.0855,95904,7,0,0.002252876110280022,1
2023-01-23,1.08671,1.09265,1.08459,1.08711,106349,7,0,0.0014831874712115667,1
2023-01-24,1.08711,1.08977,1.08347,1.0885,99817,7,0,0.001278619458932484,1
2023-01-25,1.0885,1.09234,1.08569,1.09149,100690,7,0,0.002746899402847891,1
2023-01-26,1.0915300000000001,1.09292,1.08503,1.08916,101250,7,0,-0.002134696607390074,-1
2023-01-27,1.08915,1.08999,1.08375,1.08652,87873,7,0,-0.0024238862976972975,-1
2023-01-30,1.08641,1.09134,1.0839,1.08494,99028,7,0,-0.0014541840002944006,-1
2023-01-31,1.08494,1.08747,1.08017,1.08619,107026,7,0,0.001152137445388668,1
2023-02-01,1.08618,1.10004,1.08519,1.09884,138515,7,0,0.011646212909343756,1
2023-02-02,1.09885,1.10326,1.08851,1.0909200000000001,157930,7,0,-0.0072076007426011834,-1
2023-02-03,1.0909,1.09398,1.07921,1.07938,146525,7,0,-0.010578227551057973,-1
2023-02-06,1.0782,1.07986,1.07092,1.07252,107727,7,0,-0.006355500379847778,-1
2023-02-07,1.07252,1.07662,1.06689,1.0725,154870,7,0,-1.8647670905869163e-05,-1
2023-02-08,1.0725,1.0760399999999999,1.0709,1.07103,96584,6,0,-0.0013706293706294836,-1
2023-02-09,1.07098,1.07906,1.07067,1.07354,103934,7,0,0.002343538462974859,1
2023-02-10,1.07354,1.07524,1.06659,1.06727,112140,7,0,-0.005840490340369264,-1
2023-02-13,1.06798,1.07296,1.06551,1.07202,89063,7,0,0.0044506076250621085,1
2023-02-14,1.07202,1.0804,1.07064,1.07362,171079,7,0,0.0014925094681070838,1
2023-02-15,1.07362,1.07441,1.06602,1.06876,116346,7,0,-0.004526741305117321,-1
2023-02-16,1.06876,1.0722,1.06542,1.06723,135547,7,0,-0.0014315655526030424,-1
2023-02-17,1.06723,1.0698,1.06124,1.0693,109647,7,0,0.0019396006484075912,1
2023-02-20,1.06841,1.07042,1.06699,1.06849,54696,7,0,-0.0007575049097540143,-1
2023-02-21,1.06849,1.06978,1.06372,1.06432,117114,7,0,-0.003902703815665154,-1
2023-02-22,1.06437,1.06636,1.05989,1.06037,123341,7,0,-0.003711289837642684,-1
2023-02-23,1.06037,1.06274,1.0576699999999999,1.05944,101473,7,0,-0.0008770523496516303,-1
2023-02-24,1.05944,1.0614,1.05358,1.05428,124765,7,0,-0.004870497621384695,-1
2023-02-27,1.05427,1.06196,1.05325,1.06087,90785,7,0,0.006250711385969554,1
2023-02-28,1.06087,1.06449,1.05732,1.05732,99735,7,0,-0.0033463101039712395,-1
2023-03-01,1.05732,1.06912,1.0565,1.06665,121321,7,0,0.008824197026444214,1
2023-03-02,1.06665,1.06724,1.05762,1.05964,110846,7,0,-0.0065719776871515645,-1
2023-03-03,1.05964,1.06383,1.05881,1.06349,93876,7,0,0.0036333094258429455,1
2023-03-06,1.06227,1.06942,1.06217,1.06798,91657,7,0,0.004221948490347627,1
2023-03-07,1.06791,1.06942,1.05458,1.05489,126481,7,0,-0.01225678383490314,-1
2023-03-08,1.05489,1.05736,1.05242,1.0544,101511,7,0,-0.00046450340793835476,-1
2023-03-09,1.0544,1.05909,1.05365,1.05799,92901,7,0,0.0034047799696510506,1
2023-03-10,1.05799,1.07005,1.05737,1.06387,171877,7,0,0.005557708484957402,1
2023-03-13,1.06808,1.07483,1.06499,1.07306,230862,7,0,0.008638273473262625,1
2023-03-14,1.07306,1.07494,1.06785,1.07324,176609,7,0,0.00016774458091828315,1
2023-03-15,1.07324,1.07595,1.05157,1.05768,191741,7,0,-0.014498155119078704,-1
2023-03-16,1.05768,1.06352,1.05506,1.06087,174281,7,0,0.0030160350956811577,1
2023-03-17,1.06087,1.0685,1.06053,1.0665499999999999,118716,7,0,0.00535409616635385,1
2023-03-20,1.06864,1.07307,1.0631,1.07203,121966,7,0,0.005138061975528796,1
2023-03-21,1.07203,1.07883,1.07036,1.0766,88511,7,0,0.004262940402787185,1
2023-03-22,1.0766,1.09119,1.07587,1.08548,70365,0,0,0.008248188742336904,1
2023-03-23,1.0852,1.09297,1.08238,1.08281,85245,7,0,-0.002459741312598962,-1
2023-03-24,1.08281,1.08385,1.07127,1.07571,92168,7,0,-0.006557013695847047,-1
2023-03-27,1.07714,1.07999,1.07447,1.0796999999999999,80467,7,0,0.003709178124215562,1
2023-03-28,1.0796999999999999,1.0848200000000001,1.07936,1.08441,73193,7,0,0.0043623228674634085,1
2023-03-29,1.08441,1.08712,1.08176,1.08436,74215,7,0,-4.610802187376972e-05,-1
2023-03-30,1.08436,1.0926,1.08232,1.09049,78562,7,0,0.00565310413515796,1
2023-03-31,1.0905,1.09254,1.08365,1.0836999999999999,81596,7,0,-0.00622655870296851,-1
2023-04-03,1.08403,1.09162,1.07879,1.08978,92601,7,0,0.005610408784719079,1
2023-04-04,1.08975,1.09731,1.08825,1.09505,87760,7,0,0.004835838426104466,1
2023-04-05,1.09505,1.09692,1.08907,1.09023,85008,7,0,-0.0044016254965527635,-1
2023-04-06,1.09023,1.09374,1.08842,1.09198,67307,7,0,0.0016051658824283166,1
2023-04-07,1.09198,1.09237,1.08762,1.08996,28153,7,0,-0.0018498507298667644,-1
2023-04-10,1.08971,1.0917,1.08311,1.08568,56613,7,0,-0.003926749605490221,-1
2023-04-11,1.08568,1.09277,1.08518,1.09115,70746,7,0,0.005038316999484316,1
2023-04-12,1.09115,1.1,1.09084,1.09912,82556,7,0,0.007304220318013144,1
2023-04-13,1.09912,1.10675,1.09766,1.10461,77866,7,0,0.004994905014920947,1
2023-04-14,1.10461,1.10755,1.09721,1.09863,85260,7,0,-0.005413675414852381,-1
2023-04-17,1.09885,1.09995,1.09089,1.09234,77051,7,0,-0.005725312434577523,-1
2023-04-18,1.09234,1.09828,1.09149,1.09714,70600,7,0,0.004394236226815673,1
2023-04-19,1.09714,1.09837,1.09169,1.09537,74734,7,0,-0.001613285451264268,-1
2023-04-20,1.09537,1.09894,1.09332,1.09662,77044,7,0,0.001141166911637237,1
2023-04-21,1.09662,1.09934,1.09378,1.09793,75646,7,0,0.0011945797085590737,1
2023-04-24,1.09907,1.10499,1.09656,1.10457,69742,7,0,0.006047744391718846,1
2023-04-25,1.10457,1.10667,1.09637,1.09726,80906,7,0,-0.006617959930108719,-1
2023-04-26,1.09725,1.10951,1.09603,1.1036299999999999,101397,7,0,0.005805369739168453,1
2023-04-27,1.1036299999999999,1.10632,1.09918,1.10275,87382,7,0,-0.0007973686833449012,-1
2023-04-28,1.10275,1.10448,1.09623,1.10133,112944,7,0,-0.0012876898662435021,-1
2023-05-01,1.10198,1.10353,1.09641,1.09743,67339,6,0,-0.003541172945438764,-1
2023-05-02,1.09743,1.10076,1.09418,1.09979,87847,7,0,0.0021504788460313673,1
2023-05-03,1.09979,1.10915,1.09969,1.10604,99112,7,0,0.005682903099682557,1
2023-05-04,1.10604,1.10913,1.0986,1.10092,122532,7,0,-0.004629127337166805,-1
2023-05-05,1.10092,1.10476,1.09665,1.10159,85091,7,0,0.0006085819133090364,1
2023-05-08,1.10211,1.10534,1.09998,1.10029,61747,7,0,-0.001180112383010079,-1
2023-05-09,1.10029,1.1005,1.09409,1.09584,68029,7,0,-0.004044388297630652,-1
2023-05-10,1.09584,1.10065,1.09412,1.09809,85570,7,0,0.0020532194480946675,1
2023-05-11,1.09809,1.09978,1.08999,1.0915,89407,7,0,-0.006001329581364123,-1
2023-05-12,1.0915,1.09352,1.08471,1.08471,71872,7,0,-0.006220797068254513,-1
2023-05-15,1.08613,1.08905,1.08452,1.08738,59001,7,0,0.0024614874021626765,1
2023-05-16,1.08738,1.09043,1.08546,1.08621,68712,7,0,-0.001075980797881293,-1
2023-05-17,1.08621,1.08733,1.08099,1.0838700000000001,70315,7,0,-0.002154279559201111,-1
2023-05-18,1.0838700000000001,1.08477,1.07622,1.07694,67548,7,0,-0.006393755708710591,-1
2023-05-19,1.07693,1.08285,1.07597,1.07973,85372,7,0,0.002590673575129543,1
2023-05-22,1.08048,1.0831,1.07953,1.08123,74229,7,0,0.0013892361979381818,1
2023-05-23,1.08123,1.08202,1.076,1.07697,80155,7,0,-0.003939957270885919,-1
2023-05-24,1.07697,1.0801,1.07479,1.07492,89669,7,0,-0.0019034884908585292,-1
2023-05-25,1.0749,1.07565,1.0707,1.07248,84474,7,0,-0.0022699363673576167,-1
2023-05-26,1.07248,1.07584,1.07015,1.0722,75800,7,0,-0.0002610771296435166,-1
2023-05-29,1.07152,1.07432,1.07053,1.07066,31064,7,0,-0.0014362991979108841,-1
2023-05-30,1.07066,1.07464,1.06722,1.0734,79618,7,0,0.0025591691106419123,1
2023-05-31,1.07339,1.07356,1.06348,1.06885,91636,7,0,-0.004238867151108439,-1
2023-06-01,1.06885,1.07681,1.06615,1.07613,85325,7,0,0.0068110586143985685,1
2023-06-02,1.07613,1.07786,1.0705,1.07074,77381,7,0,-0.005008688541347284,-1
2023-06-05,1.0707200000000001,1.07221,1.06743,1.07126,69046,7,0,0.0004856454414705613,1
2023-06-06,1.07126,1.07325,1.06668,1.06922,68974,7,0,-0.0019042996098053155,-1
2023-06-07,1.06922,1.07395,1.06679,1.06982,70917,7,0,0.0005611567310748189,1
2023-06-08,1.0698,1.07867,1.06945,1.07818,73625,7,0,0.007814398683890778,1
2023-06-09,1.07818,1.07849,1.07426,1.07474,65079,7,0,-0.0031905618727855467,-1
2023-06-12,1.07447,1.07898,1.07329,1.07566,63559,7,0,0.000856020991123474,1
2023-06-13,1.07566,1.08233,1.07535,1.07927,83816,7,0,0.003356079058438377,1
2023-06-14,1.07929,1.08639,1.07737,1.08293,83672,7,0,0.0033911810760978156,1
2023-06-15,1.08279,1.09523,1.08035,1.09444,82224,7,0,0.01062857248390947,1
2023-06-16,1.09444,1.09704,1.09177,1.09382,79639,7,0,-0.0005664997624356127,-1
2023-06-19,1.09397,1.09459,1.09068,1.09213,48647,7,0,-0.0015450439743284194,-1
2023-06-20,1.09213,1.09459,1.08925,1.09175,76085,7,0,-0.00034794392608938907,-1
2023-06-21,1.09175,1.09905,1.09053,1.0985800000000001,80415,7,0,0.006256010991527505,1
2023-06-22,1.0986,1.10112,1.09482,1.09554,80405,7,0,-0.0027672085783467804,-1
2023-06-23,1.09554,1.09584,1.08441,1.08886,86584,7,0,-0.006097449659528631,-1
2023-06-26,1.09044,1.09199,1.08871,1.09054,64701,7,0,0.0015428980768878997,1
2023-06-27,1.09054,1.09764,1.09018,1.09602,75331,7,0,0.005025033469657103,1
2023-06-28,1.09602,1.09623,1.08967,1.09123,78282,7,0,-0.004370358205142311,-1
2023-06-29,1.09124,1.09411,1.08599,1.08636,81381,7,0,-0.004462853843827497,-1
2023-06-30,1.08636,1.09315,1.0835,1.09073,79621,7,0,0.00402260760705464,1
2023-07-03,1.09102,1.09337,1.08701,1.09104,63208,7,0,0.0002842133250209322,1
2023-07-04,1.09104,1.0916,1.08766,1.08785,39144,7,0,-0.0029238158087696586,-1
2023-07-05,1.08785,1.09076,1.08507,1.08536,65996,7,0,-0.0022889185089854935,-1
2023-07-06,1.08536,1.09003,1.08333,1.08884,90306,7,0,0.0032063094272867243,1
2023-07-07,1.08884,1.0973,1.08668,1.09655,83563,7,0,0.0070809301642114075,1
2023-07-10,1.09577,1.10012,1.09433,1.1001,65202,7,0,0.0032374264739412073,1
2023-07-11,1.1001,1.1026799999999999,1.09766,1.10082,62823,7,0,0.0006544859558219596,1
2023-07-12,1.10082,1.114,1.09995,1.11286,84389,7,0,0.010937301284497103,1
2023-07-13,1.11286,1.12276,1.11237,1.12258,80537,7,0,0.00873425228690028,1
2023-07-14,1.12258,1.12446,1.12039,1.12223,82626,7,0,-0.0003117817883802054,-1
2023-07-17,1.12312,1.12485,1.1203,1.12339,60365,7,0,0.0010336562023827156,1
2023-07-18,1.12339,1.12754,1.12089,1.12279,89715,7,0,-0.00053409768646695,-1
2023-07-19,1.12279,1.12398,1.11741,1.12015,83468,7,0,-0.002351285636672862,-1
2023-07-20,1.12015,1.12289,1.11182,1.11289,78452,7,0,-0.006481274829263972,-1
2023-07-21,1.11289,1.11447,1.11076,1.11174,69821,7,0,-0.0010333456136725205,-1
2023-07-24,1.11198,1.11466,1.10599,1.10635,80773,7,0,-0.004848255887167863,-1
2023-07-25,1.10635,1.10865,1.10205,1.10525,66675,7,0,-0.0009942604058389426,-1
2023-07-26,1.10525,1.11063,1.10375,1.10854,91695,7,0,0.0029767021035964625,1
2023-07-27,1.10854,1.11494,1.09656,1.09763,116811,7,0,-0.009841773864722958,-1
2023-07-28,1.09763,1.10472,1.09433,1.10122,114666,7,0,0.0032706831992566077,1
2023-07-31,1.10192,1.10455,1.09932,1.09966,77614,7,0,-0.0014166106681680057,-1
2023-08-01,1.09966,1.10025,1.0952,1.09839,72888,7,0,-0.001154902424385762,-1
2023-08-02,1.09839,1.10198,1.09177,1.09376,92104,7,0,-0.004215260517666741,-1
2023-08-03,1.09376,1.09625,1.0912,1.09488,100035,7,0,0.0010239906377997876,1
2023-08-04,1.09488,1.10416,1.09348,1.10046,100412,7,0,0.005096448925909547,1
2023-08-07,1.101,1.10151,1.09651,1.10021,65740,7,0,-0.00022717772567837358,-1
2023-08-08,1.10021,1.10108,1.09288,1.09559,82664,7,0,-0.004199198334863152,-1
2023-08-09,1.09559,1.09951,1.09493,1.09734,72614,7,0,0.0015973128633886002,1
2023-08-10,1.09737,1.10652,1.0967,1.09804,101111,6,0,0.0006379062095611676,1
2023-08-11,1.09804,1.10047,1.09427,1.09438,80639,7,0,-0.0033332119048485875,-1
2023-08-14,1.09482,1.096,1.08744,1.09053,80541,7,0,-0.0035179736471790957,-1
2023-08-15,1.09053,1.09521,1.0897000000000001,1.09036,96689,7,0,-0.00015588750424111453,-1
2023-08-16,1.09036,1.09341,1.08712,1.08789,89165,7,0,-0.002265306871125139,-1
2023-08-17,1.08789,1.09179,1.08562,1.08717,91438,7,0,-0.0006618316190056817,-1
2023-08-18,1.08717,1.08936,1.08446,1.08667,81929,7,0,-0.0004599096737399888,-1
2023-08-21,1.08652,1.09133,1.08652,1.08952,73767,7,0,0.0026226913414375552,1
2023-08-22,1.08952,1.093,1.08327,1.08453,75177,7,0,-0.004579998531463403,-1
2023-08-23,1.08453,1.08713,1.08022,1.08627,88780,7,0,0.0016043816215318696,1
2023-08-24,1.08627,1.08762,1.08048,1.081,77127,7,0,-0.0048514641847792195,-1
2023-08-25,1.081,1.08414,1.0765500000000001,1.07949,92155,7,0,-0.0013968547641072249,-1
2023-08-28,1.07957,1.08219,1.07931,1.08186,55383,7,0,0.0021954811994553403,1
2023-08-29,1.08186,1.08916,1.0782,1.08794,80776,7,0,0.005619950825430209,1
2023-08-30,1.08794,1.09451,1.08549,1.0923,82752,7,0,0.004007573947092835,1
2023-08-31,1.0923,1.09392,1.08348,1.08432,82593,7,0,-0.0073056852513047055,-1
2023-09-01,1.08432,1.08816,1.07719,1.0773,90365,6,0,-0.006474103585657365,-1
2023-09-04,1.07762,1.08086,1.07713,1.07951,37561,7,0,0.002051424858442452,1
2023-09-05,1.07951,1.0798,1.07062,1.07216,75840,6,0,-0.006808644662856245,-1
2023-09-06,1.07216,1.07486,1.07022,1.07266,74852,7,0,0.0004663483062228302,1
2023-09-07,1.07268,1.07315,1.0686,1.06958,66113,7,0,-0.0028713665094250995,-1
2023-09-08,1.06959,1.07434,1.06938,1.06991,64591,7,0,0.000308532321097843,1
2023-09-11,1.07144,1.0759,1.07074,1.07498,66224,7,0,0.004738716340626947,1
2023-09-12,1.07498,1.07688,1.07053,1.07538,59011,7,0,0.0003720999460454788,1
2023-09-13,1.07538,1.07646,1.07108,1.07288,79486,7,0,-0.0023247596198552323,-1
2023-09-14,1.07287,1.07518,1.06315,1.06425,85950,6,0,-0.008043770039519949,-1
2023-09-15,1.06425,1.06877,1.06317,1.06509,68708,5,0,0.0007892882311488769,1
2023-09-18,1.06557,1.06984,1.06544,1.06911,50884,7,0,0.0037743289299494442,1
2023-09-19,1.0691,1.07176,1.06748,1.06788,54595,7,0,-0.0011504896596234993,-1
2023-09-20,1.06788,1.07365,1.06499,1.06601,74829,6,0,-0.0017511330861146313,-1
2023-09-21,1.06601,1.0673300000000001,1.06167,1.06582,80564,7,0,-0.00017823472575295707,-1
2023-09-22,1.06582,1.06715,1.06154,1.06429,67858,7,0,-0.0014355144395864494,-1
2023-09-25,1.06497,1.06552,1.05751,1.05925,57340,7,0,-0.004735551400464111,-1
2023-09-26,1.05925,1.06088,1.05618,1.05717,61971,7,0,-0.001963653528439968,-1
2023-09-27,1.05716,1.0574,1.04878,1.05021,73310,5,0,-0.006583614745026667,-1
2023-09-28,1.05021,1.05786,1.04907,1.0565,86712,7,0,0.005989278334809223,1
2023-09-29,1.0565,1.06168,1.05573,1.05687,85048,7,0,0.0003502129673449428,1
2023-10-02,1.05652,1.05916,1.04767,1.04768,79403,7,0,-0.008695487619101772,-1
2023-10-03,1.04768,1.04933,1.0448,1.04662,94384,7,0,-0.0010117593158214255,-1
2023-10-04,1.04662,1.05319,1.04511,1.05036,87266,7,0,0.0035734077315547896,1
2023-10-05,1.05036,1.05516,1.04997,1.05496,86755,7,0,0.004379450854944844,1
2023-10-06,1.05496,1.05998,1.04823,1.05856,106076,7,0,0.003412451656934934,1
2023-10-09,1.05492,1.05741,1.05192,1.05663,83407,7,0,-0.0018232315598548654,-1
2023-10-10,1.05663,1.06196,1.05541,1.06047,99983,7,0,0.0036341955083616373,1
2023-10-11,1.06047,1.06344,1.05815,1.06192,95481,7,0,0.0013673182645430604,1
2023-10-12,1.06192,1.06394,1.05254,1.0528,90331,7,0,-0.008588217568178402,-1
2023-10-13,1.0528,1.05582,1.04952,1.05025,87136,7,0,-0.0024221124620060763,-1
2023-10-16,1.05072,1.05624,1.05025,1.05599,71925,7,0,0.0054653653891931775,1
2023-10-17,1.05599,1.05945,1.05326,1.0576699999999999,83789,7,0,0.001590924156478657,1
2023-10-18,1.0576699999999999,1.0594,1.05229,1.05362,85057,7,0,-0.003829171669802345,-1
2023-10-19,1.05362,1.06142,1.05279,1.05819,103338,7,0,0.004337427155900464,1
2023-10-20,1.05819,1.06034,1.05647,1.05941,79061,7,0,0.0011529120479309984,1
2023-10-23,1.05946,1.06776,1.05712,1.0669,72761,7,0,0.007069972909449662,1
2023-10-24,1.0669,1.06938,1.0582799999999999,1.05894,80155,7,0,-0.007460867935139115,-1
2023-10-25,1.05893,1.06065,1.05654,1.0566,72033,7,0,-0.0022097569267380823,-1
2023-10-26,1.0566,1.05689,1.05212,1.05621,84762,7,0,-0.0003691084611014972,-1
2023-10-27,1.05621,1.05968,1.05351,1.0564,73367,7,0,0.00017988846914906986,1
2023-10-30,1.05627,1.06249,1.05467,1.06146,68736,7,0,0.004789852328663358,1
2023-10-31,1.06146,1.06744,1.05572,1.0575,85679,7,0,-0.003730710530778336,-1
2023-11-01,1.0575,1.05803,1.05167,1.05701,96889,7,0,-0.0004633569739953547,-1
2023-11-02,1.05701,1.06673,1.05641,1.06212,81550,5,0,0.004834391349183065,1
2023-11-03,1.06212,1.07464,1.06145,1.07281,84769,7,0,0.010064776108161144,1
2023-11-06,1.07181,1.0756000000000001,1.0716,1.07168,61433,7,0,-0.0010533086007774584,-1
2023-11-07,1.07168,1.07219,1.06639,1.06995,68149,7,0,-0.0016142878471185895,-1
2023-11-08,1.06995,1.07158,1.0659,1.07086,63615,7,0,0.0008505070330389053,1
2023-11-09,1.07086,1.07252,1.06598,1.06671,77475,7,0,-0.0038753898735593983,-1
2023-11-10,1.06668,1.06925,1.06558,1.06819,64808,7,0,0.0013874436351022368,1
2023-11-13,1.06827,1.07059,1.06648,1.06984,54029,3,0,0.0015446690195564106,1
2023-11-14,1.06984,1.08872,1.06919,1.08784,80426,7,0,0.016824945786285905,1
2023-11-15,1.08784,1.08857,1.08312,1.08466,78429,7,0,-0.002923224003529845,-1
2023-11-16,1.08466,1.08954,1.08298,1.08516,72702,7,0,0.0004609739457526185,1
2023-11-17,1.08516,1.09144,1.08246,1.09126,73751,7,0,0.005621290869549211,1
2023-11-20,1.09085,1.09516,1.08973,1.09397,68042,7,0,0.0024833678500084666,1
2023-11-21,1.09397,1.09649,1.08999,1.09106,74798,7,0,-0.002660036381253783,-1
2023-11-22,1.09106,1.09226,1.08521,1.0888,77326,7,0,-0.002071380125749256,-1
2023-11-23,1.0888,1.09305,1.08827,1.09032,41347,6,0,0.0013960323291697385,1
2023-11-24,1.09032,1.09484,1.08946,1.09296,50466,7,0,0.002421307506053294,1
2023-11-27,1.09427,1.09589,1.0924800000000001,1.09533,64209,7,0,0.0021684233640755224,1
2023-11-28,1.09533,1.10086,1.09342,1.09925,80772,7,0,0.0035788301242549725,1
2023-11-29,1.09925,1.10168,1.09598,1.0969,86541,7,0,-0.0021378212417557663,-1
2023-11-30,1.0969,1.09837,1.08791,1.08868,94967,7,0,-0.007493846294101436,-1
2023-12-01,1.08868,1.09125,1.08285,1.08789,95090,7,0,-0.0007256494102950706,-1
2023-12-04,1.08768,1.08947,1.08038,1.08356,85244,7,0,-0.003980181819853046,-1
2023-12-05,1.08355,1.08471,1.07779,1.07966,87160,7,0,-0.0035992469267969174,-1
2023-12-06,1.07966,1.08043,1.07584,1.0764,72725,7,0,-0.003019469092121585,-1
2023-12-07,1.0764,1.08173,1.07548,1.07933,93398,7,0,0.0027220364176885337,1
2023-12-08,1.07933,1.08004,1.0723,1.07631,99613,7,0,-0.0027980321125140595,-1
2023-12-11,1.07587,1.0778699999999999,1.07413,1.07644,62884,7,0,0.00012078304577678445,1
2023-12-12,1.07644,1.08273,1.0757,1.0794,73419,7,0,0.0027498049124892177,1
2023-12-13,1.0794,1.08963,1.07729,1.0874,88877,7,0,0.007411524921252521,1
2023-12-14,1.0874,1.10089,1.08699,1.0991900000000001,122221,7,0,0.010842376310465474,1
2023-12-15,1.0991900000000001,1.10034,1.08884,1.08935,97576,7,0,-0.008952046506973343,-1
2023-12-18,1.08967,1.09308,1.08917,1.09232,62087,7,0,0.0027263964749619785,1
2023-12-19,1.09232,1.09871,1.09114,1.09804,71460,7,0,0.0052365607148088245,1
2023-12-20,1.09804,1.09834,1.09295,1.09411,68860,7,0,-0.0035791045863539095,-1
2023-12-21,1.09411,1.10122,1.09336,1.10107,82055,7,0,0.006361334783522743,1
2023-12-22,1.10106,1.10399,1.09936,1.10068,73264,7,0,-0.00035420091365656603,-1
2023-12-25,1.10137,1.10195,1.09934,1.10102,1088,7,0,0.00030889995275651394,1
2023-12-26,1.10026,1.10447,1.10008,1.10416,34020,7,0,0.0028519009645600057,1
2023-12-27,1.10416,1.11225,1.10283,1.11046,51593,7,0,0.005705694826836583,1
2023-12-28,1.11046,1.11391,1.1055,1.106,66186,7,0,-0.004016353583199628,-1
2023-12-29,1.10597,1.1084,1.10339,1.10352,70223,7,0,-0.0022423146473780076,-1
2024-01-02,1.10423,1.10446,1.09382,1.09409,75115,7,0,-0.00854538205016675,-1
2024-01-03,1.09409,1.09651,1.08927,1.09215,86759,7,0,-0.0017731630853038416,-1
2024-01-04,1.09215,1.0972,1.09129,1.09443,75345,7,0,0.0020876253261914446,1
2024-01-05,1.09443,1.09981,1.08765,1.09409,101147,7,0,-0.00031066399861112703,-1
2024-01-08,1.09393,1.09785,1.09223,1.09497,72224,7,0,0.0008043213995192477,1
2024-01-09,1.09497,1.09661,1.091,1.09307,73891,7,0,-0.001735207357279167,-1
2024-01-10,1.09305,1.09727,1.09227,1.0972,63529,7,0,0.0037783490535829856,1
2024-01-11,1.0972,1.09989,1.09301,1.09718,99174,7,0,-1.8228217280258363e-05,-1
2024-01-12,1.09718,1.09866,1.09357,1.09496,80534,7,0,-0.0020233690005286853,-1
2024-01-15,1.09467,1.09672,1.09332,1.0948,49332,7,0,-0.00014612405932634687,-1
2024-01-16,1.0948,1.09506,1.08617,1.08749,103122,7,0,-0.00667701863354031,-1
2024-01-17,1.08749,1.08842,1.08443,1.0882,91327,7,0,0.0006528795667086751,1
2024-01-18,1.0882,1.09065,1.08464,1.08759,89120,7,0,-0.0005605587208233898,-1
2024-01-19,1.08759,1.08977,1.08655,1.08969,73154,7,0,0.0019308746862327641,1
2024-01-22,1.08905,1.09093,1.08797,1.0882,64385,7,0,-0.0013673613596527634,-1
2024-01-23,1.0882,1.09158,1.08213,1.08537,71022,7,0,-0.002600624885131464,-1
2024-01-24,1.08537,1.09321,1.08419,1.08843,86932,7,0,0.0028193150722795046,1
2024-01-25,1.08842,1.09015,1.08213,1.08454,89788,7,0,-0.0035739551464034625,-1
2024-01-26,1.08452,1.08855,1.0812599999999999,1.08503,74758,7,0,0.00045180445165682315,1
2024-01-29,1.08423,1.08498,1.07955,1.08321,61449,7,0,-0.0016773729758623457,-1
2024-01-30,1.08321,1.08569,1.08116,1.08451,73464,7,0,0.0012001366309395411,1
2024-01-31,1.08451,1.08872,1.07946,1.08178,119148,7,0,-0.0025172658620022936,-1
2024-02-01,1.08178,1.08745,1.07797,1.08709,98553,7,0,0.0049085766052245905,1
2024-02-02,1.0871,1.08972,1.07802,1.07854,85240,7,0,-0.007865034173803354,-1
2024-02-05,1.07846,1.07862,1.07229,1.0742099999999999,71219,7,0,-0.0040146865206669435,-1
2024-02-06,1.07422,1.0762,1.07223,1.07541,69845,7,0,0.00111710000837828,1
2024-02-07,1.07541,1.07837,1.07493,1.07711,67759,7,0,0.0015807924419524166,1
2024-02-08,1.07711,1.07885,1.07413,1.07772,62106,7,0,0.0005663302726741648,1
2024-02-09,1.07772,1.07948,1.07619,1.07835,63809,7,0,0.000584567420109039,1
2024-02-12,1.07731,1.08053,1.07556,1.07709,47294,7,0,-0.0011684518013630463,-1
2024-02-13,1.07711,1.07954,1.07003,1.07084,74145,7,0,-0.005802672014409316,-1
2024-02-14,1.07084,1.07342,1.06945,1.0726,64748,7,0,0.00164356953419742,1
2024-02-15,1.0726,1.07845,1.07228,1.07718,64492,7,0,0.0042699981353719885,1
2024-02-16,1.07718,1.07872,1.07317,1.07752,69343,7,0,0.0003156389832712492,1
2024-02-19,1.07717,1.07891,1.07618,1.07788,34017,7,0,0.0003341005271362274,1
2024-02-20,1.07788,1.08385,1.07613,1.08072,66450,7,0,0.0026348016476787084,1
2024-02-21,1.08072,1.0824,1.07896,1.08181,63215,7,0,0.001008586868013861,1
2024-02-22,1.08181,1.08881,1.08024,1.08222,75317,7,0,0.0003789944629832842,1
2024-02-23,1.08223,1.08393,1.08115,1.08173,61171,7,0,-0.00045277300364054973,-1
2024-02-26,1.08237,1.08594,1.08123,1.08508,53902,7,0,0.0030968910911224334,1
2024-02-27,1.08508,1.08656,1.08327,1.08437,54981,7,0,-0.000654329634681261,-1
2024-02-28,1.08436,1.0847,1.07964,1.08377,61536,7,0,-0.0005533166723536986,-1
2024-02-29,1.08377,1.08556,1.07955,1.08049,87032,7,0,-0.003026472406506886,-1
2024-03-01,1.08049,1.08429,1.0798,1.08333,71544,7,0,0.002628437097983216,1
2024-03-04,1.08342,1.08666,1.08339,1.08551,52800,7,0,0.0020123138840428823,1
2024-03-05,1.08551,1.08757,1.08401,1.08561,58178,7,0,9.212259675184242e-05,1
2024-03-06,1.08561,1.09151,1.08418,1.08981,70034,7,0,0.003868792660347564,1
2024-03-07,1.08981,1.09488,1.0867499999999999,1.09477,72356,7,0,0.004551252053110355,1
2024-03-08,1.09477,1.09809,1.09189,1.09356,81315,7,0,-0.001105254985065307,-1
2024-03-11,1.09402,1.09478,1.09142,1.09252,58459,7,0,-0.0009510223490253322,-1
2024-03-12,1.09252,1.09435,1.0902,1.0926,72463,7,0,7.322520411534583e-05,1
2024-03-13,1.0926,1.09635,1.09198,1.09469,62125,7,0,0.0019128683873328445,1
2024-03-14,1.09469,1.09544,1.08803,1.08826,64095,7,0,-0.005873809023559162,-1
2024-03-15,1.08826,1.08995,1.0872600000000001,1.0888,58133,7,0,0.0004962049510226496,1
2024-03-18,1.0889,1.09059,1.08657,1.08719,44602,7,0,-0.0014786921381336748,-1
2024-03-19,1.08719,1.08762,1.08345,1.08652,59613,7,0,-0.0006162676257142063,-1
2024-03-20,1.08652,1.09225,1.08361,1.09217,68504,7,0,0.00520008835548369,1
2024-03-21,1.09217,1.09423,1.08552,1.08596,73085,7,0,-0.005685928014869557,-1
2024-03-22,1.08596,1.08678,1.08014,1.08069,55469,7,0,-0.00485284909204764,-1
2024-03-25,1.08067,1.08421,1.08017,1.08371,41993,7,0,0.002794510914323256,1
2024-03-26,1.08371,1.0864,1.0824,1.08305,51835,7,0,-0.0006090190180028099,-1
2024-03-27,1.08305,1.0838700000000001,1.08105,1.08274,48426,7,0,-0.0002862287059692825,-1
2024-03-28,1.08274,1.08274,1.07748,1.07881,55368,7,0,-0.0036296802556476937,-1
2024-03-29,1.07882,1.08047,1.07679,1.07873,55299,7,0,-7.415578276070978e-05,-1
2024-04-01,1.07859,1.07986,1.07307,1.07428,43431,7,0,-0.0041252213250767555,-1
2024-04-02,1.07428,1.0778699999999999,1.07243,1.0769,50642,7,0,0.0024388427598018847,1
2024-04-03,1.07689,1.08366,1.07637,1.08357,54028,7,0,0.006193704150803114,1
2024-04-04,1.08357,1.08763,1.08314,1.08366,49342,7,0,8.305877792857963e-05,1
2024-04-05,1.08366,1.08476,1.07911,1.08359,69845,7,0,-6.459590646512581e-05,-1
2024-04-08,1.08357,1.08619,1.08206,1.08587,49150,7,0,0.0021041168707720548,1
2024-04-09,1.08587,1.08847,1.08473,1.08566,47063,7,0,-0.00019339331595846776,-1
2024-04-10,1.08566,1.08662,1.07285,1.07419,75108,7,0,-0.010565001934307316,-1
2024-04-11,1.07418,1.07562,1.06989,1.0725500000000001,78950,7,0,-0.001526731769984746,-1
2024-04-12,1.0725500000000001,1.07291,1.06223,1.06399,68714,7,0,-0.00798097990769675,-1
2024-04-15,1.063,1.06649,1.062,1.0624,73923,7,0,-0.0014943749471328927,-1
2024-04-16,1.0624,1.06535,1.06008,1.06184,80802,7,0,-0.0005271084337350462,-1
2024-04-17,1.06183,1.06793,1.06058,1.06721,71021,7,0,0.005057259097415834,1
2024-04-18,1.06721,1.06897,1.06411,1.0643,59361,7,0,-0.0027267360688149056,-1
2024-04-19,1.06435,1.06774,1.06101,1.06542,88432,7,0,0.0010523348679882805,1
2024-04-22,1.06512,1.06704,1.06237,1.06536,49788,7,0,-5.631581911358374e-05,-1
2024-04-23,1.06536,1.0711,1.06383,1.07008,60446,7,0,0.004430427273409698,1
2024-04-24,1.0701,1.07139,1.0677699999999999,1.06983,51644,7,0,-0.00023362739234433771,-1
2024-04-25,1.06983,1.07397,1.06779,1.07294,65505,7,0,0.002907003916509998,1
2024-04-26,1.07294,1.07526,1.06737,1.06929,61360,7,0,-0.0034018677652057905,-1
2024-04-29,1.0688,1.07334,1.0688,1.07201,77133,7,0,0.0025437439796498484,1
2024-04-30,1.072,1.07351,1.06644,1.06654,70050,7,0,-0.005102564341750382,-1
2024-05-01,1.06654,1.07324,1.06491,1.07116,72980,7,0,0.004331764397021987,1
2024-05-02,1.07116,1.0729899999999999,1.0674,1.07244,73021,7,0,0.0011949662048622578,1
2024-05-03,1.07244,1.08122,1.0722,1.07607,83949,7,0,0.003384804744321457,1
2024-05-06,1.07589,1.07905,1.07548,1.07686,43395,7,0,0.0007341529826125903,1
2024-05-07,1.07686,1.07871,1.07476,1.07541,51983,7,0,-0.0013465074382927877,-1
2024-05-08,1.07541,1.07572,1.07347,1.07478,44610,7,0,-0.0005858230814292931,-1
2024-05-09,1.07478,1.07842,1.07236,1.07819,51117,7,0,0.0031727423286624923,1
2024-05-10,1.07818,1.07897,1.076,1.07694,44207,7,0,-0.0011593503927879167,-1
2024-05-13,1.07724,1.0806499999999999,1.07654,1.07893,40926,7,0,0.0018478281055582801,1
2024-05-14,1.07893,1.08253,1.07666,1.08189,47963,7,0,0.0027434587971417734,1
2024-05-15,1.08189,1.08858,1.08128,1.08839,58991,7,0,0.006008004510624776,1
2024-05-16,1.08839,1.08946,1.08542,1.08663,47584,7,0,-0.0016170674114976968,-1
2024-05-17,1.08663,1.08782,1.08353,1.08667,37806,7,0,3.6811058041763545e-05,1
2024-05-20,1.08641,1.08842,1.0854,1.08563,34196,7,0,-0.0009570522789806857,-1
2024-05-21,1.08567,1.08744,1.08424,1.08533,43723,7,0,-0.0002763372419702925,-1
2024-05-22,1.08533,1.08633,1.08171,1.08222,45114,7,0,-0.002865487916117626,-1
2024-05-23,1.08222,1.08607,1.08044,1.08145,58852,7,0,-0.0007115004342924669,-1
2024-05-24,1.08145,1.08576,1.08052,1.08461,39773,7,0,0.002922002866521778,1
2024-05-27,1.08442,1.08671,1.08403,1.08583,23656,7,0,0.0011248282792892805,1
2024-05-28,1.08583,1.08887,1.08506,1.08562,45255,7,0,-0.00019340044021631808,-1
2024-05-29,1.08562,1.08598,1.07997,1.08006,50045,7,0,-0.005121497393194674,-1
2024-05-30,1.08011,1.08448,1.07879,1.08314,49800,7,0,0.002851693424439361,1
2024-05-31,1.08313,1.08821,1.08109,1.08458,58151,7,0,0.0013294680281406013,1
2024-06-03,1.08422,1.09042,1.08275,1.09021,54481,7,0,0.005190949491969077,1
2024-06-04,1.09021,1.09157,1.08589,1.08784,61072,7,0,-0.0021738931031636266,-1
2024-06-05,1.08784,1.08914,1.08541,1.08681,50471,7,0,-0.000946830416237554,-1
2024-06-06,1.08681,1.09017,1.08616,1.08887,51908,7,0,0.0018954555074024437,1
2024-06-07,1.08887,1.09016,1.07973,1.07973,64631,7,0,-0.008394023161626185,-1
2024-06-10,1.07731,1.07812,1.07324,1.07646,51924,7,0,-0.003028534911505787,-1
2024-06-11,1.07646,1.07732,1.07192,1.074,49375,7,0,-0.0022852683796888984,-1
2024-06-12,1.07401,1.0852,1.07326,1.0808,86096,7,0,0.0063314711359403475,1
2024-06-13,1.0808,1.08161,1.07326,1.07365,60470,7,0,-0.006615470022205749,-1
2024-06-14,1.07367,1.07446,1.0667200000000001,1.07024,73074,7,0,-0.003176081590834934,-1
2024-06-17,1.06983,1.07375,1.0686,1.07335,54107,7,0,0.0029058902676035725,1
2024-06-18,1.07335,1.07611,1.07098,1.07392,56397,7,0,0.0005310476545394849,1
2024-06-19,1.07392,1.0753,1.07244,1.07417,32923,7,0,0.00023279201430281837,1
2024-06-20,1.07417,1.07484,1.07012,1.07013,49340,7,0,-0.003761043410260956,-1
2024-06-21,1.07013,1.07202,1.06707,1.06924,55804,7,0,-0.0008316746563502564,-1
2024-06-24,1.06842,1.0746,1.06826,1.07338,49327,7,0,0.003871909019490527,1
2024-06-25,1.07338,1.07439,1.06904,1.07136,43596,7,0,-0.0018819057556502816,-1
2024-06-26,1.07136,1.07176,1.06657,1.06802,48929,7,0,-0.0031175328554361448,-1
2024-06-27,1.06802,1.07262,1.06767,1.07034,50364,7,0,0.0021722439654690007,1
2024-06-28,1.07036,1.07244,1.06851,1.07113,64291,7,0,0.000738083225890751,1
2024-07-01,1.07446,1.07761,1.0719400000000001,1.07403,61857,7,0,0.0027074211346895805,1
2024-07-02,1.074,1.07468,1.07097,1.07449,52379,7,0,0.00042829343686845434,1
2024-07-03,1.07449,1.08164,1.0735999999999999,1.0784799999999999,48624,7,0,0.0037133896080929762,1
2024-07-04,1.0784799999999999,1.08136,1.07767,1.08117,28409,7,0,0.0024942511683110347,1
2024-07-05,1.08117,1.08423,1.07963,1.08362,55070,7,0,0.0022660636162676884,1
2024-07-08,1.08008,1.08447,1.08008,1.08236,48357,7,0,-0.0011627692364482023,-1
2024-07-09,1.08236,1.0833,1.0805,1.08133,43730,7,0,-0.000951624228537673,-1
2024-07-10,1.08133,1.08302,1.08105,1.08295,37556,7,0,0.0014981550497998875,1
2024-07-11,1.08295,1.08995,1.08244,1.08677,71893,7,0,0.0035274020037858733,1
2024-07-12,1.08677,1.0911,1.0861399999999999,1.09061,60388,7,0,0.003533406332526745,1
2024-07-15,1.08833,1.0922,1.08817,1.08936,54486,7,0,-0.0011461475687917222,-1
2024-07-16,1.08936,1.09052,1.08713,1.08989,49804,7,0,0.000486524197693905,1
2024-07-17,1.08989,1.09478,1.08948,1.0939,58590,7,0,0.003679270385084754,1
2024-07-18,1.0939,1.09408,1.08933,1.08963,54609,7,0,-0.0039034646677027496,-1
2024-07-19,1.08963,1.09015,1.08753,1.08795,47127,7,0,-0.001541807769609993,-1
2024-07-22,1.08816,1.09024,1.08728,1.08906,45245,7,0,0.0010202674755273033,1
2024-07-23,1.08906,1.08964,1.08436,1.08535,42228,7,0,-0.0034066075331018464,-1
2024-07-24,1.08535,1.08663,1.08253,1.08394,53343,7,0,-0.0012991200995071672,-1
2024-07-25,1.08394,1.08697,1.0828,1.08454,69982,7,0,0.0005535361735891087,1
2024-07-26,1.08454,1.08679,1.08418,1.08532,48003,7,0,0.0007191989230457274,1
2024-07-29,1.08556,1.08696,1.08025,1.0821,44618,7,0,-0.002966866914826949,-1
2024-07-30,1.0821,1.08353,1.07979,1.08148,48482,7,0,-0.0005729599852140055,-1
2024-07-31,1.08148,1.08491,1.08015,1.08253,81801,7,0,0.0009708917409476658,1
2024-08-01,1.0825,1.08351,1.07772,1.0790899999999999,74510,7,0,-0.0031777410325811717,-1
2024-08-02,1.0790899999999999,1.09263,1.07815,1.09053,101145,7,0,0.010601525359330566,1
2024-08-05,1.09232,1.10087,1.08922,1.09517,195403,7,0,0.0042548118804617285,1
2024-08-06,1.09517,1.09627,1.09035,1.09311,116920,7,0,-0.0018809865135093196,-1
2024-08-07,1.09311,1.09363,1.0905,1.09218,79684,7,0,-0.0008507835441996514,-1
2024-08-08,1.09218,1.09448,1.08812,1.09184,74414,7,0,-0.00031130399750955995,-1
2024-08-09,1.09185,1.0931,1.09087,1.09165,50654,7,0,-0.0001740181711605837,-1
2024-08-12,1.09159,1.09392,1.09097,1.09312,43239,7,0,0.0013465854440526392,1
2024-08-13,1.09312,1.09993,1.09135,1.09929,52720,7,0,0.005644394028103017,1
2024-08-14,1.09929,1.10471,1.09819,1.10122,55712,7,0,0.0017556786653203371,1
2024-08-15,1.10122,1.10155,1.09493,1.09717,48470,7,0,-0.0036777392346670768,-1
2024-08-16,1.09717,1.10292,1.09664,1.10216,41643,7,0,0.004548064566111121,1
2024-08-19,1.10265,1.10861,1.10224,1.10848,48906,7,0,0.005734194672279758,1
2024-08-20,1.10848,1.11301,1.10716,1.11291,58421,7,0,0.003996463625866253,1
2024-08-21,1.11291,1.11738,1.10991,1.11492,67607,7,0,0.0018060759630156298,1
2024-08-22,1.11492,1.11645,1.10978,1.11114,58108,7,0,-0.0033903777849531025,-1
2024-08-23,1.11114,1.12004,1.11036,1.11879,66623,7,0,0.0068848209946541505,1
2024-08-26,1.11849,1.12013,1.11497,1.11606,59458,7,0,-0.0024401362185931808,-1
2024-08-27,1.11606,1.11903,1.11499,1.11833,53388,7,0,0.002033940827554037,1
2024-08-28,1.11833,1.11847,1.11047,1.11192,59956,7,0,-0.005731760750404602,-1
2024-08-29,1.11192,1.11396,1.10553,1.1077,72110,7,0,-0.003795237067415025,-1
2024-08-30,1.1077,1.10947,1.10412,1.10412,68566,7,0,-0.003231922000541565,-1
2024-09-02,1.10443,1.10771,1.10417,1.10714,38642,7,0,0.0027352099409485575,1
2024-09-03,1.10714,1.10725,1.1026,1.10429,68770,7,0,-0.002574200191484355,-1
2024-09-04,1.10429,1.10948,1.1038000000000001,1.10816,62358,7,0,0.003504514212752108,1
2024-09-05,1.10816,1.11194,1.10744,1.111,68096,7,0,0.002562806814900398,1
2024-09-06,1.111,1.11551,1.10653,1.10829,99700,7,0,-0.0024392439243924313,-1
2024-09-09,1.10749,1.10908,1.10333,1.10342,55157,7,0,-0.004394156764023771,-1
2024-09-10,1.10341,1.10493,1.10148,1.10191,48052,7,0,-0.001368472567109591,-1
2024-09-11,1.10191,1.10545,1.10017,1.10116,75927,7,0,-0.0006806363496111301,-1
2024-09-12,1.10116,1.10748,1.10051,1.1074,68505,7,0,0.005666751425769112,1
2024-09-13,1.1074,1.11014,1.10686,1.10719,62732,7,0,-0.00018963337547417414,-1
2024-09-16,1.10762,1.1137299999999999,1.10712,1.11323,54383,7,0,0.005455251582835885,1
2024-09-17,1.11323,1.1146,1.11108,1.11131,69968,7,0,-0.001724710976168331,-1
2024-09-18,1.11131,1.11886,1.10964,1.11182,92999,7,0,0.00045891785370422156,1
2024-09-19,1.11182,1.11785,1.1068,1.11611,97771,7,0,0.0038585382525948564,1
2024-09-20,1.11611,1.11816,1.11358,1.11563,76206,7,0,-0.00043006513694887616,-1
2024-09-23,1.11571,1.11669,1.10829,1.11108,73124,7,0,-0.004078413093946742,-1
2024-09-24,1.11108,1.11805,1.11031,1.11791,65352,7,0,0.0061471721208192776,1
2024-09-25,1.11791,1.12136,1.11212,1.11325,70942,7,0,-0.004168492991385664,-1
2024-09-26,1.11325,1.1189,1.11253,1.11766,85310,7,0,0.00396137435436783,1
2024-09-27,1.11766,1.12027,1.11242,1.11612,90942,7,0,-0.001377878782456321,-1
2024-09-30,1.1153,1.12086,1.11133,1.11344,84218,7,0,-0.0024011755008421787,-1
2024-10-01,1.11344,1.11437,1.10455,1.10671,95712,7,0,-0.006044331082051935,-1
2024-10-02,1.10671,1.10826,1.10323,1.10442,68013,7,0,-0.002069196085695557,-1
2024-10-03,1.10442,1.10491,1.1008,1.10299,81313,7,0,-0.0012947972691549348,-1
2024-10-04,1.10299,1.10393,1.09509,1.09761,77923,7,0,-0.0048776507493267784,-1
2024-10-07,1.09603,1.09865,1.09539,1.09709,69534,7,0,-0.00047375661664894597,-1
2024-10-08,1.09685,1.09969,1.09606,1.09789,66913,7,0,0.0007292017974824816,1
2024-10-09,1.09789,1.09807,1.09359,1.09385,62663,7,0,-0.003679785770887789,-1
2024-10-10,1.09385,1.09545,1.08999,1.09362,79278,7,0,-0.00021026648992084063,-1
2024-10-11,1.09362,1.09534,1.09233,1.09369,50448,7,0,6.400760776137382e-05,1
2024-10-14,1.09321,1.09363,1.08878,1.09083,43360,7,0,-0.0026150005943184063,-1
2024-10-15,1.09083,1.09163,1.08816,1.08881,53400,7,0,-0.0018518009222334708,-1
2024-10-16,1.08881,1.09011,1.08529,1.08617,52752,7,0,-0.002424665460456832,-1
2024-10-17,1.08617,1.08734,1.08107,1.0830899999999999,65495,7,0,-0.0028356518776988526,-1
2024-10-18,1.0830899999999999,1.08692,1.08232,1.08662,48527,7,0,0.0032591936034862545,1
2024-10-21,1.08603,1.08713,1.08108,1.08146,48511,7,0,-0.004748670188290172,-1
2024-10-22,1.08146,1.08378,1.07923,1.07974,50504,7,0,-0.001590442549886384,-1
2024-10-23,1.07974,1.08064,1.07609,1.07815,59639,7,0,-0.0014725767314353044,-1
2024-10-24,1.07815,1.08295,1.07703,1.08274,60778,7,0,0.0042572925845199006,1
2024-10-25,1.08272,1.0839,1.07926,1.07948,49052,7,0,-0.0030108798049393037,-1
2024-10-28,1.07908,1.08273,1.07817,1.08118,52494,7,0,0.001574832326675768,1
2024-10-29,1.08118,1.0826,1.07685,1.08178,65985,7,0,0.0005549492221461616,1
2024-10-30,1.08178,1.08709,1.08078,1.08556,70795,7,0,0.003494240973210827,1
2024-10-31,1.08556,1.08879,1.08438,1.0883,76687,7,0,0.0025240428903055,1
2024-11-01,1.0883,1.09055,1.08315,1.08338,66297,7,0,-0.004520812276026853,-1
2024-11-04,1.08778,1.09144,1.08695,1.08764,64146,7,0,0.0039321383078883,1
2024-11-05,1.08737,1.0936,1.08716,1.0925799999999999,47343,7,0,0.004541944025596711,1
2024-11-06,1.09259,1.09364,1.06831,1.0727,166982,7,0,-0.01819546394771998,-1
2024-11-07,1.0727,1.08242,1.07128,1.08035,90596,7,0,0.007131537242472286,1
2024-11-08,1.08035,1.0805,1.06867,1.07153,79152,7,0,-0.008164020919146364,-1
2024-11-11,1.07069,1.07275,1.063,1.06551,61789,7,0,-0.005618134816570808,-1
2024-11-12,1.06551,1.06628,1.05948,1.06204,75166,7,0,-0.0032566564368236017,-1
2024-11-13,1.06204,1.06527,1.05562,1.05629,86396,7,0,-0.005414108696471076,-1
2024-11-14,1.05629,1.05806,1.04988,1.05298,92968,7,0,-0.003133609141428906,-1
2024-11-15,1.05298,1.05899,1.05165,1.05405,90092,7,0,0.0010161636498318138,1
2024-11-18,1.0529,1.06068,1.0529,1.05979,70682,7,0,0.005445661970494786,1
2024-11-19,1.05979,1.06005,1.05244,1.05947,90142,7,0,-0.0003019466120647296,-1
2024-11-20,1.05947,1.06094,1.0508,1.05432,70323,7,0,-0.004860921026551002,-1
2024-11-21,1.05432,1.05545,1.04627,1.04739,78270,7,0,-0.00657295697700877,-1
2024-11-22,1.04739,1.04973,1.03368,1.04139,100027,7,0,-0.005728525191189493,-1
2024-11-25,1.04757,1.05293,1.04489,1.04943,93324,7,0,0.007720450551666591,1
2024-11-26,1.04943,1.05441,1.04261,1.04881,106586,7,0,-0.0005907969087981524,-1
2024-11-27,1.04881,1.05868,1.0474,1.05656,94608,7,0,0.007389326951497299,1
2024-11-28,1.05656,1.0569,1.0528,1.05536,63542,7,0,-0.0011357613386838716,-1
2024-11-29,1.05518,1.05958,1.05413,1.05757,92434,7,0,0.0020940721649482796,1
2024-12-02,1.05658,1.05688,1.04611,1.04979,104809,7,0,-0.007356487041046855,-1
2024-12-03,1.04973,1.05342,1.04802,1.05082,85330,7,0,0.0009811486106745537,1
2024-12-04,1.05061,1.05434,1.04724,1.05087,93170,7,0,4.758188842979294e-05,1
2024-12-05,1.05087,1.05892,1.05064,1.05836,74598,7,0,0.007127427750340143,1
2024-12-06,1.05836,1.06269,1.0542,1.0568,77785,7,0,-0.001473978608413029,-1
2024-12-09,1.05546,1.05932,1.05318,1.0553,65284,7,0,-0.0014193792581378428,-1
2024-12-10,1.0553,1.05675,1.04986,1.0527,67024,7,0,-0.0024637543826399044,-1
2024-12-11,1.05266,1.0539,1.04804,1.04932,83823,7,0,-0.0032107912985654963,-1
2024-12-12,1.04932,1.05302,1.04639,1.04658,85325,7,0,-0.002611214882018764,-1
2024-12-13,1.04658,1.05234,1.04536,1.04983,73327,7,0,0.0031053526725142166,1
2024-12-16,1.04845,1.05231,1.04749,1.05099,68947,7,0,0.0011049407999390581,1
2024-12-17,1.05099,1.05333,1.0479,1.04907,71197,7,0,-0.0018268489709704072,-1
2024-12-18,1.04905,1.0512299999999999,1.03445,1.03513,84037,7,0,-0.013287959812023797,-1
2024-12-19,1.03513,1.04219,1.03472,1.03586,97060,7,0,0.0007052254306221251,1
2024-12-20,1.03586,1.04472,1.0343,1.04218,85715,7,0,0.006101210588303596,1
2024-12-23,1.04292,1.04451,1.03839,1.04048,61865,7,0,-0.00163119614653906,-1
2024-12-24,1.04048,1.04096,1.03833,1.03894,50092,7,0,-0.001480086114101331,-1
2024-12-25,1.03894,1.04105,1.03894,1.04007,1898,7,0,0.0010876470248524228,1
2024-12-26,1.03954,1.04298,1.03901,1.04132,53536,7,0,0.001201842183699231,1
2024-12-27,1.04138,1.04438,1.04048,1.04152,58121,7,0,0.00019206391887216512,1
2024-12-30,1.04233,1.04581,1.03715,1.04064,63771,7,0,-0.0008449189645901578,-1
2024-12-31,1.04067,1.04241,1.0344,1.03511,63816,7,0,-0.005314037515375181,-1
2025-01-02,1.03499,1.03751,1.02244,1.02655,75115,7,0,-0.00826965250070033,-1
2025-01-03,1.02655,1.03096,1.02557,1.0306,59268,7,0,0.003945253519068714,1
2025-01-06,1.03018,1.04356,1.02951,1.03894,93520,7,0,0.00809237337473312,1
2025-01-07,1.03894,1.04339,1.03393,1.034,75479,7,0,-0.004754846285637271,-1
2025-01-08,1.034,1.03573,1.02738,1.0318,78420,7,0,-0.0021276595744680327,-1
2025-01-09,1.0318,1.03213,1.02843,1.02988,55506,7,0,-0.001860825741422878,-1
2025-01-10,1.02988,1.03116,1.0217,1.02364,77819,7,0,-0.006058958325241615,-1
2025-01-13,1.0231,1.02497,1.0179,1.02439,75522,7,0,0.0007326794576216766,1
2025-01-14,1.02439,1.03082,1.02377,1.03075,79649,7,0,0.006208572906803322,1
2025-01-15,1.03075,1.03514,1.02643,1.02883,71041,7,0,-0.0018627213194277736,-1
2025-01-16,1.02883,1.03145,1.02632,1.02976,74647,7,0,0.0009039394263388179,1
2025-01-17,1.02977,1.03292,1.02654,1.02657,65681,7,0,-0.00309780919825986,-1
2025-01-20,1.02758,1.04337,1.02662,1.04154,85179,7,0,0.014582541862707687,1
2025-01-21,1.04154,1.0435,1.03432,1.04247,89527,7,0,0.0008929085776832046,1
2025-01-22,1.04247,1.04561,1.03938,1.04086,71403,7,0,-0.0015444089518165116,-1
2025-01-23,1.04086,1.0437400000000001,1.03771,1.0415,71241,7,0,0.0006148761600985875,1
2025-01-24,1.0415,1.0521,1.0411,1.04879,79622,7,0,0.0069995199231875915,1
2025-01-27,1.04785,1.05318,1.04539,1.04915,85683,7,0,0.00034325270073143344,1
2025-01-28,1.04915,1.04932,1.0414,1.04301,80349,7,0,-0.005852356669684977,-1
2025-01-29,1.04301,1.04434,1.03827,1.04207,79032,7,0,-0.0009012377637798163,-1
2025-01-30,1.04206,1.04657,1.03861,1.03884,77741,7,0,-0.0030995998349440113,-1
2025-01-31,1.03884,1.04326,1.03502,1.03585,94525,7,0,-0.0028782103115013724,-1
2025-02-03,1.02322,1.03495,1.02121,1.03436,131291,7,0,-0.0014384322054351584,-1
2025-02-04,1.03436,1.0387,1.02726,1.03783,83867,7,0,0.003354731428129476,1
2025-02-05,1.03783,1.0441799999999999,1.03695,1.04021,77035,7,0,0.002293246485455258,1
2025-02-06,1.0402,1.04054,1.03527,1.0383,68221,7,0,-0.0018361676969074203,-1
2025-02-07,1.0383,1.03997,1.03068,1.03272,81836,7,0,-0.005374169315226718,-1
2025-02-10,1.0289,1.03359,1.02756,1.03063,59034,7,0,-0.002023781857618867,-1
2025-02-11,1.03063,1.03762,1.02917,1.0360800000000001,59512,7,0,0.005288027711205956,1
2025-02-12,1.0360800000000001,1.04291,1.03178,1.03824,79230,7,0,0.0020847810979847115,1
2025-02-13,1.03824,1.04666,1.03768,1.04642,86382,7,0,0.00787871783017402,1
2025-02-14,1.04642,1.05136,1.0447,1.04907,68350,7,0,0.0025324439517593333,1
2025-02-17,1.04843,1.05059,1.04668,1.04836,46833,7,0,-0.0006767899186899129,-1
2025-02-18,1.04836,1.04861,1.0435,1.04454,57536,7,0,-0.003643786485558298,-1
2025-02-19,1.04452,1.04611,1.04006,1.0422,60541,7,0,-0.002240220575564389,-1
2025-02-20,1.0422,1.05031,1.04146,1.05008,62616,7,0,0.007560928804452027,1
2025-02-21,1.05008,1.05053,1.04492,1.04543,66702,7,0,-0.004428234039311141,-1
2025-02-24,1.04698,1.05277,1.04527,1.04675,77071,7,0,0.0012626383402045693,1
2025-02-25,1.04675,1.05188,1.04563,1.05128,66910,7,0,0.004327680917124432,1
2025-02-26,1.05128,1.0526200000000001,1.04748,1.04838,69734,7,0,-0.0027585419678867185,-1
2025-02-27,1.04838,1.04922,1.03968,1.03977,76604,7,0,-0.008212670978080427,-1
2025-02-28,1.03977,1.04195,1.03598,1.03738,77622,7,0,-0.0022985852640489135,-1
2025-03-03,1.04028,1.05023,1.03883,1.04863,95172,7,0,0.010844627812373497,1
2025-03-04,1.0486,1.06272,1.04709,1.06253,120970,7,0,0.01325539036647827,1
2025-03-05,1.06253,1.07964,1.06017,1.0788,145615,7,0,0.01531250882328039,1
2025-03-06,1.0788,1.08526,1.07657,1.07783,136515,7,0,-0.0008991472005931422,-1
2025-03-07,1.07783,1.0888,1.07769,1.08271,116433,7,0,0.004527615672230256,1
2025-03-10,1.08301,1.08741,1.08052,1.08324,102019,7,0,0.0004895124271502294,1
2025-03-11,1.08321,1.09469,1.08274,1.09176,102201,7,0,0.007865293009859498,1
2025-03-12,1.09176,1.09306,1.08754,1.08875,98570,7,0,-0.0027570161940352333,-1
2025-03-13,1.08875,1.08968,1.08222,1.0852,97602,7,0,-0.0032606199770380817,-1
2025-03-14,1.08505,1.09122,1.08303,1.08752,96184,7,0,0.002137854773313741,1
2025-03-17,1.08774,1.09292,1.08683,1.09222,73803,7,0,0.004321759599823283,1
2025-03-18,1.09221,1.09543,1.08923,1.09434,74481,7,0,0.0019410008972553516,1
2025-03-19,1.09434,1.09457,1.08602,1.09013,83938,7,0,-0.0038470676389422698,-1
2025-03-20,1.09013,1.09171,1.0814300000000001,1.0849,80390,7,0,-0.004797592947630158,-1
2025-03-21,1.0849,1.08609,1.07977,1.08096,72963,7,0,-0.0036316711217624364,-1
2025-03-24,1.08124,1.0858,1.07814,1.08004,83711,7,0,-0.000851095322676132,-1
2025-03-25,1.08004,1.08299,1.07765,1.07902,72382,7,0,-0.0009444094663159097,-1
2025-03-26,1.07902,1.0802100000000001,1.07437,1.07534,75961,7,0,-0.0034105021222963217,-1
2025-03-27,1.07534,1.08208,1.07328,1.08007,81853,7,0,0.00439860881209686,1
2025-03-28,1.08007,1.08445,1.07643,1.08241,74330,7,0,0.00216652624366942,1
2025-03-31,1.08213,1.0849,1.0783800000000001,1.08158,90073,7,0,-0.0007668074020011906,-1
2025-04-01,1.08158,1.08298,1.07782,1.07928,78509,6,0,-0.0021265186116606882,-1
2025-04-02,1.07928,1.09241,1.07799,1.08504,84357,6,0,0.005336891260840471,1
2025-04-03,1.08504,1.11462,1.08048,1.10516,192140,6,0,0.018543095185430847,1
2025-04-04,1.10516,1.11074,1.09241,1.09518,240827,6,0,-0.009030366643743792,-1
2025-04-07,1.0889199999999999,1.10498,1.0879,1.09051,251309,6,0,-0.0042641392282546375,-1
2025-04-08,1.09035,1.09915,1.08884,1.09518,173538,6,0,0.0042823999779919575,1
2025-04-09,1.09518,1.10948,1.0913,1.09476,264055,6,0,-0.0003834986029694898,-1
2025-04-10,1.09476,1.12413,1.09426,1.1195599999999999,207320,6,0,0.022653366948006903,1
2025-04-11,1.1195599999999999,1.14734,1.11822,1.1351499999999999,269965,6,0,0.013925113437421865,1
2025-04-14,1.13122,1.14243,1.1295600000000001,1.13494,168527,6,0,-0.00018499757741252676,-1
2025-04-15,1.13494,1.13786,1.12639,1.1280000000000001,127106,6,0,-0.006114860697481794,-1
2025-04-16,1.1280000000000001,1.14124,1.12791,1.13982,146983,6,0,0.010478723404255375,1
2025-04-17,1.13977,1.14092,1.13349,1.13573,124403,6,0,-0.0035882858696988373,-1
2025-04-18,1.13565,1.13972,1.13565,1.13884,129280,6,0,0.0027383268910745606,1
2025-04-21,1.13896,1.1573,1.13769,1.15131,122648,6,0,0.01094973833023083,1
2025-04-22,1.1513,1.1547,1.14176,1.14201,139945,6,0,-0.008077754905281842,-1
2025-04-23,1.14201,1.14396,1.13075,1.13109,172972,6,0,-0.009562087897654226,-1
2025-04-24,1.13109,1.13977,1.13089,1.13849,115264,6,0,0.006542361792607254,1
2025-04-25,1.13839,1.13909,1.13156,1.13595,109026,6,0,-0.0022310253054483864,-1
2025-04-28,1.13571,1.14247,1.13291,1.14155,102055,6,0,0.0049297944451780484,1
2025-04-29,1.14155,1.14219,1.137,1.13785,105316,6,0,-0.0032412071306556767,-1
2025-04-30,1.13786,1.13991,1.13168,1.13274,110359,6,0,-0.00449092586896338,-1
2025-05-01,1.13274,1.13408,1.12656,1.12882,91721,6,0,-0.003460635273761059,-1
2025-05-02,1.12882,1.13807,1.1274,1.12948,120054,6,0,0.0005846813486649616,1
2025-05-05,1.13003,1.13645,1.12908,1.13136,103005,6,0,0.0016644827708325316,1
2025-05-06,1.13136,1.13808,1.12796,1.1367099999999999,107842,6,0,0.004728821948804862,1
2025-05-07,1.1367099999999999,1.13778,1.12914,1.1295600000000001,128819,6,0,-0.006290082782767659,-1
2025-05-08,1.1295600000000001,1.13361,1.12117,1.1223,123776,6,0,-0.006427281419313702,-1
2025-05-09,1.1223,1.12926,1.11964,1.12494,83328,6,0,0.002352312215984975,1
2025-05-12,1.11886,1.12427,1.10651,1.1083,147020,6,0,-0.014791900012445125,-1
2025-05-13,1.10809,1.11944,1.10806,1.11844,106904,6,0,0.009149147342777164,1
2025-05-14,1.11844,1.12656,1.11642,1.11659,121203,6,0,-0.0016540896248347092,-1
2025-05-15,1.11659,1.1227800000000001,1.11659,1.1186,99236,6,0,0.0018001235905749091,1
2025-05-16,1.11856,1.12193,1.11308,1.11608,88624,6,0,-0.002252816020025139,-1
2025-05-19,1.11737,1.12879,1.11708,1.12375,109256,6,0,0.006872267220987771,1
2025-05-20,1.12328,1.12854,1.12177,1.12816,96738,6,0,0.0039243604004448596,1
2025-05-21,1.12813,1.13625,1.12801,1.13243,119745,6,0,0.0037849241242375875,1
2025-05-22,1.13243,1.13447,1.12557,1.12786,114916,6,0,-0.0040355695274763015,-1
2025-05-23,1.12786,1.13754,1.12772,1.13577,115097,6,0,0.0070132817902930356,1
2025-05-26,1.1360000000000001,1.14187,1.13588,1.13804,69099,6,0,0.001998644091673496,1
2025-05-27,1.13804,1.14069,1.13229,1.1324,99787,6,0,-0.004955889072440267,-1
2025-05-28,1.1324,1.13449,1.12835,1.12917,101027,6,0,-0.002852348993288678,-1
2025-05-29,1.12917,1.13843,1.12099,1.13649,132269,6,0,0.006482637689630533,1
2025-05-30,1.13636,1.13896,1.13124,1.13466,118322,6,0,-0.0016102209434311066,-1
2025-06-02,1.13425,1.14496,1.1342,1.14389,101186,6,0,0.008134595385401955,1
2025-06-03,1.14389,1.14543,1.1363699999999999,1.13713,89146,6,0,-0.005909659145547308,-1
2025-06-04,1.13711,1.14343,1.13569,1.1414900000000001,94008,6,0,0.0038342142059395456,1
2025-06-05,1.1414900000000001,1.14947,1.14043,1.1443699999999999,111334,6,0,0.0025230181604742885,1
2025-06-06,1.14434,1.14572,1.13714,1.13908,99336,6,0,-0.004622630792488258,-1
2025-06-09,1.13936,1.14391,1.13862,1.1418,66741,6,0,0.0023878919830035983,1
2025-06-10,1.1418,1.14473,1.13726,1.1421000000000001,86287,6,0,0.0002627430373096651,1
2025-06-11,1.1421000000000001,1.14992,1.1405,1.14868,94543,6,0,0.0057613168724277575,1
2025-06-12,1.14868,1.16313,1.14832,1.15821,120023,6,0,0.00829647943726708,1
2025-06-13,1.15821,1.1614200000000001,1.14887,1.15415,134970,6,0,-0.0035054092090380795,-1
2025-06-16,1.1526399999999999,1.16145,1.15235,1.15588,96346,6,0,0.0014989386128319016,1
2025-06-17,1.15588,1.15797,1.14744,1.14795,108012,6,0,-0.006860573761982236,-1
2025-06-18,1.14795,1.15301,1.14606,1.14785,108192,6,0,-8.711180800557994e-05,-1
2025-06-19,1.14785,1.14998,1.1446,1.1491500000000001,75357,0,0,0.0011325521627389978,1
2025-06-20,1.1485400000000001,1.15436,1.1485400000000001,1.15211,83978,6,0,0.002575816908149342,1
2025-06-23,1.14561,1.15815,1.14531,1.15757,122740,6,0,0.00473913081216204,1
2025-06-24,1.15757,1.16416,1.15728,1.16087,112702,6,0,0.002850799519683589,1
2025-06-25,1.16087,1.16648,1.15897,1.1659,81505,6,0,0.004332957178667662,1
2025-06-26,1.1659,1.17447,1.16533,1.17002,109500,6,0,0.0035337507504933363,1
2025-06-27,1.17002,1.17535,1.16806,1.17093,99002,6,0,0.0007777644826583163,1
2025-06-30,1.17264,1.17882,1.17075,1.17868,89965,6,0,0.006618670629328749,1
2025-07-01,1.17868,1.18295,1.1761,1.18056,94103,6,0,0.0015950045813961644,1
2025-07-02,1.18056,1.18099,1.17465,1.17981,83636,6,0,-0.0006352917259605517,-1
2025-07-03,1.17981,1.18097,1.17174,1.17563,80544,6,0,-0.0035429433552860434,-1
2025-07-04,1.17563,1.17872,1.17523,1.17717,70842,6,0,0.0013099359492358964,1
2025-07-07,1.17767,1.17899,1.16866,1.17076,78427,6,0,-0.005445262791270666,-1
2025-07-08,1.17076,1.17649,1.16824,1.17248,85625,6,0,0.0014691311626635617,1
2025-07-09,1.17248,1.17289,1.16892,1.17188,70841,6,0,-0.0005117358078602363,-1
2025-07-10,1.17188,1.17493,1.16623,1.17001,64238,6,0,-0.0015957265249001429,-1
2025-07-11,1.17001,1.17137,1.16644,1.16826,79006,6,0,-0.0014957137118485342,-1
2025-07-14,1.16612,1.16975,1.16538,1.16635,66210,6,0,-0.0016349100371493286,-1
2025-07-15,1.16635,1.16923,1.1592500000000001,1.16008,74678,6,0,-0.00537574484502934,-1
2025-07-16,1.16008,1.17214,1.1562000000000001,1.16326,109087,6,0,0.002741190262740556,1
2025-07-17,1.16306,1.16421,1.15564,1.15941,74595,6,0,-0.003309664219520947,-1
2025-07-18,1.15941,1.16717,1.15886,1.16201,68018,6,0,0.0022425199023641262,1
2025-07-21,1.16246,1.17164,1.16143,1.16911,63911,6,0,0.006110102322699484,1
2025-07-22,1.16911,1.17603,1.1678600000000001,1.17536,64560,6,0,0.00534594691688528,1
2025-07-23,1.17536,1.17749,1.17106,1.17677,80421,6,0,0.0011996324530356706,1
2025-07-24,1.1767,1.17885,1.17301,1.17452,77378,6,0,-0.001912013392591616,-1
2025-07-25,1.17452,1.17606,1.17026,1.17395,78959,6,0,-0.0004853046350848933,-1
2025-07-28,1.17549,1.1770100000000001,1.15849,1.15887,89900,6,0,-0.012845521529877724,-1
2025-07-29,1.15887,1.15989,1.15187,1.15465,89184,6,0,-0.0036414783366556236,-1
2025-07-30,1.15465,1.15724,1.14007,1.14045,106463,6,0,-0.012298098991036288,-1
2025-07-31,1.14045,1.14605,1.14012,1.14137,91173,6,0,0.0008066991100004195,1
2025-08-01,1.14135,1.15967,1.13913,1.15829,138557,6,0,0.014824290107502414,1
2025-08-04,1.15892,1.15962,1.15495,1.15673,94856,6,0,-0.0013468129742982837,-1
2025-08-05,1.15673,1.15875,1.15274,1.15745,79617,6,0,0.0006224443042024408,1
2025-08-06,1.15745,1.16683,1.1564,1.16588,72418,6,0,0.007283251976327287,1
2025-08-07,1.16588,1.16987,1.16106,1.16648,86488,6,0,0.0005146327237794956,1
2025-08-08,1.16648,1.16791,1.16284,1.16382,68515,6,0,-0.0022803648583772373,-1
2025-08-11,1.16432,1.1675200000000001,1.15897,1.16148,56870,6,0,-0.0020106201989998906,-1
2025-08-12,1.16148,1.16972,1.15984,1.16741,96241,6,0,0.005105554981575278,1
2025-08-13,1.16741,1.17299,1.16684,1.17048,61738,6,0,0.0026297530430610117,1
2025-08-14,1.17048,1.17148,1.16307,1.1647,79477,6,0,-0.0049381450345156175,-1
2025-08-15,1.1647,1.17149,1.1645699999999999,1.16982,58338,6,0,0.004395981797887805,1
2025-08-18,1.17083,1.1715200000000001,1.16558,1.16599,58471,6,0,-0.0032740079670376954,-1
2025-08-19,1.16599,1.16927,1.16388,1.16463,58302,6,0,-0.0011663907923739059,-1
2025-08-20,1.16463,1.16733,1.1622,1.16504,67773,6,0,0.00035204313816405985,1
2025-08-21,1.16504,1.16624,1.16008,1.16055,66029,6,0,-0.0038539449289295424,-1
2025-08-22,1.16055,1.17423,1.15827,1.1716199999999999,80804,6,0,0.009538580845288802,1
2025-08-25,1.17206,1.1726,1.16025,1.16175,57437,6,0,-0.008424233113125235,-1
2025-08-26,1.16175,1.1665,1.16017,1.1642000000000001,84845,6,0,0.002108887454271624,1
2025-08-27,1.16421,1.16474,1.15738,1.16381,67722,6,0,-0.00033499398728753516,-1
2025-08-28,1.16381,1.1697,1.16287,1.16819,68659,6,0,0.003763500915097806,1
2025-08-29,1.16819,1.17086,1.16507,1.1684,68195,6,0,0.00017976527790852792,1
2025-09-01,1.16937,1.1736,1.16859,1.17108,44277,6,0,0.0022937350222524966,1
2025-09-02,1.17108,1.17179,1.16126,1.1637,95764,6,0,-0.006301875192130324,-1
2025-09-03,1.16366,1.16817,1.16078,1.16604,76642,6,0,0.002010827532869408,1
2025-09-04,1.16604,1.16692,1.16296,1.16489,70323,6,0,-0.000986244039655526,-1
2025-09-05,1.16489,1.17592,1.16435,1.1715,89666,6,0,0.005674355518546781,1
2025-09-08,1.17072,1.17653,1.17035,1.17629,67494,6,0,0.0040887750746905205,1
2025-09-09,1.17629,1.17797,1.17035,1.17078,78052,6,0,-0.0046842190276208395,-1
2025-09-10,1.17078,1.17303,1.1682,1.1694499999999999,79161,6,0,-0.00113599480688098,-1
2025-09-11,1.1694499999999999,1.17458,1.16593,1.17333,85533,6,0,0.003317798965325691,1
2025-09-12,1.17333,1.17474,1.1701,1.17307,66081,6,0,-0.00022159153861223135,-1
2025-09-15,1.17296,1.17741,1.17159,1.17607,55912,6,0,0.0025573921419863588,1
2025-09-16,1.17607,1.1878199999999999,1.17571,1.18664,82782,6,0,0.008987560264269945,1
2025-09-17,1.18664,1.19184,1.18075,1.1812,95697,6,0,-0.00458437268253209,-1
2025-09-18,1.1812,1.1848,1.17499,1.17846,100757,6,0,-0.002319674906874347,-1
2025-09-19,1.17846,1.17922,1.17286,1.17405,84359,6,0,-0.003742171987169751,-1
2025-09-22,1.17395,1.18035,1.17258,1.1803,63516,6,0,0.005323453004556722,1
2025-09-23,1.18028,1.18198,1.1778,1.18146,73039,6,0,0.0009828009828010131,1
2025-09-24,1.18146,1.18188,1.17279,1.17376,76702,6,0,-0.006517359876762718,-1
2025-09-25,1.17376,1.17537,1.16453,1.16651,86128,6,0,-0.006176731188658691,-1
2025-09-26,1.16651,1.17068,1.16498,1.1701,78265,6,0,0.003077556128965764,1
2025-09-29,1.16984,1.17543,1.16974,1.17257,67518,6,0,0.002110930689684709,1
2025-09-30,1.17257,1.1761300000000001,1.1712,1.17328,77391,6,0,0.0006055075603164095,1
2025-10-01,1.17328,1.17784,1.1715200000000001,1.17231,102454,6,0,-0.0008267421246421769,-1
2025-10-02,1.17258,1.1758,1.16827,1.1715200000000001,69964,6,0,-0.0006738831878938534,-1
2025-10-03,1.1715200000000001,1.17586,1.1712,1.17378,63107,6,0,0.0019291177273967897,1
2025-10-06,1.17185,1.17305,1.16516,1.17075,89119,6,0,-0.0025814036701937715,-1
2025-10-07,1.17075,1.17141,1.16474,1.16566,69777,6,0,-0.00434764040145208,-1
2025-10-08,1.16566,1.16609,1.15982,1.16251,82184,6,0,-0.0027023317262323543,-1
2025-10-09,1.16251,1.1648,1.15418,1.15637,94871,6,0,-0.005281674996344132,-1
2025-10-10,1.15637,1.16304,1.15524,1.16109,89105,6,0,0.004081738543891822,1
2025-10-13,1.16092,1.16296,1.15572,1.1569099999999999,78518,6,0,-0.003600065455735657,-1
2025-10-14,1.1569099999999999,1.16147,1.15421,1.1606,99378,6,0,0.0031895307327278744,1
2025-10-15,1.1606,1.16474,1.16015,1.16471,80375,6,0,0.0035412717559881735,1
2025-10-16,1.16471,1.16938,1.16415,1.16868,89016,6,0,0.003408573808072468,1
2025-10-17,1.16868,1.17281,1.16458,1.16464,100469,6,0,-0.0034568915357497954,-1
2025-10-20,1.1660300000000001,1.16753,1.16379,1.16413,63112,6,0,-0.00043790355818085214,-1
2025-10-21,1.16413,1.16548,1.15974,1.1599,79151,6,0,-0.0036336148024707082,-1
2025-10-22,1.1599,1.16222,1.15765,1.16101,69074,6,0,0.0009569790499182051,1
2025-10-23,1.16101,1.16198,1.15851,1.16176,53534,6,0,0.000645989267964886,1
2025-10-24,1.16178,1.1648100000000001,1.16006,1.16209,69324,6,0,0.0002840517835009937,1
2025-10-27,1.16313,1.16517,1.16173,1.16441,54538,6,0,0.0019964030324672866,1
2025-10-28,1.16441,1.16685,1.16252,1.16507,68747,6,0,0.0005668106594756139,1
2025-10-29,1.16507,1.16657,1.15772,1.16005,92571,6,0,-0.0043087539804474995,-1
2025-10-30,1.16005,1.1637,1.15468,1.15641,89027,6,0,-0.0031377957846645543,-1
2025-10-31,1.15641,1.15773,1.15212,1.15351,69830,6,0,-0.0025077610881952817,-1
2025-11-03,1.15263,1.1541,1.15049,1.15194,61675,6,0,-0.0013610631897427172,-1
2025-11-04,1.15194,1.15332,1.14728,1.14815,67274,6,0,-0.003290101915030208,-1
2025-11-05,1.14815,1.14977,1.14685,1.14919,62529,6,0,0.0009058049906369714,1
2025-11-06,1.14919,1.1552,1.1489,1.15463,65247,6,0,0.004733769002514876,1
2025-11-07,1.15463,1.15907,1.15293,1.15662,67304,6,0,0.0017234958384937382,1
2025-11-10,1.15548,1.15827,1.15409,1.15563,64435,6,0,-0.0008559423146755618,-1
2025-11-11,1.15563,1.16055,1.15467,1.15819,59965,6,0,0.0022152419026852943,1
2025-11-12,1.1582,1.15974,1.15627,1.15927,58135,6,0,0.0009324894879079171,1
2025-11-13,1.15927,1.16559,1.15788,1.16327,74890,6,0,0.003450447264226719,1
2025-11-14,1.1632500000000001,1.16534,1.16058,1.16143,86399,6,0,-0.0015817480034729936,-1
2025-11-17,1.1611,1.16243,1.15816,1.15913,61050,6,0,-0.001980317367383244,-1
2025-11-18,1.15913,1.16074,1.15711,1.15805,72829,6,0,-0.0009317332827206704,-1
2025-11-19,1.15805,1.1597,1.15176,1.15365,80736,6,0,-0.0037994905228616593,-1
2025-11-20,1.15365,1.15497,1.14996,1.15272,94138,6,0,-0.0008061370432974613,-1
2025-11-21,1.15272,1.15522,1.14908,1.15101,97884,6,0,-0.001483447845096686,-1
2025-11-24,1.15102,1.15501,1.15015,1.1520299999999999,66450,6,0,0.0008861782260796147,1
2025-11-25,1.1520299999999999,1.15858,1.15113,1.15698,84637,6,0,0.004296763105127388,1
2025-11-26,1.15698,1.16006,1.15468,1.15946,87678,6,0,0.002143511555947386,1
2025-11-27,1.15946,1.16132,1.15762,1.1595,44473,6,0,3.449881841555147e-05,1
2025-11-28,1.1595,1.16072,1.15548,1.15924,105428,6,0,-0.0002242345838723292,-1
2025-12-01,1.15897,1.16521,1.15888,1.16096,79346,6,0,0.0014837307201269745,1
2025-12-02,1.16096,1.16257,1.1590799999999999,1.16233,55966,6,0,0.001180057883131358,1
2025-12-03,1.16232,1.16773,1.1618,1.16707,61458,6,0,0.004078015709824134,1
2025-12-04,1.16707,1.16817,1.16407,1.1644,64372,6,0,-0.002287780510166426,-1
2025-12-05,1.1644,1.16714,1.16276,1.16349,61638,6,0,-0.0007815183785642166,-1
2025-12-08,1.16336,1.16718,1.16161,1.16365,67553,6,0,0.0001375172970976557,1
2025-12-09,1.16365,1.1656900000000001,1.16147,1.16257,63159,6,0,-0.0009281141236625601,-1
2025-12-10,1.16257,1.16994,1.1620300000000001,1.16947,78014,6,0,0.005935126487007114,1
2025-12-11,1.16947,1.1762299999999999,1.1682,1.17373,71670,6,0,0.003642675742002721,1
2025-12-12,1.17374,1.17494,1.17191,1.17401,63276,6,0,0.00023855571553932364,1
2025-12-15,1.17358,1.17685,1.1726,1.17531,60472,6,0,0.0011073159513121933,1
2025-12-16,1.17531,1.18038,1.17353,1.17465,82164,6,0,-0.0005615539729943997,-1
2025-12-17,1.17465,1.17578,1.17028,1.17402,81815,6,0,-0.0005363299706294677,-1
2025-12-18,1.17402,1.17626,1.17122,1.17209,79649,6,0,-0.0016439242943050436,-1
2025-12-19,1.17204,1.17375,1.17025,1.1703000000000001,66747,6,0,-0.0015271864788539702,-1
2025-12-22,1.17123,1.17691,1.1706,1.17605,59207,6,0,0.004913270101683187,1
2025-12-23,1.17605,1.1801599999999999,1.1751,1.17943,65590,6,0,0.0028740274648186848,1
2025-12-24,1.17943,1.1807699999999999,1.17723,1.1777199999999999,49139,6,0,-0.0014498528950426248,-1
2025-12-25,1.1777199999999999,1.17839,1.17697,1.17775,1454,6,0,2.5472947729587858e-05,1
2025-12-26,1.17775,1.17965,1.17612,1.17649,61809,6,0,-0.0010698365527489484,-1
2025-12-29,1.17603,1.17888,1.17493,1.17723,67616,6,0,0.0006289896216711277,1
2025-12-30,1.17723,1.17795,1.1743000000000001,1.17476,57636,6,0,-0.0020981456469848503,-1
2025-12-31,1.17476,1.1759,1.17196,1.17454,59264,6,0,-0.00018727229391546363,-1
2026-01-02,1.17441,1.17647,1.17129,1.17134,59130,6,0,-0.002724470856675709,-1
2026-01-05,1.17174,1.17285,1.16587,1.17215,76978,6,0,0.0006915156999676153,1
2026-01-06,1.17215,1.17426,1.16836,1.1688,67725,6,0,-0.0028579959902742536,-1
2026-01-07,1.1688,1.17024,1.16726,1.16743,66200,6,0,-0.001172142368241036,-1
2026-01-08,1.16731,1.16829,1.16424,1.16593,58718,6,0,-0.0012848736112658354,-1
2026-01-09,1.16593,1.16618,1.1617899999999999,1.16305,70696,6,0,-0.0024701311399483172,-1
2026-01-12,1.16267,1.16982,1.16214,1.16663,68224,6,0,0.003078113580671671,1
2026-01-13,1.16663,1.16768,1.16338,1.16421,63743,6,0,-0.0020743509081714295,-1
2026-01-14,1.16417,1.1661299999999999,1.16351,1.16435,56527,6,0,0.00012025321892106255,1
2026-01-15,1.16435,1.16467,1.15928,1.16083,56339,6,0,-0.0030231459612659606,-1
2026-01-16,1.16083,1.16271,1.15842,1.15964,56516,6,0,-0.0010251285717978176,-1
2026-01-19,1.15808,1.16485,1.15774,1.16449,55512,6,0,0.004182332448001036,1
2026-01-20,1.16452,1.17683,1.16322,1.17242,91933,6,0,0.006809848088004111,1
2026-01-21,1.17242,1.17427,1.16759,1.16839,79387,6,0,-0.003437334743521925,-1
2026-01-22,1.16839,1.17561,1.16699,1.17547,65573,6,0,0.006059620503427787,1
2026-01-23,1.17547,1.18334,1.1728,1.1826,77077,6,0,0.0060656588428458225,1
2026-01-26,1.18837,1.19065,1.1834500000000001,1.18799,101150,6,0,0.004557754101133016,1
2026-01-27,1.18799,1.20819,1.185,1.20404,119759,6,0,0.013510214732447068,1
2026-01-28,1.20404,1.20463,1.18953,1.19536,134210,6,0,-0.007209062821833201,-1
2026-01-29,1.19538,1.19962,1.19058,1.19707,126899,6,0,0.00143053138803384,1
2026-01-30,1.19707,1.19743,1.18452,1.18452,149255,6,0,-0.010483931599655882,-1
